candidate_id,kepid,y,koi_disposition,koi_period,koi_time0bk,koi_duration,koi_depth,koi_snr,local_half_window
K06354.01,3746248,0,FALSE POSITIVE,0.62240698,131.68393,1.186,155.8,,0.25
K04569.01,6065351,0,FALSE POSITIVE,14.1166583,136.3632,9.12,449.3,,0.10767421126365662
K06935.01,7943535,0,FALSE POSITIVE,4.719336335,133.514832,2.83787,12367.1,,0.10022136569023132
K02693.01,5185897,1,CONFIRMED,4.081411554,133.85992,2.3239,171.9,,0.09489772468805313
K03964.01,9957351,0,FALSE POSITIVE,0.991105114,131.893383,2.2137,286389.0,,0.25
K04883.01,6802536,0,FALSE POSITIVE,2.9788702,133.5035183,9.3,,,0.25
K00242.01,3642741,0,FALSE POSITIVE,7.258450123,138.344691,5.7297,3714.7,,0.13156390190124512
K02645.01,11303815,0,FALSE POSITIVE,1.705782214,133.15607,1.007,278.0,,0.09839083254337311
K07747.01,5887316,0,FALSE POSITIVE,0.603086711,131.664075,1.0869,1242.8,,0.25
K00713.01,9640985,0,FALSE POSITIVE,2.178150567,171.232233,3.5065,511.3,,0.25
K01953.01,8652999,0,FALSE POSITIVE,15.160166,136.55982,5.856,307.9,,0.0643792450428009
K00646.01,5384802,0,FALSE POSITIVE,3.041547148,170.4878722,3.22798,20690.7,,0.1768825650215149
K00243.01,9592579,0,FALSE POSITIVE,2.637574744,134.212775,5.4573,5423.5,,0.25
K02259.01,8126558,1,CONFIRMED,12.19140405,136.33677,1.8832,665.8,,0.025744915008544922
K07122.01,9007918,0,FALSE POSITIVE,1.387206724,132.8469146,3.82527,151432.0,,0.25
K07560.01,5598645,0,FALSE POSITIVE,0.648772102,131.74503,2.614,31.1,,0.25
K06083.01,10935310,0,FALSE POSITIVE,4.128795314,132.5796644,2.771,154870.0,,0.11185667663812637
K07444.01,11409698,0,FALSE POSITIVE,10.26782676,139.1769796,6.02685,247175.0,,0.09782741963863373
K04444.01,11718389,1,CONFIRMED,5.94373492,135.25897,1.847,301.0,,0.0517912283539772
K04340.01,6528141,0,FALSE POSITIVE,2.022658,131.838,3.343,135.7,,0.25
K02859.02,10397751,1,CONFIRMED,2.005414293,133.24526,1.934,59.5,,0.16073153913021088
K00248.03,5364071,1,CONFIRMED,2.576571021,172.126911,1.5997,852.8,,0.10347732156515121
K00952.03,9787239,1,CONFIRMED,22.78078241,155.20408,3.3002,1925.1,,0.024144619703292847
K02156.01,2556650,1,CONFIRMED,2.852348262,132.044534,0.7051,1402.9,,0.04119997099041939
K04543.01,9776186,0,FALSE POSITIVE,1.48922187,132.3722,1.882,613.6,,0.21062453091144562
K03818.01,6515722,0,FALSE POSITIVE,1.908525084,131.77571,4.169,218.9,,0.25
K04032.02,7100673,1,CONFIRMED,2.89223998,132.86232,2.521,44.3,,0.14527378976345062
K00420.01,8352537,1,CONFIRMED,6.010383339,174.084883,2.1939,2652.1,,0.06083638593554497
K03425.02,9117416,1,CONFIRMED,3.15722086,131.69915,3.762,49.7,,0.1985923796892166
K02716.02,9092504,1,CONFIRMED,6.46004728,135.96779,1.979,394.2,,0.05105741694569588
K02046.01,10663396,1,CONFIRMED,23.8990075,151.39847,15.955,293.4,,0.11126682162284851
K04161.01,5565707,0,FALSE POSITIVE,1.2940561,131.861,0.97,51.2,,0.12493018060922623
K00001.01,11446443,1,CONFIRMED,2.470613377,122.763305,1.74319,14230.9,,0.11759495735168457
K00765.01,11391957,1,CONFIRMED,8.35389523,171.63257,2.2514,1041.6,,0.04491716995835304
K02077.01,4768846,0,FALSE POSITIVE,1.25483232,132.18633,2.67,117.6,,0.25
K03609.01,6233903,0,FALSE POSITIVE,2.995357359,132.796981,6.57901,172404.0,,0.25
K03930.01,11607176,0,FALSE POSITIVE,3.28274272,132.64464,8.9,292.8,,0.25
K07250.01,9906802,0,FALSE POSITIVE,9.26147679,135.1085808,1.77,,,0.031852371990680695
K03592.01,9851126,0,FALSE POSITIVE,8.480303653,135.854594,7.48907,81427.9,,0.1471855640411377
K04032.03,7100673,1,CONFIRMED,5.99273265,131.75079,2.6502,69.8,,0.07370594143867493
K01364.04,6962977,1,CONFIRMED,3.71545593,169.78318,2.558,331.7,,0.11474590003490448
K01482.01,7812167,0,FALSE POSITIVE,17.7940049,365.34666,4.091,879.4,,0.038318149745464325
K03546.01,7287391,0,FALSE POSITIVE,4.286103033,134.590777,2.6422,173359.0,,0.10274290293455124
K03870.01,8258160,0,FALSE POSITIVE,23.6270348,150.0362,11.481,8433.0,,0.08098773658275604
K06694.01,6364294,0,FALSE POSITIVE,5.2436612,132.7337,11.39,88.3,,0.25
K00255.01,7021681,1,CONFIRMED,27.52194772,189.824523,4.047,2312.8,,0.024507712572813034
K06208.01,9579860,0,FALSE POSITIVE,2.151214629,131.74391,2.226,332.6,,0.17246070504188538
K04424.01,7046035,1,CONFIRMED,2.27164952,131.82601,4.054,82.4,,0.25
K00136.01,7601633,0,FALSE POSITIVE,15.663886949,147.395712,2.4775,5144.4,,0.02636105939745903
K03614.01,9886224,0,FALSE POSITIVE,2.992662857,131.893219,2.5258,113705.0,,0.14066624641418457
K01223.01,6613006,0,FALSE POSITIVE,7.388833611,133.9344039,5.62857,13063.5,,0.12696117162704468
K06252.01,1026032,0,FALSE POSITIVE,8.460438928,133.7744903,4.73492,76412.9,,0.09327569603919983
K01087.01,3124412,0,FALSE POSITIVE,0.948950734,134.368152,4.0245,2133.0,,0.25
K00701.02,9002278,1,CONFIRMED,5.71489692,170.921904,2.3572,425.9,,0.06874431669712067
K00490.04,3239945,1,CONFIRMED,21.803708,139.07199,3.369,246.4,,0.02575249969959259
K00603.01,2441151,0,FALSE POSITIVE,2.192009479,171.671953,2.9453,1475.6,,0.22394216060638428
K02693.03,5185897,1,CONFIRMED,6.83440674,136.86023,2.2726,177.1,,0.055420562624931335
K01438.01,11193263,1,CONFIRMED,6.91134223,136.64878,5.6743,201.7,,0.13683545589447021
K00809.01,3935914,1,CONFIRMED,1.594745374,170.6483505,1.9604,15044.5,,0.2048811912536621
K02748.01,9962455,1,CONFIRMED,23.1985852,142.62801,9.821,224.7,,0.07055746018886566
K01661.01,4832197,0,FALSE POSITIVE,0.94773253,137.12993,1.7645,11306.0,,0.25
K01914.01,8426567,1,CONFIRMED,18.93055119,143.25058,3.372,684.0,,0.029687460511922836
K06042.01,7749318,0,FALSE POSITIVE,2.371589507,132.743293,3.5116,235104.0,,0.24678245186805725
K06534.01,5174492,0,FALSE POSITIVE,0.720589427,131.9829699,4.329,70.0,,0.25
K01041.01,5982368,0,FALSE POSITIVE,19.56313723,369.11182,6.8575,5536.0,,0.05842195078730583
K01809.02,8240797,1,CONFIRMED,4.915385452,132.69448,2.7757,225.5,,0.09411605447530746
K01136.01,8386035,0,FALSE POSITIVE,1.63484631,134.512115,6.11,,,0.25
K00526.01,9157634,1,CONFIRMED,2.104721971,171.044219,1.7547,905.5,,0.1389494687318802
K01262.01,8703884,0,FALSE POSITIVE,14.17098745,359.82956,3.4804,3070.8,,0.04093339666724205
K01102.01,3231341,1,CONFIRMED,12.33343853,137.58782,6.221,536.4,,0.08406685292720795
K01074.01,10272640,1,CONFIRMED,3.770551475,357.11836,3.8077,12440.0,,0.16830871999263763
K07433.01,11287726,0,FALSE POSITIVE,4.737713268,132.325253,6.384,105259.0,,0.22458091378211975
K05038.01,4077252,0,FALSE POSITIVE,0.534109403,131.80501,0.9513,78.3,,0.25
K02006.01,10525027,1,CONFIRMED,3.27344784,134.45023,1.7292,262.5,,0.08804173022508621
K06113.01,4346875,0,FALSE POSITIVE,4.694218481,133.780334,4.53365,175471.0,,0.16096574068069458
K01981.01,10153855,1,CONFIRMED,1.06378861,131.52465,1.072,251.5,,0.16795316338539124
K01229.01,6432059,0,FALSE POSITIVE,0.76973817,133.2965754,2.5,,,0.25
K00942.01,9512687,1,CONFIRMED,11.51517167,174.85855,2.006,1357.4,,0.02903416007757187
K03748.02,4247807,0,FALSE POSITIVE,2.02487934,131.9026,1.621,145.8,,0.1334235817193985
K03776.01,9291378,0,FALSE POSITIVE,3.796488133,135.15079,11.0659,3007.6,,0.25
K03344.02,11810124,1,CONFIRMED,3.63898953,131.78562,2.252,209.6,,0.10314218699932098
K02859.01,10397751,1,CONFIRMED,3.4462125,132.22894,2.101,83.5,,0.10160913318395615
K02716.01,9092504,1,CONFIRMED,0.962864171,132.12548,1.6802,303.5,,0.25
K04574.01,6522745,0,FALSE POSITIVE,17.4453935,135.7609,6.39,501.7,,0.06104763597249985
K07772.01,6205566,0,FALSE POSITIVE,3.7228679,134.635,9.557,52.1,,0.25
K04947.01,2574543,0,FALSE POSITIVE,6.70258007,134.37408,4.632,859.0,,0.11517952382564545
K01204.01,3438507,1,CONFIRMED,8.39842977,136.31152,6.344,340.1,,0.12589654326438904
K02428.01,9965184,0,FALSE POSITIVE,16.2276756,136.62586,3.699,525.8,,0.03799065202474594
K02755.01,3545135,1,CONFIRMED,8.48299282,132.96583,2.505,69.1,,0.049216121435165405
K04108.01,9899065,0,FALSE POSITIVE,1.33256418,132.0473,4.701,162.3,,0.25
K04777.01,6592335,1,CONFIRMED,0.824000125,131.80421,0.855,183.1,,0.17293687164783478
K00438.01,12302530,1,CONFIRMED,5.931196562,174.796908,2.4999,1007.4,,0.07024721056222916
K02528.01,9205907,1,CONFIRMED,12.02295362,136.20687,1.2667,778.6,,0.017559466883540154
K01191.01,3859628,1,CONFIRMED,8.17242644,361.20157,3.902,864.3,,0.0795765295624733
K02506.01,6767840,1,CONFIRMED,8.679037,140.90423,2.864,301.6,,0.05499842017889023
K06548.01,5269407,0,FALSE POSITIVE,0.958871144,131.6864267,2.74361,232350.0,,0.25
K01151.01,8280511,1,CONFIRMED,10.43547031,134.82462,3.4167,210.2,,0.05456869676709175
K02218.02,12058204,1,CONFIRMED,16.7261969,143.74673,2.708,194.9,,0.02698361873626709
K01909.01,10130039,1,CONFIRMED,12.75800092,133.95888,4.1828,187.9,,0.05464283376932144
K07608.01,10253638,0,FALSE POSITIVE,7.4539297,137.33196,14.21,,,0.25
K00992.01,1432789,1,CONFIRMED,9.93146307,136.49128,5.678,398.6,,0.09528639912605286
K05463.01,8029848,0,FALSE POSITIVE,1.20608769,132.0861,2.2272,1660.6,,0.25
K00730.03,10227020,1,CONFIRMED,19.7243672,135.05923,7.202,577.9,,0.06085535138845444
K04078.01,5649837,0,FALSE POSITIVE,0.597934463,131.95507,3.1225,515.0,,0.25
K03743.01,4935914,0,FALSE POSITIVE,3.486318703,134.87329,2.7904,60135.0,,0.13339763879776
K06061.01,8695779,0,FALSE POSITIVE,10.238939876,132.722552,3.4851,3153.1,,0.056729506701231
K06722.01,6521542,0,FALSE POSITIVE,2.212877035,132.682428,4.66961,376200.0,,0.25
K06648.01,6035335,0,FALSE POSITIVE,1.044408447,132.31116,3.633,46.2,,0.25
K02334.01,5110683,0,FALSE POSITIVE,12.53449909,134.95078,6.02,,,0.08004574477672577
K02389.01,8494617,1,CONFIRMED,22.9221181,133.66805,8.2,140.3,,0.059622179716825485
K02088.01,12164770,0,FALSE POSITIVE,2.63009438,132.22517,11.226,388.9,,0.25
K00745.01,10485250,0,FALSE POSITIVE,16.46983774,180.881761,9.4378,10478.9,,0.09550590068101883
K00939.02,9466668,1,CONFIRMED,5.83909761,132.09261,3.1915,273.6,,0.0910956934094429
K07321.01,10407047,0,FALSE POSITIVE,0.93374699,131.52406,6.168,172.1,,0.25
K07600.01,9092897,0,FALSE POSITIVE,3.9169155,132.2130377,2.11,,,0.08978153020143509
K00552.01,5122112,0,FALSE POSITIVE,3.055171082,171.099046,1.6798,8665.3,,0.09163698554039001
K06528.01,5125048,0,FALSE POSITIVE,0.56818769,132.06643,2.0,,,0.25
K02422.01,11360805,1,CONFIRMED,26.7838935,140.75396,4.584,365.3,,0.028524605557322502
K02498.01,5959719,1,CONFIRMED,6.73808701,133.32953,2.591,92.9,,0.06408841907978058
K07192.01,9579192,0,FALSE POSITIVE,12.08353781,139.6155998,7.90317,43086.6,,0.10900739580392838
K00829.01,5358241,1,CONFIRMED,18.64932728,174.771,4.4056,893.6,,0.039372287690639496
K07190.01,9541567,0,FALSE POSITIVE,1.12284501,131.671908,0.95,,,0.1410108506679535
K00218.01,9838975,0,FALSE POSITIVE,18.692860599,143.8331829,3.88584,51256.5,,0.03464638441801071
K01500.01,9719634,0,FALSE POSITIVE,3.351556891,134.28439,2.4005,341.9,,0.11937238276004791
K03156.03,4150611,0,FALSE POSITIVE,8.653098686,136.657941,3.9071,60715.0,,0.07525435090065002
K03935.01,5895158,1,CONFIRMED,1.093665854,132.47213,1.4399,218.4,,0.21943020820617676
K00966.02,3233043,0,FALSE POSITIVE,7.76967007,133.0900444,4.74,,,0.10167741775512695
K01109.01,3235672,0,FALSE POSITIVE,6.7210783,134.7775984,7.46,,,0.18499015271663666
K00216.02,6152974,1,CONFIRMED,7.51854537,132.53078,2.845,286.7,,0.0630662739276886
K06923.01,7846730,0,FALSE POSITIVE,11.02822674,136.96732,8.275,278035.0,,0.1250578761100769
K01829.02,7697568,0,FALSE POSITIVE,10.3482112,136.63763,2.089,255.1,,0.03364510461688042
K00460.01,8043638,1,CONFIRMED,17.58751692,176.077382,4.3773,1377.8,,0.041481126099824905
K01024.01,2715135,1,CONFIRMED,5.747711909,133.29939,1.8923,820.1,,0.05487110838294029
K02424.01,12453581,1,CONFIRMED,11.94019101,136.55603,2.866,631.7,,0.04000494256615639
K02918.02,7008149,0,FALSE POSITIVE,0.51554111,131.6708765,0.87,,,0.25
K00894.01,7708215,0,FALSE POSITIVE,7.9426176,174.52563,6.703,1590.7,,0.14065472781658173
K06848.01,7212722,0,FALSE POSITIVE,2.316171991,132.311636,4.03025,251484.0,,0.25
K04613.01,10220837,1,CONFIRMED,1.962282625,131.53585,1.45,68.3,,0.12315589189529419
K06104.01,3761319,0,FALSE POSITIVE,16.2480865,143.96708,8.232,438.7,,0.08444071561098099
K06145.01,6221385,1,CONFIRMED,19.672324,134.3013,4.812,649.9,,0.040767934173345566
K01833.01,11853878,1,CONFIRMED,3.69298623,132.73624,1.7744,763.3,,0.08007972687482834
K06272.01,2438517,0,FALSE POSITIVE,3.31587688,131.50648,3.152,185.6,,0.15842968225479126
K00463.01,8845205,1,CONFIRMED,18.47762694,185.269061,1.94,2604.6,,0.017498640343546867
K00665.02,6685609,1,CONFIRMED,1.61189046,133.5704,3.0792,101.1,,0.25
K03960.01,7777416,0,FALSE POSITIVE,2.54557259,132.69874,5.636,529.0,,0.25
K06175.01,8197761,0,FALSE POSITIVE,9.86869589,138.99584,2.876,5915.0,,0.04857109114527702
K06813.01,7033713,0,FALSE POSITIVE,2.19642864,133.4945,4.933,99.5,,0.25
K07732.01,5529552,0,FALSE POSITIVE,0.759768478,131.78573,2.824,57.4,,0.25
K02754.01,10905911,1,CONFIRMED,1.34155642,132.73743,1.6462,58.2,,0.20451369881629944
K00623.02,12068975,1,CONFIRMED,15.67750191,179.47311,5.5082,115.5,,0.05855737254023552
K00330.01,11361646,1,CONFIRMED,7.97420583,174.52718,5.3503,293.1,,0.1118251383304596
K02256.01,9112931,1,CONFIRMED,10.71253475,137.16499,2.7186,1198.6,,0.04229624569416046
K02427.01,10189557,0,FALSE POSITIVE,2.93101771,131.92959,2.231,199.1,,0.12686151266098022
K01196.02,3348082,1,CONFIRMED,11.63486009,140.50071,5.466,292.3,,0.07829917967319489
K00018.01,8191672,1,CONFIRMED,3.548465446,122.9014315,4.56904,7251.5,,0.21460168063640594
K01536.01,12159249,1,CONFIRMED,3.74443645,133.55997,2.9191,73.3,,0.1299305409193039
K00284.01,6021275,1,CONFIRMED,18.01019956,179.42137,3.516,177.7,,0.03253711760044098
K03509.01,3439096,0,FALSE POSITIVE,2.97601892,132.96926,5.5,306.1,,0.25
K00867.01,6863998,1,CONFIRMED,16.08518937,180.28319,3.984,1442.4,,0.04128021001815796
K03945.01,3121340,0,FALSE POSITIVE,0.723947772,132.06247,2.125,242.7,,0.25
K07854.01,7885494,0,FALSE POSITIVE,1.72929014,132.5562,3.609,84.5,,0.25
K00082.06,10187017,0,FALSE POSITIVE,22.4098677,147.38366,2.271,69.8,,0.01688988134264946
K00810.01,3940418,1,CONFIRMED,4.783002698,170.508434,2.335,1008.7,,0.08136451244354248
K01222.01,4060815,0,FALSE POSITIVE,4.2856756,134.4812,4.059,31.4,,0.1578514277935028
K03819.01,5560831,0,FALSE POSITIVE,0.867721348,132.161646,4.8783,97653.0,,0.25
K03668.01,8589731,0,FALSE POSITIVE,4.469731089,133.011683,5.257,3159.6,,0.19602222740650177
K01243.01,6677256,0,FALSE POSITIVE,3.125814002,356.41184,1.7895,238.8,,0.0954151451587677
K03115.01,11714231,1,CONFIRMED,5.8660127,136.35647,3.985,183.0,,0.11322284489870071
K02464.01,9887224,0,FALSE POSITIVE,0.874629873,132.25706,1.782,68.1,,0.25
K00317.01,8121310,1,CONFIRMED,22.20809549,206.35965,7.3327,463.2,,0.05503023415803909
K04488.01,6721380,0,FALSE POSITIVE,6.44173995,136.77753,1.635,107.7,,0.04230223596096039
K01093.01,3239636,0,FALSE POSITIVE,0.528755447,133.38227,5.714,408.5,,0.25
K00983.02,11607193,0,FALSE POSITIVE,5.177577252,132.9009561,2.4777,1325.4,,0.07975737750530243
K07524.01,12353720,0,FALSE POSITIVE,1.953285321,133.1432,1.67598,1520.3,,0.14300522208213806
K03867.01,9353742,1,CONFIRMED,0.938750221,131.68256,1.3568,280.7,,0.24088764190673828
K00893.01,7685981,1,CONFIRMED,4.40841331,172.18582,5.012,549.4,,0.18948616087436676
K06236.02,11252617,0,FALSE POSITIVE,1.27620899,131.6866,2.169,186.2,,0.25
K03718.01,5036537,0,FALSE POSITIVE,1.06100873,132.521276,2.6715,6367.1,,0.25
K07184.01,9529294,0,FALSE POSITIVE,2.51690133,133.49353,2.521,59.6,,0.16693808138370514
K02521.01,7183745,1,CONFIRMED,28.4750006,154.5706,4.718,763.8,,0.027614865452051163
K07544.02,3749508,0,FALSE POSITIVE,1.065731229,132.039287,1.7499,3639.6,,0.25
K03941.01,8552587,0,FALSE POSITIVE,1.061935973,131.723748,3.3177,337.9,,0.25
K03881.01,8211824,0,FALSE POSITIVE,0.84112187,132.164939,2.0431,75070.0,,0.25
K02044.01,9656252,1,CONFIRMED,16.92342126,145.81407,4.1864,1125.3,,0.04122885689139366
K03082.01,10619142,0,FALSE POSITIVE,2.04516705,132.36168,3.625,154.8,,0.25
K02727.01,4861527,0,FALSE POSITIVE,25.7054557,156.66709,6.059,266.3,,0.03928478807210922
K06800.01,6965293,0,FALSE POSITIVE,5.077746556,134.63539,3.1718,18836.7,,0.10410786420106888
K00583.01,9076513,1,CONFIRMED,2.437029217,170.73808,3.2005,244.0,,0.21887987852096558
K06278.01,2568971,0,FALSE POSITIVE,5.088582739,134.055128,7.6066,448.9,,0.2491394430398941
K01058.01,6124941,0,FALSE POSITIVE,5.670155713,136.201739,0.9361,536.7,,0.027515411376953125
K00988.01,2302548,1,CONFIRMED,10.38122447,268.02421,2.715,801.5,,0.0435883067548275
K04534.01,7699298,0,FALSE POSITIVE,1.1578141,132.43684,3.253,54.8,,0.25
K07080.01,8713828,0,FALSE POSITIVE,1.25451792,131.7413568,2.64,,,0.25
K01387.01,8949247,0,FALSE POSITIVE,23.799939273,152.5654761,5.02319,60186.4,,0.035176489502191544
K03999.01,2010191,0,FALSE POSITIVE,3.43525124,132.6333,4.509,152.2,,0.21876129508018494
K07511.01,12071006,0,FALSE POSITIVE,6.096030635,135.0308909,18.4531,901661.0,,0.25
K05075.01,4678873,0,FALSE POSITIVE,1.878877205,133.074035,5.8768,104026.0,,0.25
K01806.03,9529744,1,CONFIRMED,8.37159554,137.68075,5.252,98.0,,0.10455991327762604
K00511.01,6451936,1,CONFIRMED,8.00579096,170.50325,3.0549,629.7,,0.06359771639108658
K08029.01,10686909,0,FALSE POSITIVE,2.61854596,133.9991,4.866,19.7,,0.25
K01367.01,6934291,1,CONFIRMED,0.567856484,134.063088,1.0258,334.8,,0.25
K06551.01,5282656,0,FALSE POSITIVE,1.516372183,131.83387,1.239,93.8,,0.13618028163909912
K02630.01,11495766,0,FALSE POSITIVE,4.1749166,134.1713,4.828,40.7,,0.1927383840084076
K02954.01,4571536,0,FALSE POSITIVE,0.676715927,131.7606,0.63,264.5,,0.15516111254692078
K02347.01,8235924,1,CONFIRMED,0.588001053,132.058754,1.1451,297.4,,0.25
K01119.02,3003992,0,FALSE POSITIVE,13.55480534,139.81609,2.288,48.3,,0.02813270501792431
K07517.01,12251779,0,FALSE POSITIVE,14.844240386,134.2337694,6.83577,83412.4,,0.07674997299909592
K07079.01,8711548,0,FALSE POSITIVE,18.778162159,149.6776416,8.1018,488408.0,,0.07190799713134766
K01183.01,3544689,0,FALSE POSITIVE,1.922861499,134.658644,3.5734,1916.2,,0.25
K00208.01,3762468,1,CONFIRMED,3.003879547,134.709874,3.2848,8538.0,,0.18225319683551788
K07858.01,7919867,0,FALSE POSITIVE,1.60375114,132.16816,1.498,51.0,,0.1556766927242279
K02617.01,4915638,1,CONFIRMED,8.63050092,139.57438,3.144,325.8,,0.060714900493621826
K00235.01,8107225,1,CONFIRMED,5.63252508,133.81818,2.1448,634.4,,0.06346472352743149
K02724.01,5308387,0,FALSE POSITIVE,0.620739667,132.10051,2.477,108.2,,0.25
K02722.04,7673192,1,CONFIRMED,8.92114318,137.49071,3.933,110.8,,0.0734771266579628
K03712.01,2437060,0,FALSE POSITIVE,3.187087241,132.8582,7.2897,129093.0,,0.25
K00639.01,5120087,1,CONFIRMED,17.97979816,182.24179,5.5828,459.1,,0.05175067484378815
K02329.01,11192235,1,CONFIRMED,1.615357809,132.7846,1.1435,499.6,,0.11798211932182312
K07130.01,9093566,0,FALSE POSITIVE,0.94356284,132.3272,5.721,13.4,,0.25
K00751.01,10682541,1,CONFIRMED,4.99677968,171.74208,2.1717,934.7,,0.07243665307760239
K04449.01,8429668,0,FALSE POSITIVE,5.00749378,134.69035,2.898,56.6,,0.09645543992519379
K03506.01,8719419,0,FALSE POSITIVE,12.62530918,140.0602,3.163,39413.0,,0.04175475239753723
K01776.01,8453214,0,FALSE POSITIVE,5.77676732,131.5416,6.822,5794.8,,0.1968228816986084
K03218.01,10191036,0,FALSE POSITIVE,1.21374652,131.735,3.371,28.9,,0.25
K00292.01,11075737,1,CONFIRMED,2.586639524,171.842572,2.253,217.7,,0.14516904950141907
K03482.01,7288444,1,CONFIRMED,15.3317719,142.5217,5.467,179.2,,0.059429965913295746
K04125.01,9099950,0,FALSE POSITIVE,1.111362442,132.30056,6.24,133.9,,0.25
K06987.01,8192861,0,FALSE POSITIVE,0.552141897,131.77199,4.985,105.6,,0.25
K02460.01,11236244,1,CONFIRMED,11.32269749,136.05511,3.517,311.0,,0.05176917091012001
K01284.01,10960993,0,FALSE POSITIVE,3.117087797,134.684738,3.06941,12152.1,,0.16411739587783813
K01759.01,3248019,0,FALSE POSITIVE,1.334104585,132.3674913,3.14624,61690.8,,0.25
K01182.01,3865567,0,FALSE POSITIVE,11.11620211,133.100575,4.211,4843.9,,0.06313607096672058
K04483.01,6525106,0,FALSE POSITIVE,1.71028117,131.62619,2.61,111.6,,0.25
K01342.02,4275721,1,CONFIRMED,8.18182189,134.81423,2.4566,299.6,,0.05004182830452919
K05129.01,5131276,0,FALSE POSITIVE,0.66882716,131.8692,1.069,68.2,,0.25
K01741.01,8180020,0,FALSE POSITIVE,5.803127153,136.101253,4.9041,58570.0,,0.14084647595882416
K02448.01,5857540,1,CONFIRMED,13.62801048,135.45073,3.5374,912.8,,0.043261390179395676
K06447.01,4758350,0,FALSE POSITIVE,1.120997701,131.48486,11.243,145.6,,0.25
K00314.02,7603200,1,CONFIRMED,23.08902241,171.007634,1.7012,598.3,,0.01228000596165657
K03622.01,6677267,0,FALSE POSITIVE,3.125821128,134.479684,2.2163,5025.4,,0.11817161738872528
K01977.02,9412760,1,CONFIRMED,7.41556471,137.81512,1.973,150.4,,0.04434366896748543
K06326.01,3339538,0,FALSE POSITIVE,14.658013949,140.4756141,3.03316,129645.0,,0.034488074481487274
K06498.01,5025294,0,FALSE POSITIVE,5.462689263,134.26516,3.2605,4184.6,,0.0994778648018837
K00338.02,10552611,1,CONFIRMED,3.10762684,132.63359,2.361,77.2,,0.1266239583492279
K01665.01,4932442,1,CONFIRMED,6.93365167,137.07375,4.608,119.6,,0.11076414585113525
K06738.01,6595662,0,FALSE POSITIVE,2.680514453,132.598382,3.21178,195748.0,,0.19969922304153442
K02110.01,11460462,1,CONFIRMED,5.03728033,134.1094,2.0619,76.3,,0.06822133809328079
K01052.01,5956342,1,CONFIRMED,17.02902786,143.33395,4.645,568.9,,0.045461587607860565
K02653.01,6525193,0,FALSE POSITIVE,1.710279417,131.61739,2.252,228.8,,0.21945731341838837
K00965.01,3337351,0,FALSE POSITIVE,7.047103499,175.03337,3.3208,71318.0,,0.07853817939758301
K06926.01,7870250,0,FALSE POSITIVE,0.580724809,131.72956,1.82,64.2,,0.25
K01348.01,6866228,0,FALSE POSITIVE,7.702374154,137.563452,3.8459,18377.0,,0.08321893215179443
K07436.01,11295085,0,FALSE POSITIVE,2.49777454,133.7602628,5.241,78.7,,0.25
K02946.01,9642292,1,CONFIRMED,15.1408916,143.74584,4.359,476.8,,0.04798264428973198
K00671.03,7040629,1,CONFIRMED,16.25951967,144.53203,3.854,129.5,,0.03950506076216698
K02213.01,7457296,1,CONFIRMED,3.97076603,134.63962,1.814,349.2,,0.07613980025053024
K07969.01,9851983,0,FALSE POSITIVE,1.456383399,132.71661,11.838,212.2,,0.25
K02236.02,10723367,1,CONFIRMED,12.12580644,142.10763,3.289,327.5,,0.04520661383867264
K00395.01,4165960,0,FALSE POSITIVE,6.77449545,171.0118,2.5416,481.9,,0.06252864003181458
K01148.01,8410727,1,CONFIRMED,11.47609015,135.39622,5.046,182.3,,0.07328280061483383
K03851.01,9784230,0,FALSE POSITIVE,0.7981968,131.570334,2.22035,257616.0,,0.25
K07191.01,9569866,0,FALSE POSITIVE,1.480324075,131.7556963,3.20209,400007.0,,0.25
K02443.02,9209624,1,CONFIRMED,11.8376933,142.21212,3.381,92.9,,0.047602180391550064
K07610.01,10341777,0,FALSE POSITIVE,0.933746709,132.4539,3.435,18.6,,0.25
K00131.01,7778437,1,CONFIRMED,5.014234733,133.174289,4.589,6536.0,,0.1525324136018753
K01881.01,4035640,1,CONFIRMED,28.26727385,140.92561,4.5839,1160.2,,0.027027131989598274
K01306.04,10858691,1,CONFIRMED,29.2214959,139.32807,4.014,394.0,,0.022894104942679405
K04069.01,5906694,1,CONFIRMED,13.06243545,144.18426,3.244,464.3,,0.041390955448150635
K03586.01,7376490,0,FALSE POSITIVE,5.877122413,136.420718,3.7369,15647.1,,0.10597306489944458
K06915.01,7769815,0,FALSE POSITIVE,4.43529675,134.7488,2.117,181.9,,0.07955123484134674
K06790.01,6929016,0,FALSE POSITIVE,0.733726452,132.02005,2.309,114.6,,0.25
K02726.01,10363281,0,FALSE POSITIVE,0.934924739,132.17846,2.052,73.8,,0.25
K07024.01,8364119,0,FALSE POSITIVE,7.73591011,137.9876592,5.01919,315131.0,,0.10813616961240768
K07717.01,5120225,0,FALSE POSITIVE,1.041619932,131.836717,8.1218,1840.5,,0.25
K04046.01,4150496,0,FALSE POSITIVE,8.65312868,136.65308,3.376,508.6,,0.06502465158700943
K00665.01,6685609,1,CONFIRMED,5.868066282,170.324046,4.1246,436.5,,0.11714819073677063
K03649.01,6066379,0,FALSE POSITIVE,1.303858554,131.606872,4.36797,126636.0,,0.25
K03156.01,4150611,0,FALSE POSITIVE,0.761119678,131.68986,1.43,1112.0,,0.25
K00936.01,9388479,1,CONFIRMED,9.467821474,178.415842,2.4327,2237.0,,0.042824000120162964
K04696.01,9851845,0,FALSE POSITIVE,1.08195208,131.5252,4.807,33.6,,0.25
K02504.01,8110767,1,CONFIRMED,20.49041,144.41979,4.369,661.8,,0.03553694859147072
K05307.01,6615600,0,FALSE POSITIVE,2.19509634,132.74891,1.796,227.7,,0.13636454939842224
K04248.01,4568117,0,FALSE POSITIVE,0.562563871,131.73458,1.591,34.6,,0.25
K03990.01,6421503,0,FALSE POSITIVE,2.15839583,131.89506,8.09,352.2,,0.25
K04327.01,5371777,1,CONFIRMED,0.991659646,131.53686,2.215,77.3,,0.25
K08200.01,10214873,0,FALSE POSITIVE,5.959695593,135.2739557,1.8383,151.2,,0.05140922591090202
K06863.01,7350067,1,CONFIRMED,4.48559215,135.43172,0.8161,2265.0,,0.030323011800646782
K06247.01,11867071,0,FALSE POSITIVE,3.963787093,135.029951,3.10316,25015.2,,0.1304795891046524
K07349.01,10601579,0,FALSE POSITIVE,8.098754149,134.775324,5.62354,56616.3,,0.11572849750518799
K04033.01,4138557,0,FALSE POSITIVE,0.991552822,131.90235,1.135,607.2,,0.1907782107591629
K06388.01,4149684,0,FALSE POSITIVE,4.320850062,132.4183917,4.26661,75927.4,,0.1645744889974594
K03087.01,9119568,0,FALSE POSITIVE,5.54867998,133.9285,4.665,68.9,,0.1401234120130539
K01864.01,4149450,1,CONFIRMED,3.215109385,133.77747,4.365,158.0,,0.22627535462379456
K01915.01,9101496,1,CONFIRMED,6.56226483,132.61123,4.0144,260.8,,0.10195667296648026
K02070.01,6032517,0,FALSE POSITIVE,1.791406261,132.99503,2.8159,345.5,,0.25
K01993.01,9042357,0,FALSE POSITIVE,16.00351679,146.38812,4.001,668.3,,0.04166792333126068
K05255.01,6277594,0,FALSE POSITIVE,3.66115536,133.7708,14.807,34.3,,0.25
K02187.01,5894073,0,FALSE POSITIVE,10.5856758,136.9685,4.911,178.7,,0.07732146978378296
K01748.01,7593110,0,FALSE POSITIVE,3.549386251,134.247174,2.4342,50664.0,,0.11430145055055618
K00906.03,8226994,1,CONFIRMED,4.14810719,133.3881,2.535,175.2,,0.10185368359088898
K01717.01,9895006,1,CONFIRMED,10.56137217,133.76396,3.2645,238.4,,0.051516350358724594
K02557.01,10925113,0,FALSE POSITIVE,11.7761073,142.70558,2.829,281.3,,0.04003869742155075
K04055.01,3228825,0,FALSE POSITIVE,0.73095491,132.2174,2.206,29.6,,0.25
K01528.01,7691260,1,CONFIRMED,3.989544192,134.0989,1.591,190.0,,0.06646540760993958
K01396.02,9455556,1,CONFIRMED,3.70122061,180.27172,2.523,327.4,,0.11361116915941238
K07851.01,7841368,0,FALSE POSITIVE,25.3710555,141.8015,3.739,78.6,,0.024562111124396324
K01606.01,9886661,1,CONFIRMED,5.082748362,133.21176,1.7732,276.7,,0.05814439430832863
K01102.03,3231341,1,CONFIRMED,18.9985279,144.74157,4.529,430.7,,0.03973114863038063
K04288.01,4548011,1,CONFIRMED,6.28384079,133.20513,4.291,35.7,,0.11381043493747711
K03613.01,6546508,0,FALSE POSITIVE,3.053578643,133.878843,3.22884,52879.9,,0.17623256146907806
K06243.01,11673686,0,FALSE POSITIVE,4.618767943,133.386655,6.03,32609.2,,0.21759049594402313
K00949.01,9766437,1,CONFIRMED,12.53248222,170.76535,4.0168,1145.9,,0.05341852083802223
K02736.01,10842192,1,CONFIRMED,9.33648141,140.67893,2.5449,885.4,,0.04542931914329529
K05128.01,5130563,0,FALSE POSITIVE,0.915782856,132.27591,2.24,301.0,,0.25
K00556.01,5738496,0,FALSE POSITIVE,9.50150926,175.67002,6.852,509.5,,0.12019143253564835
K06686.01,6292732,0,FALSE POSITIVE,1.25338826,132.6307,3.828,44.7,,0.25
K03630.01,10259029,0,FALSE POSITIVE,7.061149921,134.558528,3.33515,131257.0,,0.07872065156698227
K02509.01,9880190,1,CONFIRMED,4.5513988,133.05954,2.457,188.7,,0.08997233957052231
K06765.02,6768616,0,FALSE POSITIVE,8.8249556,131.7064,2.976,121.1,,0.05620424821972847
K02451.01,6500206,0,FALSE POSITIVE,13.37499553,142.38153,1.639,458.1,,0.020423682406544685
K03107.01,10031500,0,FALSE POSITIVE,8.589562,132.0335,9.885,245.4,,0.19180256128311157
K01683.01,6034945,1,CONFIRMED,9.11500269,133.97523,4.558,268.3,,0.08334244787693024
K01710.01,7815744,1,CONFIRMED,14.20442616,142.7332,3.898,800.6,,0.04573691636323929
K02055.01,3128552,1,CONFIRMED,8.67890312,133.03651,3.5317,540.6,,0.06782154738903046
K00833.01,5376067,0,FALSE POSITIVE,3.951405455,173.276125,2.1862,2453.9,,0.09221191704273224
K00275.01,10586004,1,CONFIRMED,15.79196594,176.81888,7.2772,203.1,,0.07680276781320572
K00761.01,11152159,0,FALSE POSITIVE,2.701287801,170.69579,3.3827,860.4,,0.20870909094810486
K00485.01,12316431,0,FALSE POSITIVE,17.90766147,175.55977,5.396,1089.3,,0.050220590084791183
K02314.01,3219995,1,CONFIRMED,18.87058705,143.95639,3.4701,588.0,,0.03064822591841221
K02994.01,11244137,1,CONFIRMED,2.03387483,131.91927,3.097,73.6,,0.25
K02492.01,11752632,1,CONFIRMED,0.984941669,133.31801,1.9724,81.4,,0.25
K00935.01,9347899,1,CONFIRMED,20.86021229,180.017757,5.1937,1910.5,,0.04149606078863144
K07089.01,8767034,0,FALSE POSITIVE,0.58640848,131.55583,2.616,61.3,,0.25
K01297.01,10676923,0,FALSE POSITIVE,1.031096352,133.93938,2.781,265.4,,0.25
K06508.01,5078879,0,FALSE POSITIVE,1.039370613,131.62419,1.0713,743.6,,0.17178665101528168
K07582.01,7186259,0,FALSE POSITIVE,4.23965309,132.9703967,3.29,,,0.1293344795703888
K04359.01,1575873,0,FALSE POSITIVE,0.629001455,131.55662,1.263,14.7,,0.25
K02333.01,11121752,1,CONFIRMED,3.93083997,135.19393,2.932,101.4,,0.12431609630584717
K07926.01,9101271,0,FALSE POSITIVE,29.3657204,135.07289,8.7303,74936.0,,0.049549270421266556
K00201.01,6849046,1,CONFIRMED,4.225384543,137.5606891,2.82038,7563.0,,0.1112474650144577
K06948.01,7987749,0,FALSE POSITIVE,17.030857558,145.542727,4.24308,77832.4,,0.04152345284819603
K04267.01,7450747,1,CONFIRMED,2.20829637,131.63091,2.841,87.9,,0.2144186794757843
K06405.01,4356621,0,FALSE POSITIVE,1.7317958,132.8964,2.924,60.6,,0.25
K07021.01,8345358,0,FALSE POSITIVE,9.380632783,132.5586444,4.295,65832.8,,0.0763097032904625
K00549.02,3437776,0,FALSE POSITIVE,0.635587392,133.41665,4.7,147.7,,0.25
K07390.01,10936427,0,FALSE POSITIVE,14.361021578,138.842986,13.2895,459877.0,,0.15423113107681274
K04439.01,9899630,0,FALSE POSITIVE,1.33258455,132.0268,5.77,152.7,,0.25
K05730.01,9899607,0,FALSE POSITIVE,1.33259275,132.01197,4.014,79.1,,0.25
K06936.01,7947631,0,FALSE POSITIVE,1.258274109,132.7042523,1.92467,14159.9,,0.25
K06026.01,6268722,0,FALSE POSITIVE,2.638432816,133.003946,2.42989,48488.0,,0.153493270277977
K01775.01,4913000,0,FALSE POSITIVE,4.442520831,133.607376,2.4779,531.5,,0.09296148270368576
K02179.01,10670119,1,CONFIRMED,14.87149773,137.69573,2.4076,944.9,,0.02698226273059845
K02945.01,8617363,1,CONFIRMED,19.94752741,144.2469,1.756,861.3,,0.014671826735138893
K01948.01,9536692,0,FALSE POSITIVE,26.635216,155.5577,5.949,1492.8,,0.0372251532971859
K06530.01,5130890,0,FALSE POSITIVE,0.91057795,131.5209695,2.73,,,0.25
K01433.01,11288505,1,CONFIRMED,19.80787763,139.37983,3.453,616.3,,0.029054097831249237
K06854.01,7281399,0,FALSE POSITIVE,0.566803996,131.80782,3.399,141.6,,0.25
K00533.01,10513530,1,CONFIRMED,16.54967098,171.69398,4.3808,744.5,,0.04411769658327103
K02485.01,11125613,1,CONFIRMED,9.99115241,134.39335,2.657,391.7,,0.04432254657149315
K06114.01,4459068,0,FALSE POSITIVE,24.955998503,149.094437,2.76331,4856.1,,0.018454547971487045
K03214.01,7983117,1,CONFIRMED,11.49500229,141.27511,7.602,51.4,,0.11022181063890457
K00634.01,4861736,0,FALSE POSITIVE,6.277827312,172.5786,8.6841,1856.8,,0.23054951429367065
K04640.01,9412623,1,CONFIRMED,6.1082945,131.8756,3.493,61.1,,0.09530756622552872
K01923.01,4989057,1,CONFIRMED,7.23400381,137.67742,2.165,453.3,,0.049880169332027435
K01113.01,2854914,1,CONFIRMED,25.93406406,149.76273,4.6142,414.5,,0.029653405770659447
K08252.01,5026023,0,FALSE POSITIVE,1.99638423,131.5598,2.4,29.4,,0.20036223530769348
K07529.01,12367017,0,FALSE POSITIVE,1.222127938,131.81559,2.2613,2486.5,,0.25
K00232.03,4833421,1,CONFIRMED,21.58752788,142.96728,4.4968,336.8,,0.03471757844090462
K01030.01,2574338,1,CONFIRMED,9.22961384,138.43961,2.235,492.1,,0.040359217673540115
K02857.02,6345732,1,CONFIRMED,7.44136102,137.74695,4.554,79.7,,0.10199747234582901
K00875.01,7135852,1,CONFIRMED,4.220965778,170.622433,3.0854,2260.0,,0.1218283623456955
K05273.01,6364307,0,FALSE POSITIVE,5.2435703,132.7496,15.864,228.5,,0.25
K00795.01,3114167,1,CONFIRMED,6.770300385,170.57662,2.0844,1304.0,,0.05131234601140022
K02171.01,11410904,1,CONFIRMED,3.53232429,134.74727,2.765,224.2,,0.13046178221702576
K05887.01,11341314,0,FALSE POSITIVE,9.8338474,132.5363,14.585,57.6,,0.247190460562706
K01740.01,6762829,0,FALSE POSITIVE,18.795269797,138.6686066,9.9816,28241.1,,0.0885116308927536
K03754.01,8937019,0,FALSE POSITIVE,5.663604992,133.892182,1.4283,163385.0,,0.042031534016132355
K00938.02,9415172,1,CONFIRMED,1.04562195,133.91912,1.8955,213.0,,0.25
K01386.01,9143254,0,FALSE POSITIVE,1.137525054,133.805565,2.68228,18006.1,,0.25
K02415.01,5621586,1,CONFIRMED,5.25419589,133.72952,2.9878,461.8,,0.09477505087852478
K07026.01,8374499,0,FALSE POSITIVE,5.251918489,136.74098,5.59653,296478.0,,0.17760272324085236
K04566.01,11650401,1,CONFIRMED,3.94660745,132.24892,2.705,309.4,,0.11423313617706299
K00216.01,6152974,1,CONFIRMED,20.172024672,141.209182,3.1488,5368.1,,0.026016227900981903
K01078.03,10166274,1,CONFIRMED,28.46464804,158.03986,2.6657,1629.8,,0.015608249232172966
K00097.01,5780885,1,CONFIRMED,4.885488596,134.2768785,5.16165,7458.4,,0.17608781158924103
K01217.01,3542588,0,FALSE POSITIVE,3.47143963,133.74061,3.663,99.8,,0.17586363852024078
K00433.01,10937029,1,CONFIRMED,4.030466786,171.092308,2.7734,2908.3,,0.1146848127245903
K07288.01,10129482,0,FALSE POSITIVE,0.846291334,132.1935855,1.79962,190191.0,,0.25
K03631.01,8299947,0,FALSE POSITIVE,2.682767439,131.570648,4.58143,394412.0,,0.25
K04722.01,6593734,0,FALSE POSITIVE,0.58675746,131.75424,1.508,143.8,,0.25
K01654.01,11546211,0,FALSE POSITIVE,1.097211085,131.517201,1.6738,38946.0,,0.25
K01679.01,5529643,0,FALSE POSITIVE,0.759766456,131.7904,5.323,480.5,,0.25
K02873.01,6364276,0,FALSE POSITIVE,5.24368302,132.7109,10.873,225.4,,0.25
K03322.01,7767733,0,FALSE POSITIVE,25.19830439,142.2240343,5.1942,73834.2,,0.034355487674474716
K00497.01,4757437,1,CONFIRMED,13.19322809,175.6096,5.0036,585.7,,0.06320919841527939
K02034.02,3657758,1,CONFIRMED,2.3702932,133.6801,1.666,224.8,,0.11714443564414978
K01812.01,6279974,0,FALSE POSITIVE,0.805259257,132.100916,1.42246,1384.3,,0.25
K02655.01,10018233,1,CONFIRMED,16.2959916,133.90784,2.116,369.6,,0.021641314029693604
K00721.01,9964801,1,CONFIRMED,13.72462702,180.64807,6.9758,281.8,,0.0847114697098732
K00870.02,6949607,1,CONFIRMED,8.98581901,175.68418,2.8606,881.3,,0.05305767431855202
K03120.01,11499192,1,CONFIRMED,4.13592927,133.53763,2.377,156.2,,0.09578661620616913
K08289.01,10341781,0,FALSE POSITIVE,0.93371211,131.5372,4.76,126.2,,0.25
K05797.01,10480952,0,FALSE POSITIVE,2.037453129,131.5522356,5.43155,315914.0,,0.25
K04045.01,2708203,0,FALSE POSITIVE,1.89125855,132.6891,5.415,67.9,,0.25
K01913.01,9704384,1,CONFIRMED,5.50860699,132.2983,3.0788,203.9,,0.09315119683742523
K01889.02,11074178,1,CONFIRMED,9.18189122,132.40505,4.343,363.6,,0.07883270829916
K01231.01,6462874,0,FALSE POSITIVE,22.34293693,155.08552,7.0813,2691.1,,0.05282280966639519
K06149.01,6674908,0,FALSE POSITIVE,0.503199724,131.90627,1.117,275.6,,0.25
K03219.01,7985733,0,FALSE POSITIVE,0.544561598,131.94532,1.6053,35.2,,0.25
K03779.01,5206233,0,FALSE POSITIVE,6.195861785,134.23422,2.6078,3509.8,,0.07014897465705872
K07753.01,5952448,0,FALSE POSITIVE,0.905675699,132.20066,1.701,73.2,,0.25
K03842.01,9532637,0,FALSE POSITIVE,0.61496383,132.022402,1.93053,358049.0,,0.25
K03178.01,10991239,0,FALSE POSITIVE,0.523629052,131.63487,3.443,122.0,,0.25
K01562.01,5308663,0,FALSE POSITIVE,0.784512952,355.57263,2.4623,586.0,,0.25
K02193.01,8282651,1,CONFIRMED,2.361724472,133.23932,1.2167,587.0,,0.08586239814758301
K04024.01,10714072,1,CONFIRMED,8.40693068,133.42739,1.866,167.1,,0.03699328750371933
K01874.02,8978528,1,CONFIRMED,7.41634701,135.85372,2.1362,505.5,,0.0480065643787384
K06117.01,4737267,0,FALSE POSITIVE,9.524076544,134.803805,10.4891,198399.0,,0.18355409801006317
K04675.01,10130057,0,FALSE POSITIVE,2.17812826,132.03068,2.601,100.8,,0.19902409613132477
K01012.01,8127639,0,FALSE POSITIVE,1.023471798,354.8182,2.3499,861.4,,0.25
K00377.01,3323887,1,CONFIRMED,19.270825843,182.5436,4.1281,6660.5,,0.035702500492334366
K00369.01,7175184,1,CONFIRMED,5.88527364,174.42554,1.9531,112.7,,0.05531037226319313
K03161.01,2696703,0,FALSE POSITIVE,6.09406648,133.65981,2.085,3027.0,,0.05702267959713936
K01904.01,8766650,1,CONFIRMED,12.43929428,136.37952,3.176,254.3,,0.04255332425236702
K04068.01,6226908,1,CONFIRMED,19.597317,135.26526,4.508,1014.1,,0.03833858296275139
K01716.01,9838949,1,CONFIRMED,4.88084456,136.19585,2.5574,343.0,,0.08732778578996658
K06756.01,6695622,0,FALSE POSITIVE,14.5567427,135.6994,1.421,185.1,,0.016269665211439133
K07365.01,10711913,0,FALSE POSITIVE,19.407958161,135.3915368,6.09676,142059.0,,0.052356187254190445
K06431.01,4633434,0,FALSE POSITIVE,22.271198511,134.7601462,4.58598,179042.0,,0.03431921452283859
K00948.01,9761882,1,CONFIRMED,24.58716355,173.70572,3.984,907.5,,0.027005961164832115
K03925.03,10788461,1,CONFIRMED,5.3235335,133.0952,2.714,342.4,,0.08496862649917603
K01170.01,10482160,1,CONFIRMED,7.34373964,137.29874,1.1784,574.4,,0.026743868365883827
K00664.01,6442340,1,CONFIRMED,13.13747785,170.22786,4.8655,212.8,,0.061725445091724396
K01936.01,4945877,0,FALSE POSITIVE,1.339670241,132.16786,1.895,28.6,,0.23575453460216522
K02125.01,9405595,1,CONFIRMED,23.3593589,144.01826,5.389,570.1,,0.0384499691426754
K03700.01,3838496,0,FALSE POSITIVE,2.990252395,133.110629,7.8462,216437.0,,0.25
K03437.01,4645174,1,CONFIRMED,15.0330623,131.89493,6.326,132.2,,0.07013430446386337
K04255.01,10407482,1,CONFIRMED,6.30558387,131.53058,2.619,193.1,,0.06922435760498047
K01704.01,7386827,1,CONFIRMED,10.4188915,137.74971,3.0069,670.0,,0.048100125044584274
K00019.01,7255336,0,FALSE POSITIVE,1.20320092,133.929836,1.9197,2807.1,,0.25
K00926.01,9077124,1,CONFIRMED,3.166353562,170.966145,3.3129,1473.4,,0.17438040673732758
K01692.02,6616218,1,CONFIRMED,2.46106962,133.32138,2.184,84.2,,0.147903174161911
K01755.01,5302006,0,FALSE POSITIVE,6.14631207,132.74983,3.803,891.1,,0.10312417149543762
K04869.01,8056651,0,FALSE POSITIVE,5.5834987,132.562,2.484,87.4,,0.0741470605134964
K06005.01,5385773,0,FALSE POSITIVE,12.4254201,141.5458,18.56,144.5,,0.2489520162343979
K01626.01,6387542,1,CONFIRMED,2.53475568,132.68024,4.5716,463.0,,0.25
K00223.01,4545187,1,CONFIRMED,3.177414601,134.478892,1.5262,1134.3,,0.08005460351705551
K04573.01,4848321,0,FALSE POSITIVE,1.50178705,131.56426,2.936,86.7,,0.25
K03896.01,6222898,0,FALSE POSITIVE,3.89043062,132.7665,6.596,195.4,,0.25
K05053.01,4274816,0,FALSE POSITIVE,14.3641542,144.2631,2.629,89.2,,0.030504174530506134
K01053.01,5956656,1,CONFIRMED,1.224866441,133.20824,1.7086,196.0,,0.23248793184757233
K02839.01,6186964,1,CONFIRMED,2.164570593,131.83142,1.2862,525.1,,0.09903427213430405
K06309.01,3228740,0,FALSE POSITIVE,0.730956716,132.21412,2.097,27.8,,0.25
K00623.04,12068975,1,CONFIRMED,25.2100146,154.41122,6.553,62.1,,0.04332273080945015
K04894.01,10031918,0,FALSE POSITIVE,8.5900471,131.9816,3.463,137.0,,0.06719016283750534
K04760.01,9474232,0,FALSE POSITIVE,13.6917833,133.78898,4.198,145.4,,0.0511012077331543
K02205.01,9992325,1,CONFIRMED,24.08632177,148.20086,2.236,1041.7,,0.015472128987312317
K07095.01,8822585,0,FALSE POSITIVE,1.627538928,131.91531,5.583,39.0,,0.25
K01501.01,7439316,1,CONFIRMED,2.617028373,134.03294,2.046,499.4,,0.13030046224594116
K02169.02,9006186,1,CONFIRMED,3.26662733,136.08452,2.056,59.9,,0.10489922016859055
K08090.01,3954211,0,FALSE POSITIVE,0.594274521,131.839508,2.162,4691.5,,0.25
K02865.01,8681833,1,CONFIRMED,1.311558909,131.53283,1.919,141.3,,0.24385738372802734
K01625.01,6312314,0,FALSE POSITIVE,1.221204888,133.61014,1.8511,111.6,,0.25
K02496.01,9964748,0,FALSE POSITIVE,1.183818383,131.88403,1.393,84.3,,0.19611679017543793
K01445.01,11336883,1,CONFIRMED,7.16893064,135.67854,4.6766,112.8,,0.10872379690408707
K01760.02,3967760,1,CONFIRMED,8.77514782,133.70319,3.176,351.9,,0.0603218711912632
K03406.01,11098573,0,FALSE POSITIVE,15.6937855,131.9841,5.149,367.7,,0.054681941866874695
K00661.01,6347299,1,CONFIRMED,14.40090414,174.98964,4.1682,379.6,,0.04824002832174301
K04147.01,8029197,0,FALSE POSITIVE,2.15292788,132.36514,3.043,41.4,,0.23557066917419434
K00548.01,12600735,1,CONFIRMED,21.30020491,189.70595,4.0852,659.8,,0.031965263187885284
K03856.01,5397166,0,FALSE POSITIVE,1.811966339,132.27828,3.792,408.1,,0.25
K02854.01,5513866,0,FALSE POSITIVE,0.755111225,131.80687,3.164,168.0,,0.25
K04828.01,10556180,0,FALSE POSITIVE,1.02104719,131.5654,6.39,246.1,,0.25
K03265.01,10030778,0,FALSE POSITIVE,29.47316279,154.89251,6.4327,12568.5,,0.03637602925300598
K01851.01,10464050,1,CONFIRMED,4.469754641,131.84402,1.813,553.9,,0.06760251522064209
K00911.01,8490993,1,CONFIRMED,4.093578461,171.00954,2.5833,538.6,,0.10517692565917969
K05041.01,4144238,0,FALSE POSITIVE,22.9138322,140.6387,4.855,340.3,,0.03531345725059509
K02743.01,8095441,1,CONFIRMED,11.87457664,140.21259,1.9797,220.7,,0.02778625302016735
K02178.01,2014991,0,FALSE POSITIVE,6.49676881,132.17439,2.527,135.0,,0.064827099442482
K07030.01,8381592,0,FALSE POSITIVE,2.892087553,133.201742,3.16757,71631.0,,0.18254230916500092
K07504.01,12004689,0,FALSE POSITIVE,2.5212708,132.8596,2.706,163.3,,0.178878054022789
K02493.01,10028535,1,CONFIRMED,0.663085361,131.97961,1.1522,322.7,,0.25
K05298.01,6543674,0,FALSE POSITIVE,1.195515364,132.3039982,6.08509,396401.0,,0.25
K05543.01,8560475,0,FALSE POSITIVE,7.41505161,133.31055,2.061,937.0,,0.04632469266653061
K00456.01,7269974,1,CONFIRMED,13.69942266,171.48036,4.3409,1292.9,,0.05281122773885727
K03953.01,10651816,0,FALSE POSITIVE,3.1877519,134.418,14.836,452.3,,0.25
K02517.01,8947520,1,CONFIRMED,0.968527683,131.50954,1.3672,114.6,,0.23527120053768158
K03324.01,4271474,1,CONFIRMED,21.8634638,145.2419,3.542,871.0,,0.027000905945897102
K03948.01,6045250,0,FALSE POSITIVE,0.909310626,131.725419,3.4411,12126.6,,0.25
K02045.01,6026438,1,CONFIRMED,5.47665801,135.70431,2.5482,648.0,,0.07754728943109512
K06719.01,6471229,0,FALSE POSITIVE,1.75251585,132.7544,3.489,125.9,,0.25
K03378.01,4376629,0,FALSE POSITIVE,27.6775212,146.1243,2.513,293.9,,0.015132617205381393
K03587.01,11968513,0,FALSE POSITIVE,1.036592635,132.089146,2.40749,124498.0,,0.25
K01984.01,10094670,1,CONFIRMED,22.06402,148.9199,4.1,388.7,,0.030970482155680656
K00498.01,4833135,0,FALSE POSITIVE,8.661374,177.5427,2.972,160.1,,0.05718877166509628
K00840.01,5651104,1,CONFIRMED,3.04033046,169.9490106,1.8411,10858.8,,0.10092652589082718
K06376.01,3973002,0,FALSE POSITIVE,1.992098705,132.891052,4.03833,69414.0,,0.25
K06456.01,4839180,0,FALSE POSITIVE,4.426344495,134.231165,5.84235,276139.0,,0.2199840098619461
K05403.01,7599004,0,FALSE POSITIVE,2.41172358,133.8617,2.6311,3364.7,,0.18182708323001862
K06906.01,7695445,0,FALSE POSITIVE,1.74336627,132.8574,10.405,451.0,,0.25
K07051.01,8526387,0,FALSE POSITIVE,0.772803664,131.70354,1.368,290.2,,0.25
K06048.01,8019043,0,FALSE POSITIVE,1.985586627,132.9336782,2.53163,72584.2,,0.21250058710575104
K02687.02,7202957,1,CONFIRMED,8.16733851,136.20356,3.337,104.9,,0.06809643656015396
K00832.01,5372966,0,FALSE POSITIVE,9.286358079,171.8214689,3.49949,44791.4,,0.06280700117349625
K04142.01,9716302,0,FALSE POSITIVE,1.332566763,132.04547,4.001,384.9,,0.25
K01678.01,5527172,0,FALSE POSITIVE,3.183961388,132.865355,3.7875,39268.0,,0.19825930893421173
K00475.02,10577994,1,CONFIRMED,15.31296388,171.79412,3.0935,864.9,,0.03366972878575325
K02113.02,7207061,1,CONFIRMED,12.33087921,361.9744,3.0664,872.2,,0.04144608601927757
K04540.01,12108293,0,FALSE POSITIVE,0.705455349,131.67764,2.469,74.9,,0.25
K01526.01,9824805,1,CONFIRMED,4.4444826,133.46308,3.686,163.0,,0.1382238119840622
K06094.01,2161623,0,FALSE POSITIVE,2.283466438,132.34883,7.7999,864260.0,,0.25
K06968.01,8111622,0,FALSE POSITIVE,15.44605962,145.5341274,4.5963,330907.0,,0.049595173448324203
K08075.01,12021943,0,FALSE POSITIVE,6.0962602,134.9875,10.4,30.4,,0.25
K07234.01,9821078,0,FALSE POSITIVE,8.429438192,132.2922535,3.94306,456346.0,,0.07796209305524826
K08021.01,10535886,0,FALSE POSITIVE,0.93376021,132.4413,3.182,56.5,,0.25
K00358.01,12017140,0,FALSE POSITIVE,22.845241036,172.8026986,5.3007,45676.5,,0.03867107257246971
K07507.01,12022517,0,FALSE POSITIVE,3.442714533,132.3912568,3.36034,60039.0,,0.1626787930727005
K07171.01,9412462,0,FALSE POSITIVE,10.186578749,132.5289587,10.6304,340671.0,,0.17392820119857788
K01082.02,10141900,1,CONFIRMED,4.09667624,133.09833,2.19,302.3,,0.08909662067890167
K02027.01,8556077,0,FALSE POSITIVE,3.635723653,134.6084,2.1862,80.0,,0.10021847486495972
K01514.01,9520668,0,FALSE POSITIVE,1.399326503,133.61426,1.8305,206.4,,0.21802155673503876
K00623.03,12068975,1,CONFIRMED,5.59931543,171.47391,3.8944,84.8,,0.11591893434524536
K06896.01,7631194,0,FALSE POSITIVE,0.811390968,131.8759,1.0114,139.9,,0.20775023102760315
K07411.01,11137061,0,FALSE POSITIVE,1.88912273,132.953,4.219,60.2,,0.25
K03135.01,9899352,0,FALSE POSITIVE,1.332562831,132.05088,6.24,297.9,,0.25
K02220.02,6871071,1,CONFIRMED,5.02818253,134.10891,3.526,181.3,,0.1168745681643486
K00889.01,757450,1,CONFIRMED,8.884922995,169.991686,2.07004,16053.4,,0.03883057460188866
K04196.01,8179190,0,FALSE POSITIVE,0.662457501,131.90556,1.527,64.1,,0.25
K07980.01,9959368,0,FALSE POSITIVE,1.33255801,132.0631,4.74,48.7,,0.25
K01778.01,5444384,0,FALSE POSITIVE,1.519529227,132.55256,5.1675,8372.5,,0.25
K03009.01,12405333,1,CONFIRMED,0.764863517,132.13343,1.16,150.2,,0.25
K06234.01,11099351,0,FALSE POSITIVE,2.37795507,132.557333,2.4329,4391.1,,0.17051765322685242
K07029.01,8379547,0,FALSE POSITIVE,6.042029838,132.205367,8.0666,132864.0,,0.22251352667808533
K03874.01,11560037,0,FALSE POSITIVE,1.466535757,131.992658,0.8222,1346.4,,0.09344016015529633
K01296.01,10971674,0,FALSE POSITIVE,2.380862632,135.3252117,4.20416,32634.0,,0.25
K06333.01,3437739,0,FALSE POSITIVE,1.89134156,132.6518,5.891,68.4,,0.25
K00081.01,8823868,0,FALSE POSITIVE,23.8761144,143.07006,9.3113,1611.7,,0.06499731540679932
K01094.01,2721030,1,CONFIRMED,6.10027621,135.58656,4.7476,766.6,,0.12970997393131256
K04795.01,9007609,0,FALSE POSITIVE,1.316398648,132.2998,1.169,182.5,,0.14800481498241425
K03894.01,5473535,0,FALSE POSITIVE,1.673662758,131.67166,2.3135,316.4,,0.23038293421268463
K04470.01,10815916,0,FALSE POSITIVE,1.68207624,132.12513,1.519,54.7,,0.15050843358039856
K02473.03,8753896,1,CONFIRMED,14.5123622,143.8154,4.163,355.8,,0.04780981317162514
K00961.01,8561063,1,CONFIRMED,1.213770423,170.483645,0.5532,1821.0,,0.0759616494178772
K00424.01,9597411,0,FALSE POSITIVE,1.575631524,170.393276,2.59202,25626.6,,0.25
K03149.01,10196493,0,FALSE POSITIVE,9.81101738,134.18676,2.09,,,0.0355043038725853
K03019.01,8709688,1,CONFIRMED,4.17939037,133.84818,2.647,172.8,,0.10555765777826309
K01097.01,3340070,0,FALSE POSITIVE,10.9110487,142.52714,7.033,401.9,,0.10742933303117752
K00161.01,5084942,1,CONFIRMED,3.105507835,133.210427,1.7458,904.6,,0.09369374811649323
K06370.01,3858767,0,FALSE POSITIVE,3.49550335,132.0754,3.799,60.9,,0.18113747239112854
K03740.01,5215700,0,FALSE POSITIVE,0.656201038,132.0994299,4.17901,174860.0,,0.25
K03892.01,11760860,1,CONFIRMED,2.41660149,131.53713,1.9699,83.6,,0.13585883378982544
K02810.01,10275766,0,FALSE POSITIVE,0.661749944,131.86076,4.112,215.6,,0.25
K00140.01,5130369,0,FALSE POSITIVE,19.97867,137.17061,10.168,944.3,,0.08482379466295242
K03687.01,2452440,0,FALSE POSITIVE,8.097050622,138.423529,5.6736,65620.0,,0.1167832612991333
K01049.01,5876368,0,FALSE POSITIVE,0.525426427,133.187901,1.0801,324.6,,0.25
K01837.02,10657406,1,CONFIRMED,1.682934607,131.96807,1.8846,142.7,,0.1866382658481598
K04695.01,4852297,0,FALSE POSITIVE,3.28931936,133.90141,1.921,166.0,,0.09733523428440094
K06321.01,3327980,0,FALSE POSITIVE,2.115510941,131.99122,7.2877,415163.0,,0.25
K07340.01,10547685,0,FALSE POSITIVE,1.388509353,131.786298,2.84811,37637.5,,0.25
K00977.01,11192141,0,FALSE POSITIVE,1.353771892,261.43662,7.012,1349.1,,0.25
K03969.01,5475494,0,FALSE POSITIVE,0.73619448,132.08341,1.1148,247.3,,0.25
K01044.01,5802246,0,FALSE POSITIVE,0.525154153,133.744359,2.1441,747.5,,0.25
K01440.01,11032227,1,CONFIRMED,7.19304935,136.05065,3.407,255.3,,0.0789419487118721
K01036.01,5982353,0,FALSE POSITIVE,19.563092517,134.3548284,6.9547,12992.2,,0.05925017595291138
K02901.01,9366886,0,FALSE POSITIVE,0.633514386,131.56236,1.2792,179.1,,0.25
K01323.01,4076098,1,CONFIRMED,3.990105908,355.840837,2.4108,6154.9,,0.10069908201694489
K07036.01,8414216,0,FALSE POSITIVE,11.93137992,142.82366,3.639,122.1,,0.050832342356443405
K07187.01,9540450,0,FALSE POSITIVE,1.077358008,131.600551,3.6713,311051.0,,0.25
K07384.01,10867017,0,FALSE POSITIVE,0.876941133,132.26899,1.296,73.5,,0.24631071090698242
K00505.01,5689351,1,CONFIRMED,13.76710058,174.81089,2.9105,684.8,,0.0352349653840065
K06404.01,4352168,0,FALSE POSITIVE,10.643743766,134.9422857,6.29783,436506.0,,0.09861551970243454
K01322.01,4079535,0,FALSE POSITIVE,17.72724392,356.795528,4.1073,16878.0,,0.03861570358276367
K06076.01,10026458,0,FALSE POSITIVE,9.93443795,132.87307,8.098,2750.0,,0.13585737347602844
K07055.01,8553788,0,FALSE POSITIVE,1.606163631,131.6342249,4.92516,144603.0,,0.25
K01909.03,10130039,1,CONFIRMED,25.0985083,145.56829,2.7727,167.6,,0.018412116914987564
K03330.01,4736644,1,CONFIRMED,16.2951259,144.80425,3.678,197.9,,0.03761861100792885
K02273.01,9717943,1,CONFIRMED,6.11010439,136.91214,2.314,59.7,,0.06311948597431183
K03099.01,5124254,0,FALSE POSITIVE,14.0498182,140.50396,2.907,472.0,,0.03448443114757538
K02363.01,7987866,1,CONFIRMED,3.13877646,133.65614,1.6663,174.1,,0.08847927302122116
K03633.01,11858741,0,FALSE POSITIVE,1.780982447,131.520134,3.4297,357695.0,,0.25
K04829.02,12401132,0,FALSE POSITIVE,12.083457,134.475,3.536,312.5,,0.04877191409468651
K04403.01,7703882,1,CONFIRMED,5.88350251,136.9451,2.556,217.7,,0.0724058523774147
K02978.01,10686814,0,FALSE POSITIVE,2.61846258,134.02945,3.505,275.3,,0.22309528291225433
K06035.01,7295570,0,FALSE POSITIVE,3.6037011,131.6711,2.994,16112.0,,0.13846875727176666
K07456.01,11560382,0,FALSE POSITIVE,0.527679032,131.81119,1.395,84.1,,0.25
K00286.01,8258171,0,FALSE POSITIVE,23.6272223,173.65096,7.9,154.6,,0.055726680904626846
K02243.02,4770617,1,CONFIRMED,8.45805119,137.06123,2.998,258.7,,0.05907586216926575
K05381.01,7345136,0,FALSE POSITIVE,28.7369766,153.842,1.586,525.0,,0.009198369458317757
K01579.01,9898364,0,FALSE POSITIVE,7.132351753,134.473083,2.9674,744.1,,0.06934131681919098
K00664.03,6442340,1,CONFIRMED,23.4433748,152.00588,5.768,85.0,,0.04100660979747772
K02668.01,5513012,1,CONFIRMED,0.679336747,132.856178,1.2188,240.7,,0.25
K04874.01,7117549,0,FALSE POSITIVE,0.566805268,131.8224,3.721,35.7,,0.25
K02820.01,11963206,1,CONFIRMED,3.00912491,131.62696,2.228,191.4,,0.1234024316072464
K07137.01,9156957,0,FALSE POSITIVE,3.6673005,133.1255,3.373,144.9,,0.15329168736934662
K04312.01,10722485,1,CONFIRMED,7.84931877,134.8747,3.747,68.2,,0.07956104725599289
K00927.01,9097120,0,FALSE POSITIVE,23.899634407,188.982797,3.81881,20953.1,,0.026630882173776627
K06553.01,5285607,0,FALSE POSITIVE,1.949700508,132.4267375,4.35014,38119.2,,0.25
K00710.02,9590976,1,CONFIRMED,8.58600968,137.95984,3.3443,102.1,,0.06491762399673462
K00090.01,9210823,0,FALSE POSITIVE,0.828206212,135.722038,1.737,132.3,,0.25
K04673.01,10794509,0,FALSE POSITIVE,1.428596987,132.79165,2.1401,50.0,,0.24967387318611145
K07447.01,11457191,0,FALSE POSITIVE,1.149198426,131.817374,4.1603,37721.0,,0.25
K03814.01,2997178,0,FALSE POSITIVE,5.95077813,135.06469,5.6,761.8,,0.15684223175048828
K03470.02,9995771,1,CONFIRMED,25.4337864,143.1302,6.514,302.0,,0.04268600419163704
K02605.01,10407221,0,FALSE POSITIVE,0.933746783,131.51962,4.255,417.5,,0.25
K06847.01,7204073,0,FALSE POSITIVE,0.566801906,131.79673,1.626,89.7,,0.25
K00787.01,12366084,1,CONFIRMED,4.431238488,171.015,3.15,1010.9,,0.11847703903913498
K00747.01,10583066,1,CONFIRMED,6.02930329,171.602959,1.5821,1912.7,,0.0437336340546608
K06487.01,5018787,0,FALSE POSITIVE,0.607191908,132.0195301,1.30166,17368.7,,0.25
K03744.01,11303811,0,FALSE POSITIVE,1.705780649,133.15662,1.6271,15498.0,,0.15897901356220245
K01891.02,8680979,1,CONFIRMED,8.25980352,137.47021,2.928,298.4,,0.0590813085436821
K01155.01,10342041,0,FALSE POSITIVE,0.933746515,133.387415,6.6522,2936.6,,0.25
K01905.01,10328393,1,CONFIRMED,7.62635494,136.01585,2.4168,296.1,,0.05281684547662735
K07947.01,9592831,0,FALSE POSITIVE,0.609668222,131.934,2.836,287.6,,0.25
K02148.03,6021193,1,CONFIRMED,3.61460279,134.69521,3.227,64.8,,0.14879459142684937
K08087.01,3443582,0,FALSE POSITIVE,1.085965104,132.006611,10.716,10578.7,,0.25
K02332.01,5534941,1,CONFIRMED,3.70063251,133.16065,5.408,68.6,,0.24356196820735931
K04748.01,11513486,1,CONFIRMED,6.64754478,137.13371,1.961,289.3,,0.04916602373123169
K00609.01,5608566,0,FALSE POSITIVE,4.396999852,172.023406,1.875,4576.8,,0.07107118517160416
K05187.01,5650420,0,FALSE POSITIVE,1.049406508,131.80328,3.0072,447.5,,0.25
K00528.01,9941859,1,CONFIRMED,9.57665962,176.683759,3.3603,746.8,,0.058480724692344666
K07440.01,11358392,0,FALSE POSITIVE,0.984971822,132.402887,1.64247,6683.5,,0.25
K00816.01,4664847,1,CONFIRMED,7.748094239,174.997206,3.5957,2472.1,,0.07734590023756027
K03934.01,9655419,0,FALSE POSITIVE,1.92149487,133.2283,1.891,1006.0,,0.1640215963125229
K02939.01,5473556,0,FALSE POSITIVE,11.258825027,134.7384085,8.9592,196280.0,,0.13262484967708588
K06298.01,2969638,0,FALSE POSITIVE,1.97362159,131.90168,3.29,,,0.25
K00020.01,11804465,1,CONFIRMED,4.437962934,171.0091259,4.69813,16387.6,,0.17643718421459198
K02328.01,8007644,1,CONFIRMED,25.2034128,137.56393,4.515,697.1,,0.02985706739127636
K01882.01,6205228,1,CONFIRMED,3.770590654,133.39088,2.029,314.4,,0.08968532830476761
K01416.01,11517719,1,CONFIRMED,2.495780169,135.336948,4.2721,25070.0,,0.25
K08036.01,10877024,0,FALSE POSITIVE,0.786483923,131.84261,7.035,233.3,,0.25
K02638.01,6211812,1,CONFIRMED,2.524017517,133.85946,1.1968,303.0,,0.0790274515748024
K07274.01,10026136,0,FALSE POSITIVE,9.080194398,136.8170208,8.18777,324573.0,,0.1502862423658371
K02103.01,7620413,1,CONFIRMED,2.543063763,132.68159,2.8473,152.0,,0.18660561740398407
K07948.01,9602658,0,FALSE POSITIVE,3.55650403,133.5416,6.862,132.3,,0.25
K02619.01,8081905,1,CONFIRMED,3.27645723,131.97924,2.219,323.0,,0.11287598311901093
K00866.01,6862603,0,FALSE POSITIVE,2.861159894,171.648106,1.8832,1014.3,,0.10969910025596619
K01300.01,10975146,1,CONFIRMED,0.63133171,133.94488,1.1487,434.5,,0.25
K03380.01,3120308,0,FALSE POSITIVE,10.26558924,136.49645,3.879,254.6,,0.0629773885011673
K04335.01,10730070,1,CONFIRMED,7.61758198,137.50008,3.545,85.4,,0.07756179571151733
K02991.01,4848424,0,FALSE POSITIVE,1.50179931,131.55611,3.275,100.1,,0.25
K03055.01,7281454,0,FALSE POSITIVE,0.566805887,131.8203886,5.2317,1.7,,0.25
K06754.01,6672229,0,FALSE POSITIVE,23.832382513,143.2182023,7.06068,278997.0,,0.049377355724573135
K02079.01,9473078,1,CONFIRMED,0.693842661,132.18157,1.6197,49.3,,0.25
K05999.01,5254230,0,FALSE POSITIVE,7.035518449,137.950087,3.5286,2139.0,,0.08359014242887497
K02778.01,7769819,1,CONFIRMED,2.21571296,131.82107,1.8211,285.1,,0.1369837522506714
K02791.01,11662184,1,CONFIRMED,27.5722144,145.39543,5.256,296.3,,0.03177111595869064
K01035.01,5963222,0,FALSE POSITIVE,1.217266418,133.328666,3.3208,5811.5,,0.25
K03831.01,5649836,0,FALSE POSITIVE,0.597933142,131.95669,3.47133,284383.0,,0.25
K01298.01,10604335,1,CONFIRMED,11.00817635,143.22611,2.013,1462.5,,0.03047734685242176
K07438.01,11350389,0,FALSE POSITIVE,1.51264208,132.025984,1.871,23842.0,,0.20615144073963165
K04304.01,11612280,1,CONFIRMED,9.4061364,137.7073,4.882,79.5,,0.08650381118059158
K06119.01,4740676,0,FALSE POSITIVE,3.454241684,131.711253,4.69505,88194.9,,0.22653548419475555
K06335.01,3441340,0,FALSE POSITIVE,0.806277023,131.78567,7.275,70.8,,0.25
K03028.01,9838804,0,FALSE POSITIVE,1.33256952,132.03835,2.915,163.5,,0.25
K04560.01,5282437,0,FALSE POSITIVE,0.992799002,131.70842,3.4878,1653.0,,0.25
K06121.01,4826439,0,FALSE POSITIVE,1.237147407,132.6581514,7.06623,435364.0,,0.25
K02737.01,6614629,0,FALSE POSITIVE,0.526615152,131.49908,1.0582,64.0,,0.25
K01616.01,9015738,1,CONFIRMED,13.93291548,139.41058,2.6239,131.6,,0.03138730674982071
K00827.01,5283542,0,FALSE POSITIVE,5.97581754,174.77602,3.065,962.4,,0.08548342436552048
K02475.01,8746295,0,FALSE POSITIVE,6.85567248,136.01953,2.268,197.7,,0.055136822164058685
K07299.01,10258558,0,FALSE POSITIVE,20.867855659,136.4038679,5.73122,82601.4,,0.045773908495903015
K04049.01,4679687,0,FALSE POSITIVE,1.027904857,132.444316,1.6381,2381.2,,0.25
K04778.01,5651829,0,FALSE POSITIVE,0.772152075,132.2074,1.78,43.6,,0.25
K02253.01,8959839,1,CONFIRMED,22.7082375,133.72114,3.503,298.8,,0.025710200890898705
K01724.01,10214162,1,CONFIRMED,17.42393582,148.82614,4.929,770.9,,0.047147784382104874
K02011.02,5384079,1,CONFIRMED,17.2653659,135.3549,5.02,67.9,,0.0484592504799366
K03741.03,8780959,1,CONFIRMED,5.1117547,133.76122,3.281,267.8,,0.10697565972805023
K04262.01,9641144,0,FALSE POSITIVE,1.089076495,132.02703,2.274,43.7,,0.25
K00402.01,3342592,0,FALSE POSITIVE,17.177328207,170.54643,7.6702,24419.2,,0.07442174106836319
K02203.01,2581191,0,FALSE POSITIVE,1.99042642,132.71317,3.083,133.8,,0.25
K03638.01,5181804,0,FALSE POSITIVE,4.350460215,132.27239,2.5276,50424.0,,0.09683267027139664
K03786.01,2854948,0,FALSE POSITIVE,0.97430309,132.390205,2.1088,34976.0,,0.25
K04026.01,4067110,0,FALSE POSITIVE,0.735146413,131.49953,5.053,275.4,,0.25
K00451.01,6200715,0,FALSE POSITIVE,3.723560726,172.17977,3.435,540.0,,0.1537506878376007
K02270.01,9728465,0,FALSE POSITIVE,7.35390869,132.01829,2.061,92.9,,0.046709854155778885
K07550.01,4483235,0,FALSE POSITIVE,1.7609276,132.30263,5.189,57.3,,0.25
K04476.01,3732894,0,FALSE POSITIVE,1.540379557,132.00637,2.026,76.9,,0.21921004354953766
K02471.01,5436013,1,CONFIRMED,25.8859397,157.04329,4.548,217.1,,0.029282305389642715
K06656.01,6048255,0,FALSE POSITIVE,0.57627248,132.0811,1.75,,,0.25
K00414.02,5872150,0,FALSE POSITIVE,5.92240377,173.81802,3.691,413.4,,0.10387111455202103
K00102.02,8456679,1,CONFIRMED,4.06844957,132.27614,2.8349,79.8,,0.11613351106643677
K00834.02,5436502,1,CONFIRMED,13.23352214,140.32196,6.7372,504.6,,0.08485017716884613
K00285.01,6196457,1,CONFIRMED,13.74883059,179.279158,6.0968,425.9,,0.07390689104795456
K04225.01,9535876,0,FALSE POSITIVE,0.960843605,131.7739,3.22,141.7,,0.25
K04173.01,9490653,0,FALSE POSITIVE,1.227986164,131.84491,1.551,150.5,,0.21050725877285004
K00397.01,4376644,0,FALSE POSITIVE,27.677680103,173.796579,2.1704,11545.0,,0.013069496490061283
K00295.02,11547513,1,CONFIRMED,10.10575764,135.50958,2.0138,116.8,,0.0332120917737484
K04411.01,5281113,1,CONFIRMED,11.17931581,131.64123,3.103,90.6,,0.046261031180620193
K02029.03,9489524,1,CONFIRMED,6.8873113,132.0711,2.214,85.3,,0.05357678607106209
K05145.01,5263802,0,FALSE POSITIVE,3.350209754,131.838052,4.43333,28325.4,,0.22054986655712128
K00738.02,10358759,1,CONFIRMED,13.28689997,172.11932,3.2825,1039.6,,0.04117463901638985
K06995.01,8229048,0,FALSE POSITIVE,2.739477089,131.930634,3.18229,32096.1,,0.193606898188591
K01713.02,8230616,1,CONFIRMED,2.240486703,137.82477,1.3988,436.3,,0.1040547713637352
K04731.01,9083470,0,FALSE POSITIVE,0.91842238,131.5859,5.664,162.9,,0.25
K01116.01,2849805,1,CONFIRMED,3.749105745,135.10837,1.9826,182.6,,0.08813657611608505
K01499.01,7841925,1,CONFIRMED,14.16400071,140.58934,4.3031,728.1,,0.0506342351436615
K06305.01,3110937,0,FALSE POSITIVE,1.89121656,132.7016,5.14,66.8,,0.25
K02214.01,10328458,1,CONFIRMED,2.352273912,131.80267,1.7389,318.6,,0.12320702522993088
K08016.01,10471005,0,FALSE POSITIVE,0.93374635,131.5163,3.074,34.3,,0.25
K00401.01,3217264,1,CONFIRMED,29.19899219,185.440631,5.1227,2047.2,,0.029240164905786514
K02139.01,8175131,0,FALSE POSITIVE,4.27121961,132.10466,2.9283,966.7,,0.11426478624343872
K07690.01,4284980,0,FALSE POSITIVE,2.2430415,133.4408,3.63,101.1,,0.25
K00567.01,7445445,1,CONFIRMED,10.68758211,169.93115,3.3812,777.7,,0.05272785946726799
K06049.01,8023317,0,FALSE POSITIVE,16.579028045,146.733098,7.803,37979.8,,0.07844247668981552
K00506.01,5780715,0,FALSE POSITIVE,1.583160478,169.965242,1.1935,732.6,,0.12564529478549957
K07885.01,8429014,0,FALSE POSITIVE,9.72869627,140.71571,5.628,252.2,,0.09641579538583755
K03973.01,11568224,0,FALSE POSITIVE,0.882131829,131.900716,6.8106,3620.9,,0.25
K02086.03,6768394,1,CONFIRMED,11.8984948,133.34685,3.015,130.9,,0.04223223403096199
K00940.01,9479273,1,CONFIRMED,6.104849417,169.573477,4.6912,2090.3,,0.128073051571846
K08010.01,10405546,0,FALSE POSITIVE,0.93373718,132.4634,2.582,18.9,,0.25
K01689.01,6312534,0,FALSE POSITIVE,1.507761203,132.942717,3.096,2773.7,,0.25
K04729.01,11913072,0,FALSE POSITIVE,3.74779583,134.2022,3.157,88.5,,0.14039362967014313
K02829.01,6197215,1,CONFIRMED,10.61345333,135.6898,0.9829,150.2,,0.015434812754392624
K02153.02,10253547,1,CONFIRMED,25.7457957,135.94806,7.073,140.3,,0.04578741267323494
K02163.02,11358389,1,CONFIRMED,17.7838298,146.91035,3.997,247.1,,0.0374591238796711
K06841.01,7199935,0,FALSE POSITIVE,0.566795728,131.8148,2.79,18.9,,0.25
K01086.01,10122255,1,CONFIRMED,27.6652847,144.8714,6.633,469.2,,0.039959825575351715
K00217.01,9595827,1,CONFIRMED,3.905081685,133.4150433,2.8213,21340.5,,0.1204114779829979
K01584.01,9941066,1,CONFIRMED,5.87063416,137.24813,2.5736,505.6,,0.07306422293186188
K02974.01,3336283,0,FALSE POSITIVE,0.576441813,131.68331,2.027,60.8,,0.25
K02595.01,8883329,1,CONFIRMED,9.18244299,134.04601,4.318,87.6,,0.07837420701980591
K07324.01,10417704,0,FALSE POSITIVE,3.0082548,132.68976,2.38,,,0.13185939192771912
K04436.01,8308260,0,FALSE POSITIVE,0.973160836,132.25412,0.864,138.3,,0.14797143638134003
K02904.01,3969687,1,CONFIRMED,16.3583482,141.25354,9.858,116.4,,0.10043801367282867
K05456.01,7982917,0,FALSE POSITIVE,11.8045536,141.8433,3.195,128.9,,0.04510971158742905
K00775.02,11754553,1,CONFIRMED,7.8774163,176.3759,2.0805,1306.1,,0.04401823878288269
K03148.01,10611420,0,FALSE POSITIVE,11.50528603,135.1016,2.098,260.2,,0.03039182722568512
K05990.01,3858919,0,FALSE POSITIVE,25.9522913,154.8689,10.977,557.8,,0.07049474120140076
K00164.01,5652237,0,FALSE POSITIVE,4.4645454,132.31538,2.8823,194.3,,0.10759960860013962
K07280.01,10063044,0,FALSE POSITIVE,1.009671584,131.5869372,4.37759,155117.0,,0.25
K02832.01,9995402,1,CONFIRMED,3.57551429,132.86125,2.364,92.8,,0.11019393801689148
K01085.01,10118816,1,CONFIRMED,7.71790675,139.15725,1.84,306.8,,0.039734434336423874
K00903.01,8039892,1,CONFIRMED,5.007316661,173.433997,4.2362,6932.3,,0.14100033044815063
K00742.01,10419211,0,FALSE POSITIVE,11.521446064,170.839688,3.6399,17984.3,,0.05265397951006889
K00496.01,4454752,1,CONFIRMED,1.616883373,169.80396,1.6325,437.3,,0.16827641427516937
K05361.01,7138841,0,FALSE POSITIVE,22.0495604,133.82677,3.428,134.5,,0.025911325588822365
K00117.01,10875245,1,CONFIRMED,14.74914825,138.77799,6.0995,430.2,,0.06892488151788712
K07927.01,9118340,0,FALSE POSITIVE,1.035329922,132.3319,3.8022,992.8,,0.25
K04013.01,4832225,0,FALSE POSITIVE,0.947730124,132.39338,1.1171,152.5,,0.1964518427848816
K01453.01,7842610,0,FALSE POSITIVE,0.971933156,133.853925,1.9265,4786.0,,0.25
K02649.01,6842682,1,CONFIRMED,7.56126152,135.6368,2.851,180.6,,0.06284224987030029
K00869.04,6948054,1,CONFIRMED,3.219814777,133.00406,2.0642,488.2,,0.10684879869222641
K02266.01,10489345,1,CONFIRMED,1.003931703,132.09988,1.4361,491.1,,0.23841263353824615
K02029.01,9489524,1,CONFIRMED,16.33269981,136.90909,2.174,300.4,,0.02218453399837017
K06712.01,6448768,0,FALSE POSITIVE,16.486796364,131.6041706,7.06797,48942.8,,0.07145081460475922
K03356.01,6368230,1,CONFIRMED,26.0841212,149.4437,6.141,259.7,,0.03923843055963516
K04746.01,2711597,0,FALSE POSITIVE,0.98041685,131.78321,0.919,105.7,,0.15622606873512268
K06997.01,8234477,0,FALSE POSITIVE,4.028671454,133.9542149,8.12253,113967.0,,0.25
K06558.01,5298620,0,FALSE POSITIVE,12.4239677,141.676,16.01,162.4,,0.2147730439901352
K02403.01,2142522,1,CONFIRMED,13.32354078,134.03671,3.873,116.6,,0.04844808205962181
K03768.01,5360082,0,FALSE POSITIVE,11.35501209,133.20478,14.557,19675.0,,0.21366482973098755
K02251.01,5479802,0,FALSE POSITIVE,13.26255423,136.29135,4.65,916.4,,0.05843519791960716
K00166.01,2441495,1,CONFIRMED,12.49340725,138.462232,2.2614,715.7,,0.03016791120171547
K01358.03,7376983,1,CONFIRMED,3.64830183,355.39128,1.9985,371.7,,0.0912981852889061
K06977.01,8145789,0,FALSE POSITIVE,0.835315046,131.9570817,2.45449,16876.4,,0.25
K01015.02,8158127,1,CONFIRMED,4.08897299,135.76402,3.585,157.9,,0.1461247056722641
K03619.01,8095110,0,FALSE POSITIVE,2.1032389,132.868177,6.4774,24852.5,,0.25
K00676.01,7447200,1,CONFIRMED,7.972510087,171.585057,2.9754,3139.0,,0.06220123916864395
K00656.01,5966660,0,FALSE POSITIVE,1.906633332,170.064102,3.0825,268.0,,0.25
K01104.01,2851100,0,FALSE POSITIVE,0.890110752,133.2647,0.8774,321.5,,0.16428667306900024
K00732.03,10265898,1,CONFIRMED,5.25449393,132.55624,3.078,169.0,,0.09763071686029434
K07356.01,10661976,0,FALSE POSITIVE,0.61566096,131.8348,2.669,13.9,,0.25
K01832.02,11709244,1,CONFIRMED,12.76220558,143.73026,2.0688,653.8,,0.027017273008823395
K00793.01,2445129,0,FALSE POSITIVE,10.31872301,173.31543,3.836,871.7,,0.061958570033311844
K05168.01,5440651,0,FALSE POSITIVE,0.502807253,131.6152743,1.01493,4658.7,,0.25
K06433.01,4665989,0,FALSE POSITIVE,1.124033822,131.62878,5.5728,247561.0,,0.25
K00693.02,8738735,1,CONFIRMED,15.66057688,146.3487,7.012,384.1,,0.07462475448846817
K04500.01,9100953,1,CONFIRMED,8.70179611,138.24633,3.048,304.1,,0.05837875232100487
K02023.01,8578780,1,CONFIRMED,13.59051547,133.07217,3.784,621.9,,0.04640491306781769
K05722.01,9847239,0,FALSE POSITIVE,28.507877538,132.793009,3.13331,24372.3,,0.018318386748433113
K04177.01,9640962,0,FALSE POSITIVE,1.089077224,132.02477,2.705,152.7,,0.25
K02091.01,5705819,1,CONFIRMED,8.77997349,138.48383,3.2201,755.7,,0.061125848442316055
K05947.01,11968514,0,FALSE POSITIVE,1.036592136,132.089545,2.296,2118.2,,0.25
K01352.01,6956233,0,FALSE POSITIVE,4.81886153,358.16338,6.223,1318.6,,0.21523064374923706
K06718.01,6468938,0,FALSE POSITIVE,7.217010987,135.4523674,4.4215,78713.8,,0.10210829228162766
K03981.01,5895588,0,FALSE POSITIVE,0.849277809,132.17649,3.137,690.8,,0.25
K02169.03,9006186,1,CONFIRMED,4.27226421,133.21863,2.113,48.9,,0.08243092149496078
K00979.01,5648449,0,FALSE POSITIVE,4.348866254,262.72768,3.2797,625.6,,0.125691756606102
K01219.01,3440861,0,FALSE POSITIVE,3.50376155,134.6825677,3.16,,,0.15031464397907257
K01942.01,2832589,1,CONFIRMED,10.84969477,136.74432,3.474,1122.1,,0.053365558385849
K01987.01,2021440,0,FALSE POSITIVE,7.81153999,136.33101,5.984,912.8,,0.12767435610294342
K06728.01,6543682,0,FALSE POSITIVE,1.195516859,132.302869,6.17216,513813.0,,0.25
K01531.01,11764462,1,CONFIRMED,5.69919592,136.58738,2.3906,159.4,,0.0699104443192482
K00597.02,10600261,1,CONFIRMED,2.09227115,133.06258,2.4062,207.6,,0.19167369604110718
K05295.01,6526377,0,FALSE POSITIVE,1.39508873,132.059107,2.09,,,0.24968543648719788
K03468.01,5213404,1,CONFIRMED,20.7057153,139.9803,9.678,115.9,,0.0779011994600296
K08067.01,11819135,0,FALSE POSITIVE,1.901655058,132.83364,4.6545,87321.0,,0.25
K02980.01,9468551,1,CONFIRMED,1.638652525,132.29025,1.952,166.9,,0.19853711128234863
K07128.01,9083503,0,FALSE POSITIVE,0.91839938,131.6132,4.479,152.1,,0.25
K07728.01,5456319,0,FALSE POSITIVE,0.937923475,132.34501,3.164,40.4,,0.25
K01253.01,8462258,0,FALSE POSITIVE,3.611541977,357.25064,8.6068,2972.3,,0.25
K07530.01,12367310,0,FALSE POSITIVE,8.627475562,139.9908385,4.65505,36784.3,,0.08992684632539749
K02581.01,11818872,1,CONFIRMED,12.7372371,136.0162,3.358,100.8,,0.04393940791487694
K00529.01,10068030,0,FALSE POSITIVE,2.023123903,170.513161,1.1829,1288.9,,0.09744830429553986
K07399.01,10992733,0,FALSE POSITIVE,18.525917446,144.1948764,5.9056,455661.0,,0.0531291738152504
K00341.02,10878263,1,CONFIRMED,4.699652821,177.61519,2.553,351.4,,0.09053860604763031
K06963.01,8097825,0,FALSE POSITIVE,1.46842648,132.165432,6.6666,150998.0,,0.25
K02606.01,5991936,0,FALSE POSITIVE,6.09740316,133.32402,4.635,568.5,,0.12669327855110168
K04697.01,9474483,0,FALSE POSITIVE,0.512583041,131.77571,1.498,114.3,,0.25
K04513.01,9216775,1,CONFIRMED,3.91794676,132.86384,2.549,116.5,,0.10843264311552048
K00252.01,11187837,1,CONFIRMED,17.60461401,170.4984,3.716,2292.1,,0.035180170089006424
K06839.01,7185487,0,FALSE POSITIVE,0.53482911,131.7369,0.996,704.0,,0.25
K03366.01,10484409,0,FALSE POSITIVE,10.6784787,140.159,2.307,201.0,,0.036007001996040344
K00918.02,8672910,0,FALSE POSITIVE,5.71489488,134.87432,2.0705,292.5,,0.0603831447660923
K02772.01,11966253,0,FALSE POSITIVE,0.643468999,131.83868,1.1108,108.0,,0.25
K03412.01,5780930,1,CONFIRMED,16.7525077,131.59834,3.174,338.3,,0.03157736361026764
K01949.01,3122985,0,FALSE POSITIVE,0.993488979,131.607354,1.9694,24327.0,,0.25
K02586.01,9827149,1,CONFIRMED,2.131945045,133.65547,1.8061,269.4,,0.1411934494972229
K00542.02,11669239,1,CONFIRMED,13.81733587,135.03413,4.261,223.2,,0.05139678716659546
K04562.02,8652360,0,FALSE POSITIVE,0.968065631,131.97214,1.772,92.5,,0.25
K04682.01,5024252,0,FALSE POSITIVE,2.15052332,132.3132,3.447,115.5,,0.25
K01644.01,11043136,0,FALSE POSITIVE,2.621706694,131.88227,1.941,4572.0,,0.12339290231466293
K03138.01,6444896,1,CONFIRMED,8.68910764,133.23559,1.1627,1679.0,,0.022301867604255676
K06408.01,4372410,0,FALSE POSITIVE,0.550537628,131.6623478,1.216,72.0,,0.25
K07499.01,11967004,0,FALSE POSITIVE,1.941635737,133.1097354,2.46683,69814.1,,0.21174843609333038
K04379.01,7703910,0,FALSE POSITIVE,1.275511306,132.44654,1.889,69.3,,0.24682912230491638
K03158.03,6278762,1,CONFIRMED,6.18943952,134.78,2.3316,83.2,,0.0627843588590622
K03024.01,12833566,0,FALSE POSITIVE,0.537839241,131.58521,2.169,23.5,,0.25
K02690.01,5369827,1,CONFIRMED,3.606940379,134.77442,1.0418,432.3,,0.04813867434859276
K03077.01,2715695,1,CONFIRMED,4.09578199,131.61992,1.704,405.5,,0.06933962553739548
K03021.01,3348285,0,FALSE POSITIVE,0.803835923,131.80207,1.397,52.6,,0.25
K02579.02,9896018,1,CONFIRMED,3.59645081,132.77209,2.661,149.6,,0.12331601977348328
K00082.05,10187017,1,CONFIRMED,5.28691996,135.85427,2.579,41.5,,0.08130127191543579
K04617.01,9701962,1,CONFIRMED,27.4784659,148.6101,7.5,83.2,,0.045490168035030365
K02388.01,12071037,0,FALSE POSITIVE,6.0959841,135.0254,10.39,112.7,,0.25
K00459.02,7977197,1,CONFIRMED,6.91986988,134.11594,3.4253,170.1,,0.08249914646148682
K01080.01,10158990,0,FALSE POSITIVE,1.096583368,133.61436,2.1188,308.5,,0.25
K02868.01,8884274,1,CONFIRMED,10.65275054,136.08994,2.684,740.7,,0.04199228435754776
K02674.02,8022489,1,CONFIRMED,11.1726723,140.00764,6.106,76.8,,0.09108534455299377
K02457.01,9753154,1,CONFIRMED,3.70429015,132.21478,3.37,55.7,,0.15162599086761475
K08061.01,11709006,0,FALSE POSITIVE,0.719741,131.898,2.628,32.2,,0.25
K02136.01,5288570,0,FALSE POSITIVE,1.728528176,131.80851,3.682,197.6,,0.25
K02073.03,8164257,1,CONFIRMED,16.85825609,142.34289,2.0728,759.6,,0.0204924326390028
K06879.01,7455553,0,FALSE POSITIVE,3.258249472,134.59656,2.6358,1643.5,,0.13482700288295746
K02871.01,10793172,1,CONFIRMED,12.0999065,143.04424,3.558,165.5,,0.04900864139199257
K02768.03,9008737,0,FALSE POSITIVE,11.83271013,137.5928634,6.152,176.3,,0.08665245026350021
K00322.01,8948424,0,FALSE POSITIVE,5.888835386,173.582863,3.7988,19466.0,,0.10751418769359589
K03906.01,9892856,0,FALSE POSITIVE,2.406574511,133.73667,3.4382,738.0,,0.23811161518096924
K00184.01,7972785,0,FALSE POSITIVE,7.300735516,133.5664741,5.78725,13051.7,,0.1321156769990921
K01396.01,9455556,1,CONFIRMED,6.62643441,183.98789,3.1752,814.6,,0.07986195385456085
K00663.02,6425957,1,CONFIRMED,20.30652862,172.6581,2.8014,715.4,,0.022992605343461037
K00967.01,6579806,0,FALSE POSITIVE,9.88047978,173.608672,2.78458,18541.0,,0.04697106406092644
K00997.01,2157247,0,FALSE POSITIVE,5.68628739,135.89269,17.573,5559.7,,0.25
K00599.01,10676824,1,CONFIRMED,6.45442931,173.21478,2.6772,586.1,,0.06913082301616669
K00022.01,9631995,1,CONFIRMED,7.891448838,177.2499624,4.2854,10344.6,,0.09050724655389786
K01090.01,3232859,0,FALSE POSITIVE,8.387210055,138.903759,1.6477,4952.0,,0.03274231404066086
K02243.01,4770617,1,CONFIRMED,5.18560081,132.32455,4.054,252.6,,0.13029669225215912
K04133.01,7601918,0,FALSE POSITIVE,0.621361411,131.67283,1.0628,45.0,,0.25
K01498.01,9636135,1,CONFIRMED,5.83376197,138.74892,3.9988,532.9,,0.1142430305480957
K04536.01,7281484,0,FALSE POSITIVE,0.566800593,131.8233,3.909,12.3,,0.25
K00817.02,4725681,1,CONFIRMED,8.29561738,135.79284,1.3421,824.3,,0.026964036747813225
K00195.01,11502867,1,CONFIRMED,3.217518511,133.6320632,2.11481,14319.4,,0.10954663902521133
K02085.01,8260234,0,FALSE POSITIVE,5.71483873,132.13046,2.748,286.2,,0.08014224469661713
K04662.01,10407210,0,FALSE POSITIVE,0.933728755,131.54241,4.363,13.5,,0.25
K04867.01,9509223,0,FALSE POSITIVE,14.2005007,135.7279,5.232,80.6,,0.06140628457069397
K01690.01,6470917,0,FALSE POSITIVE,1.506019633,133.02809,2.408,136.9,,0.25
K00757.03,10910878,1,CONFIRMED,6.252962249,171.30126,2.5819,1036.9,,0.06881804764270782
K01309.01,10854768,1,CONFIRMED,10.1171684,137.44489,4.6677,288.7,,0.07689404487609863
K03270.01,6612327,0,FALSE POSITIVE,21.993112,131.68608,8.616,1015.7,,0.06529317051172256
K03545.01,8244173,0,FALSE POSITIVE,1.092066399,132.1028432,2.97608,401890.0,,0.25
K00440.02,2438264,1,CONFIRMED,4.973455252,170.885791,1.6519,741.6,,0.05535722151398659
K02647.01,11962284,1,CONFIRMED,8.83929462,135.54125,1.719,316.2,,0.032412089407444
K00891.01,7663691,1,CONFIRMED,10.00653012,176.96898,5.344,936.1,,0.08900853991508484
K05986.01,3530668,0,FALSE POSITIVE,1.946198513,132.314091,4.0336,130722.0,,0.25
K01107.01,3228959,0,FALSE POSITIVE,0.73094589,133.68876,4.32,250.2,,0.25
K02555.01,5350244,1,CONFIRMED,12.5722897,143.0663,4.765,86.5,,0.06316801905632019
K02429.01,9911882,0,FALSE POSITIVE,1.595630597,136.13782,1.793,259.6,,0.1872822791337967
K02025.03,4636578,1,CONFIRMED,11.1895709,140.63504,5.3,143.3,,0.07894255965948105
K05171.01,5467126,0,FALSE POSITIVE,2.845736321,134.280263,11.5703,3127.0,,0.25
K02038.01,8950568,1,CONFIRMED,8.30537702,139.7437,3.751,365.6,,0.07527252286672592
K05801.02,10535708,0,FALSE POSITIVE,0.93373761,131.53,3.303,58.7,,0.25
K02611.01,8885673,0,FALSE POSITIVE,1.228721184,133.49967,1.041,465.6,,0.14120371639728546
K07105.01,8879915,0,FALSE POSITIVE,1.721313779,132.5318957,3.54768,534625.0,,0.25
K07871.01,8197767,0,FALSE POSITIVE,1.247121237,132.39461,9.363,966.7,,0.25
K01351.01,6964043,0,FALSE POSITIVE,10.72396374,357.14874,3.8439,13518.0,,0.059740036725997925
K06536.01,5181455,0,FALSE POSITIVE,5.579631021,133.5534687,3.38646,118321.0,,0.10115543752908707
K04681.01,3857860,0,FALSE POSITIVE,8.2344072,137.4733,2.808,59.2,,0.05683469399809837
K06857.01,7281699,0,FALSE POSITIVE,0.566786121,131.8363,3.404,81.8,,0.25
K03910.01,10491062,0,FALSE POSITIVE,2.199076661,133.06147,6.11,777.4,,0.25
K07173.01,9451096,0,FALSE POSITIVE,1.250390814,131.7337519,3.7184,231167.0,,0.25
K07770.01,6198256,0,FALSE POSITIVE,3.54828691,131.83563,3.281,70.9,,0.15411192178726196
K02049.01,9649706,1,CONFIRMED,1.569066598,133.04032,2.7803,147.2,,0.25
K04072.01,6755944,1,CONFIRMED,0.692978457,131.80142,1.1366,61.0,,0.25
K01279.01,8628758,1,CONFIRMED,14.37457572,138.20189,4.7892,335.8,,0.05552859604358673
K06134.01,5738698,0,FALSE POSITIVE,2.404386969,133.2105484,7.40348,313168.0,,0.25
K05245.01,6184894,1,CONFIRMED,7.20281185,135.19499,2.8305,1832.6,,0.06549525260925293
K03247.01,3336476,0,FALSE POSITIVE,1.89132292,132.6489,5.607,16.0,,0.25
K06766.01,6774408,0,FALSE POSITIVE,0.85450941,132.2059,3.723,13.7,,0.25
K00813.01,4275191,1,CONFIRMED,3.895936525,170.527552,2.3111,8544.8,,0.09886796772480011
K08103.01,5647008,0,FALSE POSITIVE,0.799868354,131.997209,6.613,4928.8,,0.25
K00015.01,3964562,0,FALSE POSITIVE,3.012476582,135.259271,3.1424,1138.5,,0.1738547384738922
K02993.01,11304987,0,FALSE POSITIVE,0.692693892,131.804922,1.2804,1433.7,,0.25
K04182.01,9541089,0,FALSE POSITIVE,0.536650896,131.709931,4.702,273.2,,0.25
K00676.02,7447200,1,CONFIRMED,2.453236139,170.892059,1.6691,1723.2,,0.11339443922042847
K01468.01,9851226,0,FALSE POSITIVE,8.48031942,135.85217,7.297,1426.7,,0.14341047406196594
K06081.01,10727668,0,FALSE POSITIVE,2.305903447,131.7928588,3.3828,23268.7,,0.24450287222862244
K00245.03,8478994,1,CONFIRMED,13.3669309,184.0734,3.733,12.2,,0.04654521495103836
K05662.01,9390655,0,FALSE POSITIVE,9.5497037,137.5008,1.881,706.7,,0.03282824531197548
K00672.01,7115785,1,CONFIRMED,16.08786246,172.81384,3.095,612.5,,0.03206351026892662
K04344.01,4863956,0,FALSE POSITIVE,4.31978105,134.1491,7.204,65.8,,0.25
K03968.01,8823833,0,FALSE POSITIVE,1.50650136,132.98952,3.1126,66.9,,0.25
K00904.04,8150320,1,CONFIRMED,4.617490562,135.04909,2.2618,575.8,,0.08163885772228241
K00579.01,8616637,1,CONFIRMED,2.019997006,170.07102,1.8073,332.8,,0.1491173803806305
K01142.01,8288947,1,CONFIRMED,3.75574267,133.4333,2.2911,417.4,,0.10167097300291061
K02632.01,11337566,1,CONFIRMED,7.12815163,136.88006,5.522,45.9,,0.12911248207092285
K03796.01,3338674,0,FALSE POSITIVE,1.87337894,131.796393,9.1328,5444.0,,0.25
K02987.01,4374339,0,FALSE POSITIVE,0.993703494,132.142,0.7645,67.4,,0.12822403013706207
K00025.01,10593759,0,FALSE POSITIVE,3.132604547,136.010454,3.6337,9969.2,,0.19332687556743622
K02623.01,10916600,1,CONFIRMED,5.57654782,136.42668,3.673,53.6,,0.10977520048618317
K06709.01,6442246,0,FALSE POSITIVE,2.2127498,132.7452,3.054,22.7,,0.23003052175045013
K04241.01,9285568,1,CONFIRMED,2.55315031,132.44849,1.849,185.3,,0.12070056051015854
K04611.01,10801249,0,FALSE POSITIVE,1.67495622,131.8099,2.994,35.9,,0.25
K00671.01,7040629,1,CONFIRMED,4.22865217,170.74053,3.3275,150.0,,0.13114896416664124
K00921.01,8689373,1,CONFIRMED,10.28194593,175.33988,3.4366,1110.7,,0.05570605769753456
K07004.01,8262223,0,FALSE POSITIVE,1.613014741,131.7482916,4.39594,152120.0,,0.25
K07352.01,10646620,0,FALSE POSITIVE,2.41349123,133.5687,11.29,57.0,,0.25
K02057.01,9573685,1,CONFIRMED,5.94565516,133.99359,2.1604,401.2,,0.060559626668691635
K01279.02,8628758,1,CONFIRMED,9.65188331,132.15947,4.296,103.2,,0.0741824135184288
K00517.01,8015907,1,CONFIRMED,2.752359689,171.259808,2.0722,791.9,,0.12548020482063293
K01563.04,5219234,1,CONFIRMED,16.73869035,359.41655,2.398,996.8,,0.023876817896962166
K02722.03,7673192,1,CONFIRMED,4.02877097,133.76774,3.173,100.4,,0.13126417994499207
K04542.01,9640946,0,FALSE POSITIVE,1.08906057,132.0391,2.743,76.2,,0.25
K05993.01,4037428,0,FALSE POSITIVE,4.264729569,135.198495,2.2075,22672.0,,0.08626963943243027
K02986.01,4568298,0,FALSE POSITIVE,0.562555067,131.74958,1.7402,198.3,,0.25
K03144.01,5688790,1,CONFIRMED,8.07394097,540.04161,2.455,1056.0,,0.05067744106054306
K02455.01,6507427,0,FALSE POSITIVE,4.74254518,133.13916,1.023,305.7,,0.0359511598944664
K01636.02,10621666,0,FALSE POSITIVE,14.5862195,135.2746,2.733,202.2,,0.03122810460627079
K00204.01,9305831,1,CONFIRMED,3.246732048,133.379165,3.0535,6998.2,,0.15674735605716705
K06561.01,5306862,0,FALSE POSITIVE,2.025580416,131.864175,4.48448,44998.1,,0.25
K07397.01,10989032,0,FALSE POSITIVE,2.305097141,133.705069,1.9378,5880.0,,0.14010979235172272
K07104.01,8879427,0,FALSE POSITIVE,16.31328124,136.853981,4.45731,71589.0,,0.045538660138845444
K00887.01,7458762,1,CONFIRMED,7.41113177,175.34754,2.5242,620.5,,0.05676595866680145
K04948.01,2578811,0,FALSE POSITIVE,6.2095391,135.2715,2.752,47.9,,0.07386484742164612
K07598.01,8868686,0,FALSE POSITIVE,4.44709107,133.9044,16.79,40.5,,0.25
K07977.01,9912977,0,FALSE POSITIVE,0.9439372,131.8207372,7.27446,279437.0,,0.25
K06138.01,5817566,0,FALSE POSITIVE,4.206070484,132.248423,10.6988,119812.0,,0.25
K00726.01,10157573,0,FALSE POSITIVE,5.115750935,173.26599,2.5378,1055.8,,0.08267929404973984
K01295.01,10666230,0,FALSE POSITIVE,1.577800747,133.307724,2.1626,697.7,,0.2284403294324875
K00435.01,11709124,1,CONFIRMED,20.5498184,178.946396,5.5484,1564.3,,0.044999588280916214
K03492.01,5193077,0,FALSE POSITIVE,22.2941485,146.4526,3.188,100.9,,0.023832861334085464
K01379.01,7211221,1,CONFIRMED,5.62154315,136.89013,2.4143,172.3,,0.07157880067825317
K03907.01,7137213,0,FALSE POSITIVE,28.64338839,141.22933,1.2246,624.3,,0.007125553674995899
K02047.01,11457726,1,CONFIRMED,6.22161107,131.99094,3.4117,165.0,,0.09139379858970642
K05673.01,9449320,0,FALSE POSITIVE,28.34230575,141.4055394,1.65,,,0.00970281008630991
K05508.01,8364969,0,FALSE POSITIVE,22.571972634,145.0344991,4.00349,79325.7,,0.02956092171370983
K03199.01,5482603,0,FALSE POSITIVE,3.88258905,134.82111,2.741,57.8,,0.11766203492879868
K02684.01,4035667,0,FALSE POSITIVE,2.8736467,132.58652,1.682,215.7,,0.09755316376686096
K00307.01,6289257,1,CONFIRMED,19.67409703,176.27119,3.7535,204.9,,0.03179730847477913
K03152.01,6504534,0,FALSE POSITIVE,28.162612575,143.7174718,3.19576,37749.6,,0.0189125444740057
K06192.01,9101400,0,FALSE POSITIVE,0.829019343,131.46667,4.8401,278264.0,,0.25
K07650.01,3241647,0,FALSE POSITIVE,0.851678507,131.62317,2.028,67.9,,0.25
K01341.01,4650674,1,CONFIRMED,4.51436096,134.0293,3.0083,230.7,,0.11106407642364502
K05862.01,11076176,0,FALSE POSITIVE,0.699985822,131.840533,3.02633,389433.0,,0.25
K01430.01,11176127,1,CONFIRMED,10.47548084,152.64165,2.3024,1070.7,,0.03663157299160957
K07611.01,10407271,0,FALSE POSITIVE,0.93376738,132.4404,4.036,55.4,,0.25
K07242.01,9881258,0,FALSE POSITIVE,2.028512246,132.8392103,5.00309,121562.0,,0.25
K01899.01,7047922,1,CONFIRMED,19.76169247,135.17794,3.9097,392.5,,0.03297372907400131
K02039.02,8804845,1,CONFIRMED,0.762132307,131.61542,1.22,63.7,,0.25
K06611.01,5647638,0,FALSE POSITIVE,1.21607873,132.4476,4.686,29.4,,0.25
K05233.01,6058896,0,FALSE POSITIVE,0.56493398,131.787277,2.4385,2067.0,,0.25
K03994.01,7552701,0,FALSE POSITIVE,1.324247867,131.51043,1.4759,83.3,,0.1857532411813736
K03314.01,9838060,0,FALSE POSITIVE,23.81578356,141.84883,3.7591,4856.7,,0.02630678378045559
K06250.01,12367464,0,FALSE POSITIVE,1.853209359,132.249661,1.7543,12319.1,,0.15777134895324707
K07576.01,7032568,0,FALSE POSITIVE,0.566792936,131.8166,2.846,23.0,,0.25
K04824.01,7052511,0,FALSE POSITIVE,0.821472455,132.3003,2.433,127.1,,0.25
K03352.01,8081239,1,CONFIRMED,10.35857039,138.30794,2.577,273.7,,0.041463252156972885
K04041.01,8647295,0,FALSE POSITIVE,1.022028468,132.3717,8.866,1344.5,,0.25
K06091.01,11826400,0,FALSE POSITIVE,5.889372452,134.779685,4.94674,56841.0,,0.13999058306217194
K00666.01,6707835,1,CONFIRMED,22.24814617,174.13676,4.1483,613.7,,0.03107599727809429
K06789.01,6927629,0,FALSE POSITIVE,3.867613816,135.3438766,5.36467,340908.0,,0.2311791479587555
K01990.01,11614617,1,CONFIRMED,24.7577652,142.06826,6.998,458.7,,0.04710979759693146
K01563.02,5219234,1,CONFIRMED,8.29084167,359.63666,3.613,1033.9,,0.07263033837080002
K02238.01,8229458,1,CONFIRMED,1.646801683,132.0615,1.1966,284.2,,0.1211034283041954
K00704.01,9266431,1,CONFIRMED,18.39629744,185.13946,2.7838,680.2,,0.025220654904842377
K02337.01,5599774,1,CONFIRMED,8.49640437,138.73595,2.2128,834.0,,0.04340659826993942
K04116.01,5092655,0,FALSE POSITIVE,0.783258387,131.74358,2.2926,328.5,,0.25
K02016.01,8492026,1,CONFIRMED,4.30656389,132.44098,4.1107,257.0,,0.15908661484718323
K00917.01,8655354,0,FALSE POSITIVE,6.71969089,173.35776,3.0231,969.7,,0.07498113065958023
K01320.01,4164994,1,CONFIRMED,10.50682978,360.082152,3.7769,13355.5,,0.0599118247628212
K00775.01,11754553,1,CONFIRMED,16.38489988,172.72782,3.0249,1127.1,,0.030769184231758118
K06953.01,8016214,0,FALSE POSITIVE,1.587485742,132.138538,7.7489,246568.0,,0.25
K06897.01,7662209,0,FALSE POSITIVE,14.6494599,132.1027,2.883,221.0,,0.032799843698740005
K02694.02,9475552,1,CONFIRMED,6.56606941,134.49512,1.8455,402.4,,0.04684436321258545
K01069.01,8222813,1,CONFIRMED,8.70420525,357.55941,2.9385,1074.9,,0.05626590549945831
K00956.01,9875711,1,CONFIRMED,8.360870704,175.64459,2.7144,2039.7,,0.05410919710993767
K01507.01,12020218,1,CONFIRMED,21.3588236,135.07022,5.823,640.1,,0.04543789476156235
K07394.01,10979716,0,FALSE POSITIVE,10.6840477,134.084445,3.515,81901.0,,0.05483252555131912
K02008.01,8098728,0,FALSE POSITIVE,24.4851178,137.6248,4.642,263.8,,0.03159742429852486
K00907.03,8247638,1,CONFIRMED,4.79090809,136.31106,2.603,251.3,,0.09055346250534058
K01890.01,7449136,1,CONFIRMED,4.33643506,133.85442,4.1445,108.5,,0.15928982198238373
K07874.01,8231299,0,FALSE POSITIVE,0.562273947,131.52433,3.1572,67.0,,0.25
K02816.01,11283615,1,CONFIRMED,1.289590179,131.89057,1.3541,286.0,,0.17500391602516174
K06945.01,7976136,0,FALSE POSITIVE,0.655094658,131.78278,6.159,372.0,,0.25
K07214.01,9644683,0,FALSE POSITIVE,0.585940879,131.705742,4.6979,1943.6,,0.25
K00697.01,8878187,1,CONFIRMED,3.032147946,171.734281,3.8627,488.6,,0.2123192399740219
K01070.01,8240904,1,CONFIRMED,6.61836309,360.36694,3.6813,549.1,,0.09270419180393219
K00779.01,11909839,0,FALSE POSITIVE,10.405998015,177.197466,6.5036,14488.8,,0.10416428744792938
K00301.01,3642289,1,CONFIRMED,6.002548291,171.71419,4.1628,202.0,,0.11558423936367035
K00500.02,4852528,1,CONFIRMED,9.521644639,177.484839,2.3569,1491.3,,0.041255127638578415
K00857.01,6587280,1,CONFIRMED,5.715425977,174.87931,2.5242,908.1,,0.07360780984163284
K00160.01,6631721,0,FALSE POSITIVE,13.73808249,134.43787,3.354,660.7,,0.04068981111049652
K01795.01,9674608,0,FALSE POSITIVE,2.972047661,133.24987,1.198,5945.0,,0.06718151271343231
K07477.01,11763910,0,FALSE POSITIVE,0.612888148,131.96372,2.822,43.1,,0.25
K07421.01,11232745,0,FALSE POSITIVE,4.81712182,133.10276,2.45699,35756.4,,0.08500891923904419
K01403.01,9214942,1,CONFIRMED,18.75470238,141.7172,3.0331,995.3,,0.026954129338264465
K02169.01,9006186,1,CONFIRMED,5.45298742,134.15183,2.1328,86.0,,0.06518750637769699
K02941.01,9532424,0,FALSE POSITIVE,4.30908594,134.70804,1.52,160.8,,0.058790504932403564
K04151.01,5217574,0,FALSE POSITIVE,0.89486317,132.21767,2.657,172.0,,0.25
K00791.01,12644822,1,CONFIRMED,12.611904345,180.892284,5.1497,6105.6,,0.06805343180894852
K03338.02,8263752,0,FALSE POSITIVE,10.9938087,138.80624,5.0403,1456.9,,0.0764111876487732
K03103.01,11237332,0,FALSE POSITIVE,19.3073774,139.1411,3.437,31.7,,0.0296691432595253
K00467.01,9583881,1,CONFIRMED,18.00932214,182.441015,4.9611,3004.4,,0.04591233283281326
K04256.01,5817613,0,FALSE POSITIVE,4.2058608,132.2913,7.39,182.0,,0.25
K00822.01,5077629,0,FALSE POSITIVE,7.91936937,172.181092,3.3148,15148.1,,0.06976144760847092
K00707.01,9458613,1,CONFIRMED,21.77568158,189.63828,7.9588,797.9,,0.06091504544019699
K00955.01,9825625,1,CONFIRMED,7.03902016,175.73059,3.8633,529.8,,0.09147343039512634
K06016.01,5795648,0,FALSE POSITIVE,4.553370029,135.433898,3.2209,23692.1,,0.11789436638355255
K00853.01,6428700,1,CONFIRMED,8.20396958,169.69138,2.9667,1024.4,,0.06026960536837578
K07614.01,10471345,0,FALSE POSITIVE,0.9337473,132.4461,3.446,64.6,,0.25
K03241.01,9532117,0,FALSE POSITIVE,8.21429932,135.00609,3.099,70.7,,0.06287815421819687
K07722.01,5273713,0,FALSE POSITIVE,1.337561836,132.14597,1.575,41.0,,0.19625261425971985
K01931.01,10978763,1,CONFIRMED,4.97760447,134.67304,2.5719,287.3,,0.08611571788787842
K00584.03,9146018,1,CONFIRMED,6.47027706,136.50567,3.343,116.9,,0.08611171692609787
K02522.01,9177629,1,CONFIRMED,5.60402307,133.82508,1.0273,224.9,,0.03055245615541935
K00440.01,2438264,1,CONFIRMED,15.90688891,177.9305,3.9879,924.7,,0.041783783584833145
K00182.01,5376836,0,FALSE POSITIVE,3.479425638,136.797172,3.4479,19550.0,,0.16515657305717468
K08064.01,11724094,0,FALSE POSITIVE,1.47623061,131.603,2.032,39.1,,0.22941312193870544
K06504.01,5036538,0,FALSE POSITIVE,1.061008464,132.5213941,2.8029,408767.0,,0.25
K00394.01,4159347,0,FALSE POSITIVE,12.28351275,174.36652,3.634,597.8,,0.049307286739349365
K00070.01,6850504,1,CONFIRMED,10.854095934,138.608031,3.7768,1034.4,,0.05799346789717674
K02003.01,9851271,0,FALSE POSITIVE,8.48031229,135.85319,7.105,351.1,,0.13963715732097626
K07103.01,8878681,0,FALSE POSITIVE,2.496328637,132.2054088,2.73115,20527.0,,0.182344451546669
K01060.02,5880320,1,CONFIRMED,4.75796103,137.69636,4.66,124.5,,0.16323518753051758
K00993.01,1718189,1,CONFIRMED,21.85362905,144.32031,3.439,355.6,,0.026227528229355812
K03673.01,11455484,0,FALSE POSITIVE,6.142812722,135.16085,6.0751,96593.0,,0.16482949256896973
K03982.01,5303557,0,FALSE POSITIVE,2.399081606,133.06425,4.384,6071.6,,0.25
K06311.01,3230227,0,FALSE POSITIVE,7.047106212,132.75015,3.16223,69626.0,,0.07478790730237961
K00654.02,5941160,1,CONFIRMED,10.22215697,135.89017,1.1939,238.2,,0.019465886056423187
K06636.01,5952309,0,FALSE POSITIVE,0.905678252,132.19647,1.249,70.4,,0.22984616458415985
K01569.01,8009350,1,CONFIRMED,13.75207851,143.03241,2.8831,1215.6,,0.03494138643145561
K01294.01,10549562,0,FALSE POSITIVE,9.08937826,139.08364,6.255,779.8,,0.11469431221485138
K00251.02,10489206,1,CONFIRMED,5.77440326,132.96695,1.768,245.3,,0.05102980509400368
K01052.02,5956342,1,CONFIRMED,6.84619236,132.17265,3.529,246.8,,0.08591150492429733
K02477.01,6846911,1,CONFIRMED,14.02634692,135.17539,1.2808,403.6,,0.015218977816402912
K04628.01,7837733,0,FALSE POSITIVE,3.08723626,132.90519,2.615,101.9,,0.1411726474761963
K06843.01,7200225,0,FALSE POSITIVE,0.566780836,131.8749,4.937,60.9,,0.25
K02742.01,5980208,1,CONFIRMED,0.789160884,131.50545,0.9268,215.1,,0.19573533535003662
K00299.01,2692377,1,CONFIRMED,1.541676547,170.543719,1.9118,296.5,,0.20667976140975952
K00904.01,8150320,1,CONFIRMED,2.211116989,170.150139,1.6485,724.2,,0.12425846606492996
K06495.01,5024372,0,FALSE POSITIVE,0.561524348,131.79593,3.336,34.1,,0.25
K00730.04,10227020,1,CONFIRMED,7.38443269,137.47412,5.7351,349.8,,0.12944121658802032
K04052.01,9091755,0,FALSE POSITIVE,1.106529843,132.30528,6.258,319.5,,0.25
K01245.01,6693640,1,CONFIRMED,13.71938426,140.74483,5.5677,316.4,,0.06763787567615509
K06365.01,3838004,0,FALSE POSITIVE,2.344138713,131.57589,0.4495,110.8,,0.03195914253592491
K04056.01,4673628,1,CONFIRMED,3.951383138,132.06462,1.0582,405.7,,0.04463415965437889
K03078.01,8430964,1,CONFIRMED,2.98618134,133.46926,2.969,122.9,,0.16570773720741272
K01709.01,7768952,0,FALSE POSITIVE,22.4685309,148.4968,3.034,242.3,,0.02250555157661438
K01210.01,3962357,1,CONFIRMED,14.55387488,134.11669,6.973,319.7,,0.07985273003578186
K00171.02,7831264,1,CONFIRMED,13.07141889,144.44217,3.0946,251.1,,0.03945758938789368
K07806.01,7031726,0,FALSE POSITIVE,0.566793534,131.8368,4.714,92.4,,0.25
K07113.01,8953426,0,FALSE POSITIVE,2.665875491,131.6187983,7.59461,161389.0,,0.25
K06592.01,5529501,0,FALSE POSITIVE,1.51945182,132.5975,2.95,13.7,,0.25
K00282.01,5088536,1,CONFIRMED,27.50871575,182.103494,5.9291,639.2,,0.03592255339026451
K03565.01,9592575,0,FALSE POSITIVE,2.63757408,131.575561,5.9626,169658.0,,0.25
K07377.01,10816107,0,FALSE POSITIVE,2.161583501,131.80273,4.0537,50163.0,,0.25
K03461.01,2437112,0,FALSE POSITIVE,18.79852,138.02082,4.795,487.4,,0.042512211948633194
K06905.01,7691527,0,FALSE POSITIVE,4.800232532,135.7829072,3.57105,277001.0,,0.12398878484964371
K06838.01,7177892,0,FALSE POSITIVE,1.386249249,132.742206,2.99104,47187.6,,0.25
K04812.01,8043721,0,FALSE POSITIVE,0.77957913,131.7173,2.457,70.4,,0.25
K00339.01,10587105,1,CONFIRMED,1.980356674,170.139601,2.4743,271.9,,0.2082369029521942
K02956.01,8801316,1,CONFIRMED,3.93766786,135.27724,4.655,24.3,,0.19702863693237305
K02390.01,10289119,1,CONFIRMED,16.10474503,135.01186,5.712,124.1,,0.05911301448941231
K04204.01,10593535,1,CONFIRMED,20.9254083,134.8986,6.783,109.0,,0.054025229066610336
K02652.01,4346178,1,CONFIRMED,16.1289679,143.75518,6.271,389.0,,0.06480059027671814
K00137.02,8644288,1,CONFIRMED,14.85890852,128.154869,3.5252,3269.0,,0.039540812373161316
K00738.01,10358759,1,CONFIRMED,10.3392408,170.38549,3.075,1184.6,,0.04956843703985214
K03143.01,7336093,0,FALSE POSITIVE,4.4040248,134.00341,2.41,,,0.0912044495344162
K07310.01,10330495,0,FALSE POSITIVE,18.060078203,138.611105,11.5759,58975.4,,0.10682770609855652
K06400.01,4281895,0,FALSE POSITIVE,9.543584955,137.7738831,3.72007,68184.5,,0.06496632844209671
K03610.02,7212066,0,FALSE POSITIVE,1.92027188,132.5246606,2.65,,,0.23000214993953705
K07278.01,10031808,0,FALSE POSITIVE,8.589644815,132.0206787,9.49469,269518.0,,0.18422745168209076
K00302.01,3662838,1,CONFIRMED,24.85466504,173.99971,9.182,776.2,,0.06157127022743225
K04631.01,9602421,0,FALSE POSITIVE,3.55661906,133.4975,5.396,23.3,,0.25
K02202.01,4144576,1,CONFIRMED,0.813166357,131.82536,1.4122,173.5,,0.25
K03477.01,9226339,0,FALSE POSITIVE,21.4618453,132.2156,5.675,122.2,,0.04407045617699623
K03723.01,5471606,0,FALSE POSITIVE,0.962835804,132.198475,4.9844,14328.4,,0.25
K04471.01,8955709,0,FALSE POSITIVE,0.942997994,132.24469,1.1658,539.2,,0.2060449719429016
K00814.01,4476123,1,CONFIRMED,22.36646466,175.45862,5.228,986.8,,0.0389571338891983
K02220.03,6871071,1,CONFIRMED,1.897828815,132.6785,2.7114,132.4,,0.23811420798301697
K03365.01,11455428,1,CONFIRMED,22.1270885,144.93039,4.472,418.2,,0.033684201538562775
K03682.01,8621353,0,FALSE POSITIVE,11.344347453,138.811996,5.9738,258242.0,,0.08776471018791199
K06233.01,10989274,1,CONFIRMED,16.17803,132.326,5.18,449.0,,0.053364552557468414
K02844.01,4858610,0,FALSE POSITIVE,2.72288246,131.90948,2.408,152.6,,0.14739282429218292
K00085.03,5866724,1,CONFIRMED,8.13121389,137.99254,4.2386,111.8,,0.0868791937828064
K07155.02,9291368,0,FALSE POSITIVE,3.79654367,133.2353,11.4071,70781.0,,0.25
K00934.03,9334289,1,CONFIRMED,18.74649011,147.13074,3.895,796.8,,0.03462870419025421
K02781.01,8190354,0,FALSE POSITIVE,1.615758517,131.68535,1.734,41.7,,0.17886336147785187
K01567.03,5438099,1,CONFIRMED,17.32670445,360.5083,4.269,800.0,,0.04106378182768822
K06574.01,5388229,0,FALSE POSITIVE,0.61810542,131.74488,6.666,12264.0,,0.25
K06075.01,9966115,0,FALSE POSITIVE,8.947426242,132.0457395,4.89701,85995.2,,0.09121822565793991
K02852.01,6294819,1,CONFIRMED,0.675650404,131.68114,1.8261,200.7,,0.25
K06155.01,7129465,0,FALSE POSITIVE,2.745910734,133.1719105,4.02594,286812.0,,0.24435973167419434
K06060.01,8655458,0,FALSE POSITIVE,1.594162001,132.634679,5.4958,9876.3,,0.25
K02998.01,4175630,1,CONFIRMED,28.227413,141.49504,5.782,1113.4,,0.03413939103484154
K04881.02,8094120,0,FALSE POSITIVE,0.706423768,132.15228,1.0597,46.1,,0.25
K01542.01,8113154,0,FALSE POSITIVE,2.586878667,133.817008,6.1614,25480.0,,0.25
K02036.02,6382217,1,CONFIRMED,5.79529495,136.77974,2.272,334.3,,0.06534036248922348
K06493.01,5024126,0,FALSE POSITIVE,0.787122102,131.73687,3.0999,596.8,,0.25
K03758.01,7840035,0,FALSE POSITIVE,13.54208867,144.00206,4.9406,28869.0,,0.060805488377809525
K07590.01,8258103,0,FALSE POSITIVE,0.594003994,132.07059,5.557,25.4,,0.25
K00724.01,10005020,0,FALSE POSITIVE,6.97106919,174.70305,3.9125,452.8,,0.09354136884212494
K05012.01,3836522,0,FALSE POSITIVE,1.540393027,131.998449,1.75,526.2,,0.1893456131219864
K06613.01,5686974,0,FALSE POSITIVE,4.18224416,134.0885,6.209,57.2,,0.24743494391441345
K07655.01,3439126,0,FALSE POSITIVE,2.9761504,132.9276,6.079,259.5,,0.25
K07240.01,9852050,0,FALSE POSITIVE,0.94242156,132.1165604,1.89,,,0.25
K01835.01,9471268,1,CONFIRMED,4.580346161,134.0754,2.097,308.3,,0.07630427926778793
K04137.01,3542222,0,FALSE POSITIVE,0.504426087,131.894825,1.6276,614.5,,0.25
K00439.01,12470954,1,CONFIRMED,1.902208647,170.449657,2.19877,2343.5,,0.19265061616897583
K04252.01,10525049,1,CONFIRMED,15.5714121,136.58529,2.294,173.5,,0.024553542956709862
K01272.01,8552498,0,FALSE POSITIVE,0.530967162,133.849416,3.3659,244.9,,0.25
K01534.02,4741126,1,CONFIRMED,7.63846084,138.24557,3.957,71.7,,0.08633938431739807
K06327.01,3341934,0,FALSE POSITIVE,18.839487435,137.7695421,5.62797,182722.0,,0.04978877678513527
K01952.02,7747425,1,CONFIRMED,27.6666375,143.86343,6.315,324.0,,0.038042210042476654
K00132.01,8892910,0,FALSE POSITIVE,10.810132734,132.95157,4.4618,6165.2,,0.06879039853811264
K03702.01,2449090,0,FALSE POSITIVE,4.944046127,134.192012,4.50334,112503.0,,0.15181021392345428
K06406.01,4357985,0,FALSE POSITIVE,8.65298599,136.67132,1.549,313.8,,0.02983555756509304
K01082.01,10141900,1,CONFIRMED,6.50327035,135.26657,2.591,418.3,,0.06640248745679855
K00675.01,7385509,0,FALSE POSITIVE,1.655467295,169.54872,3.2424,1059.4,,0.25
K00678.02,7509886,1,CONFIRMED,4.13852825,132.01882,2.281,256.5,,0.09186035394668579
K03139.01,5640511,0,FALSE POSITIVE,0.63624396,131.968841,4.0,,,0.25
K02105.01,8165946,1,CONFIRMED,6.42199919,134.58037,2.6192,161.6,,0.06797467917203903
K01237.01,6531491,0,FALSE POSITIVE,14.32407216,364.39537,4.6577,2053.9,,0.05419431999325752
K02198.01,11075429,1,CONFIRMED,23.9210408,139.07872,5.174,158.3,,0.03604915738105774
K00610.01,5686174,1,CONFIRMED,14.28228147,180.84677,2.6588,983.2,,0.03102678805589676
K02303.02,4458082,1,CONFIRMED,8.93484887,133.39108,2.579,135.9,,0.048107508569955826
K01975.01,8543100,1,CONFIRMED,7.56052209,134.47889,3.8573,659.8,,0.08503160625696182
K02928.01,3230753,0,FALSE POSITIVE,17.7337356,143.9223,5.558,217.3,,0.05223565548658371
K01395.01,8935810,1,CONFIRMED,6.230335,181.29566,1.6493,1449.2,,0.04412015154957771
K06357.01,3764411,0,FALSE POSITIVE,4.4158933,132.9738,1.155,191.1,,0.04359253868460655
K01652.01,11391667,0,FALSE POSITIVE,1.083736642,134.1369208,1.57912,8930.8,,0.242851123213768
K02903.01,3657176,0,FALSE POSITIVE,17.4166143,141.10369,2.445,314.2,,0.02339719980955124
K02707.03,5480640,1,CONFIRMED,26.6757818,149.99527,2.696,474.8,,0.016844242811203003
K04355.02,4571004,0,FALSE POSITIVE,21.131609,139.7493,13.66,73.5,,0.10773749649524689
K04809.01,4548162,0,FALSE POSITIVE,10.0102876,131.8186,5.33,127.1,,0.08874204009771347
K00156.02,10925104,1,CONFIRMED,5.188563677,145.362252,2.3683,358.7,,0.07607436180114746
K02353.01,12505654,1,CONFIRMED,5.186737262,134.99509,0.8023,712.7,,0.02578049711883068
K02665.01,12110786,0,FALSE POSITIVE,1.112207126,131.8505,1.35,54.7,,0.20230044424533844
K06625.01,5771589,0,FALSE POSITIVE,10.738427243,139.893962,2.3544,1684.2,,0.036541663110256195
K02161.01,5467124,0,FALSE POSITIVE,2.84573962,134.27578,7.28,211.7,,0.25
K01833.02,11853878,1,CONFIRMED,7.68433346,133.36007,1.4346,1175.0,,0.031115256249904633
K04757.01,7435780,0,FALSE POSITIVE,0.933157032,132.35981,2.614,87.8,,0.25
K03226.01,5544450,0,FALSE POSITIVE,4.29388808,133.51002,3.618,110.6,,0.14043216407299042
K02837.01,11565924,1,CONFIRMED,13.32191461,142.7235,6.213,133.5,,0.07772906869649887
K06465.01,4863369,0,FALSE POSITIVE,4.24748886,132.0562,3.053,121.0,,0.1197962760925293
K01967.01,6205897,1,CONFIRMED,4.417692516,133.96139,2.323,279.2,,0.08764002472162247
K07813.01,7116519,0,FALSE POSITIVE,0.56676437,131.8708,2.326,76.5,,0.25
K00116.03,8395660,1,CONFIRMED,6.164876,135.63916,3.262,55.8,,0.08818776905536652
K05615.01,9108058,0,FALSE POSITIVE,2.17491508,131.93954,8.4418,635412.0,,0.25
K00094.04,6462863,1,CONFIRMED,3.743166733,131.61967,3.6888,126.3,,0.16424596309661865
K01505.01,9813499,1,CONFIRMED,5.03257009,137.32638,4.213,439.1,,0.13952447474002838
K03429.03,9230021,0,FALSE POSITIVE,26.936878,157.7573,4.969,246.9,,0.03074471652507782
K01628.02,6975129,1,CONFIRMED,1.772451066,132.08668,2.4592,79.2,,0.23124286532402039
K00024.01,4743513,0,FALSE POSITIVE,2.086075752,170.965627,2.2647,3657.8,,0.18093782663345337
K00594.01,10216045,0,FALSE POSITIVE,16.88954693,183.15557,3.41,,,0.033650003373622894
K01384.01,8971432,0,FALSE POSITIVE,0.6243875,133.0436541,1.92102,36854.7,,0.25
K00824.01,5164255,1,CONFIRMED,15.37562369,173.61402,3.3169,15337.0,,0.03595409542322159
K00108.01,4914423,1,CONFIRMED,15.96532718,142.178033,4.5837,482.2,,0.04785056784749031
K06213.01,9839081,0,FALSE POSITIVE,2.559236603,132.263863,1.6706,11273.0,,0.10879546403884888
K01432.03,11014932,1,CONFIRMED,2.92721119,133.82725,2.545,170.2,,0.1449047029018402
K01316.01,10794087,1,CONFIRMED,7.64970832,138.33113,6.625,55.4,,0.14434102177619934
K03552.01,6233466,0,FALSE POSITIVE,15.873380595,143.859941,8.0429,208362.0,,0.08444850891828537
K01235.01,6546528,0,FALSE POSITIVE,3.053563251,133.88354,3.2551,508.4,,0.17766675353050232
K04286.01,5024177,0,FALSE POSITIVE,0.787120016,131.73939,3.1648,265.5,,0.25
K03792.01,12009347,0,FALSE POSITIVE,2.723858181,133.57632,1.4313,5497.0,,0.08757798373699188
K00783.01,12020329,1,CONFIRMED,7.275040844,169.994217,7.5377,3001.0,,0.17268402874469757
K06861.01,7336754,0,FALSE POSITIVE,12.155241119,133.7671874,6.84353,85531.5,,0.09383510798215866
K02029.02,9489524,1,CONFIRMED,10.05550267,173.2234,2.951,147.7,,0.04891185835003853
K02170.01,2860114,0,FALSE POSITIVE,0.941603153,132.976171,1.1886,462.1,,0.21038587391376495
K00041.01,6521045,1,CONFIRMED,12.81590421,122.94682,6.3856,220.5,,0.08304265141487122
K01777.01,5110423,0,FALSE POSITIVE,2.685223546,133.731821,4.0632,5494.6,,0.25
K00899.01,7907423,1,CONFIRMED,7.11373257,174.32351,2.1764,807.6,,0.05099057778716087
K04408.01,10736179,0,FALSE POSITIVE,1.105095798,132.55178,2.624,141.7,,0.25
K06468.01,4908495,0,FALSE POSITIVE,1.560158562,132.368518,3.4248,240156.0,,0.25
K02891.01,10068024,0,FALSE POSITIVE,2.023126394,132.07328,1.2771,72.2,,0.10520845651626587
K01563.01,5219234,1,CONFIRMED,5.48711441,356.0773,2.93,1328.6,,0.08899638056755066
K02061.02,12061969,1,CONFIRMED,1.090011003,131.58066,1.5,174.8,,0.22935548424720764
K02292.01,7257363,0,FALSE POSITIVE,5.23340265,133.1457,3.242,242.1,,0.10324703902006149
K01943.01,7810483,1,CONFIRMED,29.92208104,146.00807,2.7716,345.3,,0.01543787494301796
K06674.01,6206751,0,FALSE POSITIVE,1.245342215,132.220019,4.40308,234086.0,,0.25
K04784.01,8940918,0,FALSE POSITIVE,1.405887031,132.01147,1.184,216.0,,0.14036215841770172
K01457.01,9643874,1,CONFIRMED,8.027681123,360.171355,3.0942,8725.4,,0.0642402172088623
K02172.01,4173026,1,CONFIRMED,10.44087398,137.97113,3.743,821.5,,0.05974914878606796
K07469.01,11662440,0,FALSE POSITIVE,13.639480425,144.531439,3.12422,81103.0,,0.03817618638277054
K00241.01,11288051,1,CONFIRMED,13.82142084,131.79237,3.985,765.2,,0.048053428530693054
K00852.01,6422070,1,CONFIRMED,3.76181843,171.90364,3.5176,510.6,,0.15584661066532135
K07149.01,9236858,0,FALSE POSITIVE,2.537081943,134.005172,4.80903,245319.0,,0.25
K07417.01,11198723,0,FALSE POSITIVE,6.840305932,137.5713643,4.32742,124933.0,,0.10543923825025558
K06348.01,3655326,0,FALSE POSITIVE,15.066491533,140.655427,6.2852,106051.0,,0.06952735781669617
K02513.01,9653622,1,CONFIRMED,19.0054098,144.15574,1.843,542.4,,0.016162065789103508
K07942.01,9529148,0,FALSE POSITIVE,25.3428696,132.6844,1.51,230.5,,0.009930472820997238
K07237.01,9848420,0,FALSE POSITIVE,7.9320191,136.4321,8.18,125.1,,0.1718772053718567
K04221.01,6364067,0,FALSE POSITIVE,5.2438982,132.6882,7.881,162.2,,0.25
K03097.02,7582689,1,CONFIRMED,6.80257947,138.0478,4.608,32.7,,0.11289834976196289
K05414.01,7700561,0,FALSE POSITIVE,1.507099289,132.09341,4.8361,1282.0,,0.25
K00636.01,5090690,0,FALSE POSITIVE,12.011661094,176.6358115,3.77516,14293.6,,0.05238187685608864
K01791.01,4144231,0,FALSE POSITIVE,22.91339043,140.64839,3.94,5407.0,,0.02865864336490631
K00520.01,8037145,1,CONFIRMED,12.75934489,170.32152,3.5889,882.1,,0.0468793660402298
K00792.01,2440757,0,FALSE POSITIVE,1.433769925,170.403536,1.8868,1976.3,,0.21932853758335114
K01428.01,11401182,1,CONFIRMED,0.927859786,133.905978,1.4279,515.3,,0.25
K07823.01,7199756,0,FALSE POSITIVE,0.566781152,131.85715,3.995,133.4,,0.25
K03672.01,9777090,0,FALSE POSITIVE,5.50817321,134.32367,3.6845,226850.0,,0.11148584634065628
K00256.01,11548140,0,FALSE POSITIVE,1.378649746,169.780113,1.2232,22462.0,,0.1478741616010666
K02701.01,5481148,0,FALSE POSITIVE,22.023514,135.18349,1.932,1670.0,,0.014620737172663212
K00853.02,6428700,1,CONFIRMED,14.49645186,143.41659,4.016,647.5,,0.04617221653461456
K03441.01,10651945,0,FALSE POSITIVE,25.366990665,138.8144224,5.9556,150581.0,,0.0391295924782753
K02437.01,5036705,1,CONFIRMED,4.14789051,135.53291,3.829,137.6,,0.15385331213474274
K03850.01,8912730,0,FALSE POSITIVE,11.3775281,132.5848,12.918,1651.3,,0.18923266232013702
K04728.01,6137779,0,FALSE POSITIVE,21.5324915,131.87749,4.156,100.5,,0.0321684405207634
K00869.03,6948054,1,CONFIRMED,17.46087931,137.26594,2.2641,812.4,,0.02161116898059845
K07675.01,3859042,0,FALSE POSITIVE,25.94947,148.9734,15.7,238.3,,0.10083699971437454
K02195.03,11401767,1,CONFIRMED,6.84978728,134.66167,4.919,139.2,,0.11968741565942764
K02250.01,5942808,1,CONFIRMED,2.935362067,136.18415,1.5043,1052.6,,0.08541251718997955
K04324.01,9910942,0,FALSE POSITIVE,8.4803326,135.8598,5.918,35.6,,0.11630833148956299
K06189.01,8957954,0,FALSE POSITIVE,2.179924994,132.1293516,4.87581,253149.0,,0.25
K01027.01,2697169,0,FALSE POSITIVE,14.71266408,366.02309,4.21,,,0.04769134148955345
K02682.01,2436378,0,FALSE POSITIVE,8.53161917,136.27763,2.9596,65744.0,,0.05781630054116249
K07466.01,11619964,0,FALSE POSITIVE,10.368552685,132.718439,4.37878,153233.0,,0.07038559019565582
K01350.01,7220322,0,FALSE POSITIVE,0.752159702,134.047229,2.3621,3425.0,,0.25
K00157.06,6541920,1,CONFIRMED,10.30401132,138.50377,4.2246,316.1,,0.06833261251449585
K02211.01,6199702,0,FALSE POSITIVE,0.805259637,132.100758,0.9779,341.8,,0.20239849388599396
K01760.01,3967760,1,CONFIRMED,5.52418625,135.62306,2.826,491.0,,0.08526142686605453
K00645.02,5374854,1,CONFIRMED,23.7832097,179.75013,7.939,256.5,,0.05563448742032051
K03763.01,3114667,0,FALSE POSITIVE,0.888584158,132.100098,2.25012,412710.0,,0.25
K00332.01,10290666,1,CONFIRMED,5.45849914,172.08857,4.0448,255.9,,0.12350159138441086
K00158.01,10555375,0,FALSE POSITIVE,5.80181368,137.57807,4.119,269.6,,0.11832506954669952
K07200.01,9597095,0,FALSE POSITIVE,2.745640575,131.707795,3.04508,45264.7,,0.18484333157539368
K02242.01,9336200,1,CONFIRMED,1.755843555,133.15509,1.9425,386.0,,0.1843843013048172
K02667.01,3654095,0,FALSE POSITIVE,1.303576682,133.0758,1.021,245.5,,0.13053828477859497
K03703.01,5652260,0,FALSE POSITIVE,4.464565251,132.311502,4.0221,74112.0,,0.15014900267124176
K05751.01,10004515,0,FALSE POSITIVE,25.26363805,139.3088062,2.72,,,0.017944103106856346
K02856.01,5688910,1,CONFIRMED,25.8730914,143.28644,5.085,694.4,,0.03275603801012039
K01050.02,5809890,1,CONFIRMED,2.853133997,133.79678,1.465,277.1,,0.08557841181755066
K06858.01,7282008,0,FALSE POSITIVE,0.56679797,131.841,4.503,72.6,,0.25
K04222.01,9183378,1,CONFIRMED,3.38557445,133.97411,1.879,121.9,,0.09250030666589737
K07485.01,11855538,0,FALSE POSITIVE,2.521265,132.848,2.69,36.5,,0.17782078683376312
K06626.01,5781192,0,FALSE POSITIVE,9.459993213,138.3433458,5.3012,237595.0,,0.09339682757854462
K00135.01,9818381,1,CONFIRMED,3.024092505,132.4168573,2.8021,7765.0,,0.1544319987297058
K05818.01,10661679,0,FALSE POSITIVE,1.23138339,131.7865,3.943,72.7,,0.25
K02798.01,6697756,1,CONFIRMED,0.916142298,132.02221,1.1555,98.5,,0.2102111577987671
K08019.01,10471243,0,FALSE POSITIVE,0.93376131,132.4342,3.747,55.6,,0.25
K02790.01,5652893,1,CONFIRMED,14.00948631,132.96947,3.399,169.9,,0.04043688625097275
K07151.01,9266285,0,FALSE POSITIVE,5.61386908,132.572901,5.07753,57385.6,,0.15074363350868225
K06685.01,6285397,0,FALSE POSITIVE,5.2438269,132.6874,8.235,128.6,,0.25
K06067.01,9411317,0,FALSE POSITIVE,8.2904597,132.24956,2.6002,173007.0,,0.05227293446660042
K03882.01,5980800,0,FALSE POSITIVE,0.828326025,132.175806,1.42721,10718.0,,0.25
K01184.01,4037164,0,FALSE POSITIVE,0.635445336,134.184037,1.8592,2547.4,,0.25
K01115.01,3116412,1,CONFIRMED,12.99204853,136.32016,6.0175,270.6,,0.07719465345144272
K07425.01,11240948,0,FALSE POSITIVE,3.401949837,134.6247,16.5797,2477.0,,0.25
K02112.01,10470616,0,FALSE POSITIVE,4.15713766,132.21689,1.808,77.0,,0.0724857747554779
K01875.02,9967771,1,CONFIRMED,0.53835407,131.64999,1.5045,190.2,,0.25
K03798.01,5475736,0,FALSE POSITIVE,2.991885335,134.17581,7.4319,1356.9,,0.25
K01358.01,7376983,1,CONFIRMED,5.644914154,356.73699,2.2599,1397.9,,0.0667237788438797
K01236.02,6677841,1,CONFIRMED,12.30971679,137.68401,6.74,396.0,,0.09125582128763199
K00004.01,3861595,1,CONFIRMED,3.849371737,157.526686,2.632,1298.6,,0.11395799368619919
K00870.01,6949607,1,CONFIRMED,5.912273234,172.184012,2.3254,961.4,,0.06555290520191193
K00812.04,4139816,1,CONFIRMED,7.82502168,136.54995,2.186,520.8,,0.04656004160642624
K00659.01,6125481,1,CONFIRMED,23.20579353,180.7628,4.3243,342.5,,0.03105761855840683
K02842.01,8733898,1,CONFIRMED,1.565412613,132.91281,0.7572,2754.6,,0.08061772584915161
K03654.01,6960446,0,FALSE POSITIVE,10.14873521,136.02501,5.603,116125.0,,0.09201475232839584
K01516.01,12418724,1,CONFIRMED,20.55331441,139.5613,5.3136,678.3,,0.04308794066309929
K02129.01,9351920,1,CONFIRMED,8.79618433,135.67645,3.3781,286.3,,0.06400691717863083
K03442.01,9837586,0,FALSE POSITIVE,20.73376301,132.84493,5.8043,104599.0,,0.046657394617795944
K01071.01,8244190,0,FALSE POSITIVE,1.09206833,133.19403,1.8596,219.2,,0.25
K01003.01,2438502,0,FALSE POSITIVE,8.360616221,172.264978,7.5385,28066.3,,0.1502780020236969
K02138.01,5022828,1,CONFIRMED,23.5541012,144.21486,7.3,95.2,,0.051654133945703506
K00507.01,5812960,1,CONFIRMED,18.49234792,173.49816,3.4744,1655.5,,0.03131385147571564
K07338.01,10535858,0,FALSE POSITIVE,0.93370968,131.5714,3.356,62.2,,0.25
K06062.01,8953059,0,FALSE POSITIVE,5.499941387,136.869403,5.1339,40110.4,,0.15557438135147095
K00314.03,7603200,1,CONFIRMED,10.31282204,133.53528,2.0138,137.6,,0.03254524618387222
K01513.01,9784222,0,FALSE POSITIVE,0.798200403,133.962079,1.8261,396.8,,0.25
K00585.01,9279669,1,CONFIRMED,3.722158895,171.560055,1.9941,757.4,,0.0892895758152008
K06297.01,2860788,0,FALSE POSITIVE,2.629870555,132.067717,6.606,101310.0,,0.25
K03211.01,7293937,0,FALSE POSITIVE,1.366964704,132.195909,2.3181,59.7,,0.25
K03347.01,8824737,1,CONFIRMED,12.90235874,139.15105,2.446,354.4,,0.031596288084983826
K05342.01,7011044,0,FALSE POSITIVE,25.50236699,141.3438916,1.8,,,0.011763613671064377
K00886.02,7455287,1,CONFIRMED,12.07134205,143.45948,4.3224,759.2,,0.05967853590846062
K00172.01,8692861,1,CONFIRMED,13.7223682,137.84083,5.1231,571.1,,0.062223225831985474
K00084.01,2571238,1,CONFIRMED,9.286964466,135.9945,3.3649,691.7,,0.0603875108063221
K02058.01,10329835,1,CONFIRMED,1.52373073,131.61813,1.4796,364.7,,0.16183961927890778
K00776.01,11812062,1,CONFIRMED,3.728732147,171.793255,2.683,5226.5,,0.11992458999156952
K03172.02,3337061,0,FALSE POSITIVE,6.5588346,133.8215,3.034,41.2,,0.07709702849388123
K00660.01,6267535,1,CONFIRMED,6.07972016,170.58389,7.1228,290.8,,0.1952611804008484
K00571.04,8120608,1,CONFIRMED,22.40777833,153.79858,3.2881,661.3,,0.024456536397337914
K06529.01,5126627,0,FALSE POSITIVE,1.0094779,131.6463,3.72,,,0.25
K02352.03,8013439,1,CONFIRMED,8.2562857,137.9267,2.0378,37.3,,0.04113633558154106
K05050.01,4245861,0,FALSE POSITIVE,11.2582311,140.7718,16.89,300.4,,0.25
K06434.01,4671584,0,FALSE POSITIVE,2.796661168,134.032331,3.3781,2363.8,,0.2013174444437027
K00214.01,11046458,1,CONFIRMED,3.311864148,131.7427761,1.4049,5976.5,,0.07070036232471466
K06448.01,4758368,0,FALSE POSITIVE,1.874967748,132.701553,10.0159,31525.9,,0.25
K03075.01,3328080,1,CONFIRMED,4.76559056,133.50531,2.2,67.5,,0.07694044709205627
K02892.01,9636563,0,FALSE POSITIVE,10.63609504,139.7996,3.48,290.6,,0.054531291127204895
K03087.02,9119568,0,FALSE POSITIVE,1.22174063,132.0174,7.443,32.2,,0.25
K01178.01,3869825,0,FALSE POSITIVE,4.800653901,134.365782,9.0419,15304.4,,0.25
K02404.02,6364215,0,FALSE POSITIVE,5.2438528,132.6659,10.539,135.8,,0.25
K00518.01,8017703,1,CONFIRMED,13.98177862,181.975114,2.958,1018.4,,0.03526017814874649
K03729.02,9674592,0,FALSE POSITIVE,6.87366412,132.4575658,4.85,,,0.11759860813617706
K02595.02,8883329,1,CONFIRMED,14.6134781,140.41368,5.266,72.8,,0.06005871295928955
K04847.01,4544684,0,FALSE POSITIVE,2.1890751,132.09378,2.365,94.8,,0.18006081879138947
K04429.01,4584865,0,FALSE POSITIVE,1.75254087,132.73775,4.098,42.5,,0.25
K02247.01,7802719,1,CONFIRMED,4.45743267,132.16006,2.3226,175.7,,0.08684371411800385
K02216.01,4248120,1,CONFIRMED,23.34036251,136.20727,2.054,615.1,,0.014667009934782982
K03387.01,6309264,0,FALSE POSITIVE,14.2821417,136.32946,2.068,224.9,,0.024132702499628067
K07985.01,10090151,0,FALSE POSITIVE,0.527698548,131.705093,3.2221,1579.2,,0.25
K04111.01,2708343,0,FALSE POSITIVE,1.8913182,132.66252,4.374,202.3,,0.25
K06308.01,3127817,0,FALSE POSITIVE,2.163569702,132.936317,7.60963,54518.0,,0.25
K00541.01,11656721,1,CONFIRMED,13.64617478,180.34991,3.4098,633.0,,0.04164537042379379
K05667.01,9402670,0,FALSE POSITIVE,0.536551592,132.02205,4.89,153.2,,0.25
K01043.01,5816165,0,FALSE POSITIVE,0.591914504,355.353791,1.0225,1057.7,,0.25
K00826.01,5272878,1,CONFIRMED,6.365839713,171.13575,2.9721,780.7,,0.0778137743473053
K03403.02,11754430,1,CONFIRMED,6.15828666,135.4969,6.329,57.7,,0.17128682136535645
K06369.01,3858757,0,FALSE POSITIVE,25.9534494,154.8716,6.001,528.9,,0.03853694722056389
K01803.03,4349442,0,FALSE POSITIVE,6.238315363,134.3054225,2.501,82.9,,0.0668182522058487
K01047.01,5988031,0,FALSE POSITIVE,2.55549176,134.50078,9.083,113.8,,0.25
K03692.01,5903301,0,FALSE POSITIVE,1.160153553,132.145331,2.16452,12302.5,,0.25
K07543.01,3458687,0,FALSE POSITIVE,0.98376204,132.28418,10.052,55.0,,0.25
K04146.01,10000941,1,CONFIRMED,3.50472344,133.72225,1.9464,90.7,,0.0925607979297638
K02752.01,5717567,0,FALSE POSITIVE,1.287622419,132.43069,0.821,36.5,,0.10626821219921112
K03096.01,7455981,1,CONFIRMED,14.4540329,135.4521,7.183,79.7,,0.08282578736543655
K00254.01,5794240,1,CONFIRMED,2.455240626,170.821762,1.72722,36911.9,,0.11724716424942017
K06135.01,5768927,0,FALSE POSITIVE,4.390513938,132.550761,2.9472,46829.0,,0.11187756061553955
K03300.01,7889486,0,FALSE POSITIVE,24.2382519,136.62118,2.703,465.5,,0.018586324527859688
K01593.01,5289854,1,CONFIRMED,9.69501146,182.45413,2.75,515.2,,0.04727517068386078
K01069.02,8222813,1,CONFIRMED,2.46697039,354.93093,1.6345,308.7,,0.11042559146881104
K03081.01,3654719,0,FALSE POSITIVE,25.9200092,138.1757,5.609,331.4,,0.03606608882546425
K07573.01,7031126,0,FALSE POSITIVE,0.566802672,131.81511,3.545,31.7,,0.25
K06660.01,6066107,0,FALSE POSITIVE,0.82883944,132.013443,1.83,,,0.25
K03949.01,5598595,0,FALSE POSITIVE,0.648774274,131.74545,2.643,231.0,,0.25
K00645.01,5374854,1,CONFIRMED,8.50339249,170.86894,2.9569,188.9,,0.057955302298069
K01401.01,9030447,0,FALSE POSITIVE,0.56669006,133.81294,2.1674,104.6,,0.25
K00749.01,10601284,1,CONFIRMED,5.349553819,171.80694,3.0278,831.0,,0.09433185309171677
K00916.01,8628973,1,CONFIRMED,3.314947362,171.313058,1.8007,1398.2,,0.09053436666727066
K03570.01,5023948,0,FALSE POSITIVE,1.824653341,132.883177,4.25512,176739.0,,0.25
K06302.01,2998124,0,FALSE POSITIVE,28.597880332,152.9842901,7.71925,85951.6,,0.044987309724092484
K00423.01,9478990,1,CONFIRMED,21.0871953,202.858405,5.92691,8894.7,,0.04684446379542351
K02534.01,1996180,1,CONFIRMED,3.02558494,134.36744,3.0008,128.3,,0.1653013676404953
K04124.01,5726910,0,FALSE POSITIVE,2.43142974,133.83385,2.713,146.6,,0.18596740067005157
K01607.01,5477805,0,FALSE POSITIVE,5.00673576,134.54239,1.9398,191.2,,0.0645730122923851
K05061.01,4455763,0,FALSE POSITIVE,0.766298172,131.687569,1.78462,19400.9,,0.25
K01376.01,6774826,0,FALSE POSITIVE,7.13895376,184.24569,4.568,254.2,,0.10664494335651398
K04083.01,8524346,0,FALSE POSITIVE,4.4697452,133.00892,5.33,241.5,,0.19874361157417297
K03085.01,11912932,0,FALSE POSITIVE,3.74785358,134.18012,3.713,98.2,,0.16511672735214233
K07114.01,8953475,0,FALSE POSITIVE,2.6658312,131.627,5.771,40.8,,0.25
K06467.01,4902030,0,FALSE POSITIVE,0.878803439,132.267269,2.74503,410723.0,,0.25
K02040.01,10480915,1,CONFIRMED,19.58561177,132.36472,1.755,532.9,,0.014934432692825794
K01305.01,10730034,1,CONFIRMED,2.633852528,134.56431,2.0206,259.8,,0.1278608739376068
K07757.01,6032920,0,FALSE POSITIVE,10.828825742,134.9251984,0.7275,92.1,,0.011196966283023357
K04277.01,6525280,0,FALSE POSITIVE,1.710319812,131.60513,2.983,43.6,,0.25
K00361.01,12404954,1,CONFIRMED,3.247548814,171.27807,2.5146,209.7,,0.12905117869377136
K00407.01,5218441,0,FALSE POSITIVE,3.613757526,171.422542,5.9128,4872.2,,0.25
K06174.01,8181016,0,FALSE POSITIVE,0.70914232,132.1761,1.936,2560.0,,0.25
K02330.01,8582291,0,FALSE POSITIVE,2.4681015,132.07692,2.83,172.8,,0.19110505282878876
K03338.01,8263752,0,FALSE POSITIVE,10.99381963,133.253208,3.7889,1685.8,,0.05743984878063202
K04010.01,5288577,0,FALSE POSITIVE,1.72853003,131.80572,3.819,99.1,,0.25
K06645.01,5990753,0,FALSE POSITIVE,7.21636091,133.88924,2.218,384.7,,0.051226187497377396
K07395.01,10982373,0,FALSE POSITIVE,2.00280845,132.06909,1.22,,,0.10152410715818405
K03049.01,6263593,1,CONFIRMED,22.4765952,136.82336,3.437,481.4,,0.025485770776867867
K01304.01,10744335,1,CONFIRMED,4.59726613,136.47837,2.909,313.0,,0.1054612249135971
K06515.01,5091614,0,FALSE POSITIVE,21.142458554,138.3916328,5.17846,73960.9,,0.04082196205854416
K02792.01,11127479,1,CONFIRMED,2.12821621,132.48055,3.146,25.9,,0.24637220799922943
K07245.01,9899410,0,FALSE POSITIVE,1.332545609,132.05755,3.997,278.2,,0.25
K01842.01,7779077,1,CONFIRMED,16.84183355,137.99443,2.6194,822.1,,0.025921564549207687
K06770.01,6792124,0,FALSE POSITIVE,0.52880817,131.67844,2.2865,57.7,,0.25
K00929.01,9141746,1,CONFIRMED,6.491682808,174.633553,4.301,7163.3,,0.11042334884405136
K02642.01,12061096,0,FALSE POSITIVE,15.05028313,141.53522,1.848,615.2,,0.020464731380343437
K07561.01,5696518,0,FALSE POSITIVE,0.96391996,132.3687769,3.01,,,0.25
K06312.01,3241619,0,FALSE POSITIVE,1.703347524,132.4680448,3.3039,504406.0,,0.25
K06139.01,5952403,0,FALSE POSITIVE,0.905677864,132.197687,2.2432,3670.4,,0.25
K03746.01,12062660,0,FALSE POSITIVE,2.929299629,133.71721,7.102,83918.0,,0.25
K04772.02,8397947,1,CONFIRMED,9.0194714,139.9234,5.92,191.6,,0.10939295589923859
K04865.01,5814013,0,FALSE POSITIVE,1.57017249,132.1034,2.257,158.4,,0.2395702749490738
K00899.02,7907423,1,CONFIRMED,3.306551643,134.37211,1.8177,509.2,,0.09162113070487976
K02785.01,10001368,1,CONFIRMED,4.76831033,134.86116,3.2363,251.8,,0.11311833560466766
K00664.02,6442340,1,CONFIRMED,7.78199862,133.58871,3.947,106.9,,0.08453270047903061
K01908.02,5706966,1,CONFIRMED,24.0884178,134.42178,3.952,387.2,,0.027343709021806717
K01524.01,4826110,0,FALSE POSITIVE,1.333395306,134.18228,1.188,114.5,,0.14849309623241425
K03887.01,5308419,0,FALSE POSITIVE,1.241483276,132.10028,2.195,141.0,,0.25
K08129.01,6887321,0,FALSE POSITIVE,1.65746034,131.6967,4.572,22.9,,0.25
K07603.01,9541144,0,FALSE POSITIVE,0.536650344,131.7073,2.878,25.8,,0.25
K07503.01,12004680,0,FALSE POSITIVE,2.52122764,132.86973,2.249,127.3,,0.148670956492424
K02118.01,10362031,0,FALSE POSITIVE,3.2136904,132.98252,2.205,55.8,,0.11435451358556747
K03095.01,9650989,1,CONFIRMED,3.42390809,132.88326,1.773,153.1,,0.08630488812923431
K03240.01,6206559,0,FALSE POSITIVE,1.245331397,132.22902,2.566,38.1,,0.25
K01317.01,4275739,0,FALSE POSITIVE,2.171827838,355.083686,3.2205,42086.0,,0.24714206159114838
K07472.01,11704044,0,FALSE POSITIVE,6.882686062,134.052302,5.47323,373662.0,,0.13253618776798248
K00862.01,6756669,0,FALSE POSITIVE,5.851520671,173.8228336,3.11058,33003.6,,0.08859748393297195
K02789.01,8885643,1,CONFIRMED,3.40165617,132.06195,1.9617,155.9,,0.09611494839191437
K03002.01,3852655,1,CONFIRMED,11.62904159,132.82099,2.97,88.0,,0.04256584495306015
K00953.01,9820483,1,CONFIRMED,3.584101048,170.427829,2.7316,2608.1,,0.12702395021915436
K06569.01,5359678,0,FALSE POSITIVE,3.115304946,133.1240488,4.88748,149524.0,,0.25
K06795.01,6949550,0,FALSE POSITIVE,7.841066931,136.5883392,5.47901,342094.0,,0.11645970493555069
K08034.01,10862284,0,FALSE POSITIVE,9.1447861,139.2816,5.422,268.8,,0.09881769120693207
K03905.01,8487748,0,FALSE POSITIVE,1.061934313,131.72596,3.194,607.0,,0.25
K01802.01,11298298,1,CONFIRMED,5.248667607,135.516708,1.917,601.2,,0.06087259203195572
K07043.01,8453191,0,FALSE POSITIVE,5.776764285,131.5421677,6.99715,153902.0,,0.20187628269195557
K02740.01,3336765,0,FALSE POSITIVE,1.844857057,132.16167,1.6557,85.6,,0.14957799017429352
K01452.01,7449844,0,FALSE POSITIVE,1.152216965,133.277861,2.2245,12072.0,,0.25
K01021.01,2558363,0,FALSE POSITIVE,0.54624855,178.5614,2.0543,639.7,,0.25
K01966.01,9973855,0,FALSE POSITIVE,2.95600563,134.06322,2.6717,76.1,,0.15063683688640594
K07289.01,10155080,0,FALSE POSITIVE,1.930451347,131.770748,3.87956,53075.2,,0.25
K00489.02,2576197,0,FALSE POSITIVE,8.874603,140.2954,2.88,93.3,,0.05408692732453346
K06022.01,6150977,0,FALSE POSITIVE,2.765621941,133.680095,2.3191,8342.2,,0.13975758850574493
K03590.01,3348093,0,FALSE POSITIVE,7.964400574,131.563644,4.4761,190903.0,,0.09366890043020248
K07637.01,2711131,0,FALSE POSITIVE,2.85889907,134.16649,1.465,55.7,,0.08540583401918411
K03054.01,6461850,0,FALSE POSITIVE,0.544962596,131.52348,1.085,247.9,,0.25
K01809.01,8240797,1,CONFIRMED,13.09390911,144.525,2.2805,398.7,,0.029027491807937622
K08288.01,10226420,0,FALSE POSITIVE,0.660663034,131.68417,2.81,134.0,,0.25
K00624.03,3541946,1,CONFIRMED,1.311842968,133.11058,1.7876,245.1,,0.22711052000522614
K07528.01,12365015,0,FALSE POSITIVE,0.59586463,131.9392,1.5,,,0.25
K06322.01,3329643,0,FALSE POSITIVE,1.015044104,131.56407,10.994,158.2,,0.25
K03632.01,3335813,0,FALSE POSITIVE,3.711012492,132.488455,3.3394,7559.8,,0.14997704327106476
K06165.01,7838906,0,FALSE POSITIVE,5.614892073,132.842964,3.7294,2373.0,,0.11069966107606888
K08058.01,11601597,0,FALSE POSITIVE,0.590281548,131.69127,2.72,21.6,,0.25
K01022.01,2716853,1,CONFIRMED,18.82744023,196.19088,4.664,1006.2,,0.04128725454211235
K06473.01,4931073,0,FALSE POSITIVE,26.951237675,150.923211,8.27486,86749.2,,0.05117179825901985
K07799.01,6962901,0,FALSE POSITIVE,0.977170246,132.23783,3.4842,151.1,,0.25
K03596.01,9025914,0,FALSE POSITIVE,11.320287875,131.803042,4.82219,243413.0,,0.07099627703428268
K06589.01,5479973,0,FALSE POSITIVE,1.795273026,131.870391,7.3232,125416.0,,0.25
K02115.01,9532052,1,CONFIRMED,15.72585941,133.98774,3.8284,1313.1,,0.04057436063885689
K01965.01,11657891,1,CONFIRMED,2.514628496,132.90904,1.6239,228.4,,0.10763021558523178
K00725.01,10068383,0,FALSE POSITIVE,7.30497811,169.64592,4.5414,10930.0,,0.10361427068710327
K07311.01,10332789,0,FALSE POSITIVE,18.74072534,135.2072208,5.19791,125477.0,,0.04622650891542435
K02627.01,6124512,1,CONFIRMED,8.38395796,134.41408,5.2,108.5,,0.10337202250957489
K06825.01,7115878,0,FALSE POSITIVE,0.566790294,131.83481,3.641,64.0,,0.25
K06053.01,8167978,0,FALSE POSITIVE,22.05274533,151.552457,5.5924,13857.7,,0.042265333235263824
K06874.01,7385387,0,FALSE POSITIVE,1.65546056,133.13661,3.52,125.1,,0.25
K00898.02,7870390,1,CONFIRMED,5.169804269,172.63153,2.153,1037.4,,0.06940945982933044
K07306.01,10290447,0,FALSE POSITIVE,0.691561191,131.6477,5.23,1901.0,,0.25
K07188.01,9540675,0,FALSE POSITIVE,3.55643514,133.5696,8.529,45.8,,0.25
K07971.01,9899216,0,FALSE POSITIVE,1.33259003,132.0133,3.962,11.9,,0.25
K02126.01,3546060,1,CONFIRMED,9.69310837,134.53003,2.734,1130.7,,0.04700934514403343
K05768.01,10141271,0,FALSE POSITIVE,15.4032765,137.9906,3.246,253.0,,0.03512239828705788
K02297.01,5342473,1,CONFIRMED,4.64495172,136.02095,3.366,147.4,,0.12077628076076508
K06268.01,2437452,0,FALSE POSITIVE,7.234965722,134.582307,7.0245,164848.0,,0.16181832551956177
K03234.01,10057494,1,CONFIRMED,2.41810158,132.38894,2.144,46.8,,0.1477743238210678
K07212.01,9641103,0,FALSE POSITIVE,1.089057762,132.03859,1.637,37.4,,0.25
K03513.01,9851142,0,FALSE POSITIVE,8.480304281,135.854534,7.46159,83114.6,,0.14664548635482788
K05076.02,4732015,0,FALSE POSITIVE,0.939740093,131.7401,3.682,106.5,,0.25
K07538.01,12506342,0,FALSE POSITIVE,1.22775105,132.56346,1.602,327.6,,0.21747079491615295
K01133.01,8374494,0,FALSE POSITIVE,5.251916208,357.321883,4.9095,10624.3,,0.15580028295516968
K03106.01,8895758,1,CONFIRMED,0.968980781,132.41921,1.517,118.5,,0.25
K03917.01,11466960,0,FALSE POSITIVE,0.695954898,131.89905,1.469,318.1,,0.25
K00082.03,10187017,1,CONFIRMED,27.4536146,145.02866,3.747,136.4,,0.0227474607527256
K00203.01,10619192,1,CONFIRMED,1.485710994,132.7935653,2.2874,20823.9,,0.25
K07396.01,10987439,0,FALSE POSITIVE,10.67459836,138.8847317,3.82706,16676.0,,0.059753380715847015
K04406.01,5563937,0,FALSE POSITIVE,0.519437968,131.78909,2.129,226.2,,0.25
K08009.01,10405482,0,FALSE POSITIVE,0.93373895,132.4707,4.156,39.6,,0.25
K02485.03,11125613,1,CONFIRMED,5.72716067,133.96409,2.23,310.9,,0.06489545106887817
K06378.01,4042088,0,FALSE POSITIVE,3.22598684,134.7245837,1.67,,,0.0862785056233406
K02910.01,4483138,1,CONFIRMED,15.3626052,145.5732,3.736,468.3,,0.04053131863474846
K00834.01,5436502,1,CONFIRMED,23.65369415,171.376107,8.2183,3341.8,,0.057907093316316605
K08013.01,10462462,0,FALSE POSITIVE,0.85581563,132.1452541,10.27,,,0.25
K02078.01,9351316,1,CONFIRMED,18.78429232,137.88207,3.1136,1009.5,,0.0276259183883667
K00898.01,7870390,1,CONFIRMED,9.7704486,175.71372,2.4517,1897.8,,0.041821688413619995
K07552.01,4680745,0,FALSE POSITIVE,1.463148937,132.34802,11.04,168.0,,0.25
K00727.01,10191070,0,FALSE POSITIVE,1.213745575,170.582782,5.5835,2012.2,,0.25
K00582.01,9020160,1,CONFIRMED,5.945043548,170.472237,2.7004,800.2,,0.07570452243089676
K06678.01,6228703,0,FALSE POSITIVE,4.200206781,134.6578,5.21948,82364.4,,0.20711202919483185
K03936.02,4947556,1,CONFIRMED,13.0267964,139.14777,0.785,356.6,,0.010043400339782238
K06339.01,3543270,0,FALSE POSITIVE,4.176929219,133.197382,5.2003,70355.0,,0.20750091969966888
K01194.03,3554031,1,CONFIRMED,4.17634276,352.99674,2.335,531.5,,0.09318360686302185
K03618.01,9636559,0,FALSE POSITIVE,10.636305846,139.783159,5.17212,216063.0,,0.08104505389928818
K01161.03,10426656,1,CONFIRMED,2.97136658,134.38662,2.716,233.3,,0.15234291553497314
K00041.02,6521045,1,CONFIRMED,6.88707073,133.17797,4.4679,68.7,,0.10812289267778397
K07898.01,8565912,0,FALSE POSITIVE,1.012174295,131.90835,4.6617,323029.0,,0.25
K02442.01,11080405,1,CONFIRMED,25.1933989,146.4301,4.62,481.2,,0.030563561245799065
K00892.02,7678434,1,CONFIRMED,3.96996298,137.75447,1.1757,299.2,,0.04935814440250397
K03864.01,4164922,1,CONFIRMED,1.210693626,132.39306,1.434,159.1,,0.19740749895572662
K01360.02,7102227,1,CONFIRMED,14.58932429,141.93498,2.4184,831.3,,0.027627507224678993
K02192.01,9964670,0,FALSE POSITIVE,1.541350116,132.32528,3.29,378.0,,0.25
K02104.01,10854546,1,CONFIRMED,2.168451063,132.14107,1.458,466.9,,0.11206155270338058
K02756.01,6964929,1,CONFIRMED,0.665025941,131.65962,1.7542,104.7,,0.25
K06608.01,5622250,0,FALSE POSITIVE,16.294213708,143.1937219,6.01687,174006.0,,0.061544034630060196
K07492.01,11913071,0,FALSE POSITIVE,3.747835042,134.1877331,5.28519,188923.0,,0.23503302037715912
K01898.01,7668663,1,CONFIRMED,6.4980147,136.00108,2.4384,190.9,,0.06254217773675919
K07782.01,6519865,0,FALSE POSITIVE,0.566813677,131.78895,2.458,61.2,,0.25
K06167.01,7940533,0,FALSE POSITIVE,3.905532605,133.349361,6.8091,73081.0,,0.25
K06565.01,5343976,0,FALSE POSITIVE,4.331392455,134.7274476,3.7278,200403.0,,0.14344117045402527
K01786.01,3128793,0,FALSE POSITIVE,24.68662378,137.53976,15.168,8052.3,,0.10240363329648972
K07054.01,8552540,0,FALSE POSITIVE,0.530967171,131.725385,3.8102,378394.0,,0.25
K00630.01,4659405,0,FALSE POSITIVE,4.532402495,171.92667,3.12,339.1,,0.11472944170236588
K04779.01,9094763,0,FALSE POSITIVE,1.08469871,131.7376,4.077,124.0,,0.25
K03800.01,9593759,0,FALSE POSITIVE,1.247156944,132.36584,2.6779,134761.0,,0.25
K02580.01,11037511,1,CONFIRMED,3.11604194,133.84988,1.7763,345.2,,0.09500835090875626
K00509.02,6381846,1,CONFIRMED,11.46347165,137.38521,2.599,1048.6,,0.03778669238090515
K04288.03,4548011,0,FALSE POSITIVE,4.32744048,132.7835,4.539,22.0,,0.17481465637683868
K04767.01,5802292,0,FALSE POSITIVE,1.208528832,131.97963,1.336,180.8,,0.18424604833126068
K00005.02,8554498,0,FALSE POSITIVE,7.05185637,133.3669015,3.69,,,0.08721107989549637
K06594.01,5530881,0,FALSE POSITIVE,5.082523739,132.9614122,5.04732,276277.0,,0.16551226377487183
K00120.01,11869052,0,FALSE POSITIVE,20.5452375,137.91394,2.517,218.5,,0.020418357104063034
K01417.01,11599264,0,FALSE POSITIVE,8.428090255,358.303469,1.881,11355.5,,0.037197038531303406
K03730.01,10879213,0,FALSE POSITIVE,0.668483494,132.156558,2.4129,722770.0,,0.25
K03844.01,7174349,0,FALSE POSITIVE,2.974163938,132.49312,1.7423,90282.0,,0.09763528406620026
K03607.01,9110346,0,FALSE POSITIVE,0.895276162,131.6225645,3.0518,319082.0,,0.25
K07146.01,9207508,0,FALSE POSITIVE,2.015152464,132.1127635,8.17997,561687.0,,0.25
K02476.01,10090257,0,FALSE POSITIVE,2.28607282,133.557,7.82,261.8,,0.25
K05010.01,3836450,0,FALSE POSITIVE,1.540399732,131.99296,1.63,57.6,,0.17636114358901978
K00763.01,11242721,0,FALSE POSITIVE,19.651209505,179.401981,5.2514,11766.3,,0.04453839361667633
K02260.01,11811193,1,CONFIRMED,6.11784972,133.61873,3.458,60.5,,0.09420521557331085
K02568.01,6525185,0,FALSE POSITIVE,1.71030803,131.6107,2.718,216.0,,0.25
K06494.01,5024268,0,FALSE POSITIVE,2.15045295,132.32499,4.453,169.1,,0.25
K06490.01,5021732,0,FALSE POSITIVE,15.039464523,144.137252,5.39796,66876.8,,0.05981994792819023
K01358.04,7376983,1,CONFIRMED,2.345863002,354.11185,1.6795,316.7,,0.11932353675365448
K01117.01,3114811,1,CONFIRMED,11.08956602,141.76142,6.2877,148.1,,0.09449873864650726
K01687.01,6198999,1,CONFIRMED,3.93246069,132.55435,2.1763,455.5,,0.09223656356334686
K03185.01,3240406,0,FALSE POSITIVE,0.934181579,132.39492,3.943,12.1,,0.25
K01734.01,8845574,0,FALSE POSITIVE,1.878156188,136.2716,2.058,787.5,,0.1826259195804596
K03807.01,10581918,0,FALSE POSITIVE,1.801863222,132.48449,7.2492,262582.0,,0.25
K00540.01,11521048,0,FALSE POSITIVE,25.70280003,194.82512,3.1644,5623.8,,0.020519165322184563
K07714.01,5024429,0,FALSE POSITIVE,1.52593737,132.6849,1.958,159.1,,0.21385762095451355
K01165.02,10337517,1,CONFIRMED,4.29263699,134.80018,2.7,61.4,,0.10483066737651825
K02362.01,8495415,0,FALSE POSITIVE,2.237180102,133.68185,1.4734,493.8,,0.1097661554813385
K07062.01,8569819,0,FALSE POSITIVE,20.849919614,137.5588347,13.7687,313094.0,,0.11006197333335876
K00905.01,8180063,0,FALSE POSITIVE,5.795063956,172.697467,3.2496,1692.9,,0.09345884621143341
K02241.01,5125347,1,CONFIRMED,7.16520428,132.96921,1.705,433.8,,0.039659254252910614
K01343.01,4570931,0,FALSE POSITIVE,1.544927524,133.54909,1.0134,138.5,,0.10932551324367523
K01867.02,8167996,1,CONFIRMED,13.96950181,132.17062,1.5871,1110.0,,0.018935296684503555
K00409.01,5444548,1,CONFIRMED,13.24931848,179.52171,4.4859,647.6,,0.05642931908369064
K00026.01,5021737,0,FALSE POSITIVE,15.03946326,144.137461,5.1008,5237.7,,0.05652683973312378
K05774.01,10191056,0,FALSE POSITIVE,1.21374744,131.7423095,5.79293,185129.0,,0.25
K06052.01,8167938,0,FALSE POSITIVE,2.565717939,133.22148,1.7084,1941.7,,0.11097608506679535
K06166.02,7908367,1,CONFIRMED,6.6513189,135.289,2.135,1058.4,,0.05349816009402275
K01054.01,6032981,0,FALSE POSITIVE,3.3226948,134.444,3.568,78.7,,0.17897120118141174
K00565.01,7025846,0,FALSE POSITIVE,2.340523247,170.19754,3.156,175.4,,0.2247360646724701
K01979.01,7273277,1,CONFIRMED,2.714078374,133.71179,1.3115,143.5,,0.0805368572473526
K06416.01,4454219,0,FALSE POSITIVE,1.22578134,131.6062,2.235,99376.0,,0.25
K01819.01,9597058,1,CONFIRMED,12.05705659,135.41595,2.3462,523.9,,0.03243190795183182
K01571.01,5557821,0,FALSE POSITIVE,2.92878704,356.28699,4.634,549.4,,0.25
K02590.01,12016267,0,FALSE POSITIVE,11.7489907,135.68045,4.043,36.7,,0.057352446019649506
K02300.01,10583761,1,CONFIRMED,2.685054445,132.60443,1.0473,252.7,,0.06500799208879471
K00908.01,8255887,1,CONFIRMED,4.708326451,171.446507,3.16114,7912.7,,0.11189892143011093
K07917.01,8962007,0,FALSE POSITIVE,1.41435861,132.69838,2.285,56.8,,0.25
K03710.01,9532421,0,FALSE POSITIVE,4.309067482,134.71445,2.21,23647.0,,0.08547866344451904
K04148.01,12257886,0,FALSE POSITIVE,2.61585431,132.42844,6.519,169.8,,0.25
K02071.01,6035124,1,CONFIRMED,3.85690686,134.47405,2.0808,127.8,,0.08991660922765732
K06047.01,7914906,0,FALSE POSITIVE,8.752913958,138.724933,3.4546,41770.0,,0.06577999889850616
K07478.01,11768970,0,FALSE POSITIVE,15.541358818,141.9557755,2.44433,10308.2,,0.02621317282319069
K06265.01,2306740,0,FALSE POSITIVE,10.306982793,143.7331641,11.4277,341790.0,,0.18478895723819733
K01340.01,4386059,0,FALSE POSITIVE,2.90060781,179.83386,2.563,124.8,,0.14726798236370087
K01314.01,10585852,1,CONFIRMED,8.57504983,140.14063,8.653,160.6,,0.16818171739578247
K00159.02,8972058,1,CONFIRMED,2.403640701,134.73065,1.4012,74.9,,0.09715817123651505
K04188.01,6879171,1,CONFIRMED,6.96352699,133.01717,3.192,68.1,,0.07639806717634201
K00890.01,7585481,1,CONFIRMED,8.09888906,176.623731,4.20241,6911.1,,0.08648120611906052
K04308.01,11151677,0,FALSE POSITIVE,0.720460644,132.012909,1.7846,2111.5,,0.25
K06802.01,7009828,0,FALSE POSITIVE,5.321224925,135.125071,7.48973,98872.1,,0.2345866560935974
K01108.03,3218908,1,CONFIRMED,4.15246118,134.57991,2.5755,223.4,,0.10337243229150772
K03666.01,7708193,0,FALSE POSITIVE,7.942583252,134.817062,7.0612,88327.0,,0.1481717824935913
K06741.01,6606669,0,FALSE POSITIVE,0.970085646,132.4088,1.129,153.0,,0.19396913051605225
K06483.01,4950557,0,FALSE POSITIVE,24.714790706,149.4927345,5.06776,208732.0,,0.034174948930740356
K01018.01,8183911,0,FALSE POSITIVE,8.30697421,137.08254,2.76,158.7,,0.05537515506148338
K00982.01,1433962,0,FALSE POSITIVE,1.592633181,133.9243804,5.5605,633.1,,0.25
K06197.01,9289960,0,FALSE POSITIVE,0.53345831,132.001459,1.32,,,0.25
K01307.02,10973814,1,CONFIRMED,20.34237838,137.6952,2.3351,564.6,,0.019131653010845184
K00245.02,8478994,1,CONFIRMED,21.30181863,191.84136,3.8763,87.3,,0.03032839670777321
K01824.01,2989404,1,CONFIRMED,3.553831111,134.64066,3.1029,191.8,,0.14551901817321777
K01971.01,9347009,1,CONFIRMED,19.32945602,133.26717,3.794,935.5,,0.03271345794200897
K07577.01,7032687,0,FALSE POSITIVE,0.5668004,131.81997,3.813,93.2,,0.25
K02026.01,11923284,1,CONFIRMED,2.757977384,131.87907,2.1489,211.0,,0.12985965609550476
K06751.02,6665064,0,FALSE POSITIVE,0.698359996,131.7023,1.4959,774.1,,0.25
K04085.01,5041847,0,FALSE POSITIVE,0.914468919,132.120912,2.695,3426.3,,0.25
K00205.01,7046804,1,CONFIRMED,11.720123999,142.173999,3.0039,9763.3,,0.04271712526679039
K01409.01,9391208,1,CONFIRMED,16.56062577,133.49703,2.611,700.8,,0.02627718821167946
K00896.01,7825899,1,CONFIRMED,16.23947096,175.569907,4.0374,2590.7,,0.041436079889535904
K03074.01,8197560,0,FALSE POSITIVE,1.02425556,131.49437,2.6439,1631.7,,0.25
K03363.01,11651712,1,CONFIRMED,14.53260546,140.4685,2.4212,328.9,,0.027767445892095566
K07829.01,7281668,0,FALSE POSITIVE,0.566798545,131.8431,5.224,36.9,,0.25
K07737.01,5716508,0,FALSE POSITIVE,4.75307877,134.5462132,2.35,933.0,,0.08240272849798203
K06377.01,3973504,0,FALSE POSITIVE,4.318726936,131.605675,2.67349,59429.0,,0.10317430645227432
K00588.01,9631762,1,CONFIRMED,10.35586478,175.68106,2.8431,660.9,,0.04575667902827263
K06803.01,7025851,0,FALSE POSITIVE,2.340534383,132.74718,4.43017,241360.0,,0.25
K00975.01,3632418,1,CONFIRMED,2.785821236,260.83731,3.5599,68.9,,0.21297729015350342
K02021.01,6356207,1,CONFIRMED,3.76417012,132.35462,2.0111,558.4,,0.08904574811458588
K02236.01,10723367,1,CONFIRMED,19.9865916,135.52265,4.391,648.0,,0.036616213619709015
K04138.01,4636565,0,FALSE POSITIVE,2.81401302,133.0785,5.801,55.7,,0.25
K00920.01,8689031,1,CONFIRMED,21.80451611,190.49737,3.4097,1144.9,,0.02606264315545559
K00472.01,10123064,1,CONFIRMED,4.243748097,173.563074,3.3603,1409.7,,0.1319705992937088
K07217.01,9652632,0,FALSE POSITIVE,2.488812012,132.1282609,5.94523,131002.0,,0.25
K02616.01,5956787,0,FALSE POSITIVE,0.569115976,132.01945,2.028,796.9,,0.25
K07974.01,9899621,0,FALSE POSITIVE,1.33255492,132.048,3.63,66.6,,0.25
K01446.01,12506351,0,FALSE POSITIVE,1.22775877,133.78679,2.7545,46148.0,,0.25
K04422.01,10155321,0,FALSE POSITIVE,15.705388,135.0768,4.871,283.7,,0.051691390573978424
K03927.01,8868649,0,FALSE POSITIVE,4.44737112,133.84048,19.45,224.4,,0.25
K00834.04,5436502,1,CONFIRMED,2.090811305,134.17462,3.388,115.9,,0.25
K05028.01,3962728,0,FALSE POSITIVE,25.9493253,155.024,12.17,354.5,,0.07816516607999802
K01160.01,10330115,1,CONFIRMED,13.21409607,140.58492,3.5641,1154.8,,0.04495325684547424
K08017.01,10471055,0,FALSE POSITIVE,0.9337465,131.5267,3.629,49.9,,0.25
K01312.01,10963242,1,CONFIRMED,6.1469956,135.07385,3.3153,249.6,,0.08988944441080093
K04162.01,1293031,0,FALSE POSITIVE,0.53936593,131.97457,5.434,145.0,,0.25
K00989.04,10743597,0,FALSE POSITIVE,4.08029328,131.7047,2.8343,1128.4,,0.11577190458774567
K00900.01,7938496,1,CONFIRMED,13.81020318,172.33533,3.048,1309.7,,0.036784395575523376
K01613.01,6268648,1,CONFIRMED,15.86624787,141.08734,4.25,77.3,,0.044644035398960114
K03836.01,7612691,0,FALSE POSITIVE,3.46724809,133.90269,11.01,1317.3,,0.25
K05466.01,8037038,1,CONFIRMED,4.09513876,131.67784,2.462,181.7,,0.1002001017332077
K02547.01,4484336,1,CONFIRMED,8.94337724,137.30234,2.469,215.1,,0.046011701226234436
K06830.01,7117541,0,FALSE POSITIVE,1.585673651,132.013007,3.20763,44116.4,,0.25
K07482.01,11817750,0,FALSE POSITIVE,9.762550001,131.671965,4.87531,41579.9,,0.08323150128126144
K02239.01,4077901,0,FALSE POSITIVE,12.1097626,140.74725,10.174,113.9,,0.14002476632595062
K00608.01,5562784,0,FALSE POSITIVE,25.33709016,192.91451,9.664,2279.4,,0.06356952339410782
K01144.01,8302450,0,FALSE POSITIVE,2.44199803,134.57095,2.759,251.7,,0.18830208480358124
K00494.01,3966801,1,CONFIRMED,25.69581456,188.78889,4.0251,1130.8,,0.026107365265488625
K01336.04,4077526,1,CONFIRMED,4.45814897,134.39743,2.867,188.1,,0.10718200355768204
K01413.01,9006449,1,CONFIRMED,12.64504291,138.63149,9.117,200.4,,0.12016566842794418
K07000.01,8243263,0,FALSE POSITIVE,1.759276227,132.0750778,3.19585,32091.2,,0.25
K03679.01,5021174,0,FALSE POSITIVE,4.04506346,132.232226,3.22222,360177.0,,0.13276347517967224
K06560.01,5301955,0,FALSE POSITIVE,0.68396452,131.7130275,1.3,,,0.25
K06559.01,5300878,0,FALSE POSITIVE,0.639721284,131.8546732,2.69771,465918.0,,0.25
K06930.01,7886329,0,FALSE POSITIVE,0.567493852,131.9916219,1.35349,7984.0,,0.25
K07019.01,8316503,0,FALSE POSITIVE,5.065329723,134.9819163,4.90392,155614.0,,0.16135573387145996
K00598.01,10656823,1,CONFIRMED,8.30783912,171.17201,3.1516,777.5,,0.06322542577981949
K06452.01,4769824,0,FALSE POSITIVE,21.926779,135.5453,10.05,198.6,,0.07639060914516449
K02339.01,7033233,1,CONFIRMED,2.032318856,132.64394,1.1596,287.5,,0.09509662538766861
K06805.01,7031732,0,FALSE POSITIVE,0.566798827,131.81946,3.662,34.9,,0.25
K00987.01,7295235,1,CONFIRMED,3.179267286,261.841607,1.0246,200.9,,0.05371258407831192
K02333.02,11121752,1,CONFIRMED,7.63008196,137.07948,2.78,124.0,,0.06072455644607544
K02331.01,12401863,1,CONFIRMED,2.832647249,131.82642,2.306,114.7,,0.1356799155473709
K06829.01,7117513,0,FALSE POSITIVE,0.566797474,131.8117,2.708,98.8,,0.25
K04113.01,9282762,0,FALSE POSITIVE,1.33255441,132.05269,3.828,106.7,,0.25
K00835.01,5456651,1,CONFIRMED,11.76307164,180.93613,2.9076,1037.3,,0.04119672253727913
K07707.01,4774646,0,FALSE POSITIVE,0.559517155,132.07411,0.596,57.9,,0.17753402888774872
K01545.01,5282049,0,FALSE POSITIVE,5.910371418,360.2852478,3.88962,17219.2,,0.10968346148729324
K07790.01,6783732,0,FALSE POSITIVE,0.721335207,131.57505,1.509,31.8,,0.25
K00408.01,5351250,1,CONFIRMED,7.381980206,173.072659,3.1152,1433.8,,0.07033342868089676
K07989.01,10156110,0,FALSE POSITIVE,4.85603482,135.9933,3.078,76.7,,0.10564174503087997
K01929.01,10136549,1,CONFIRMED,9.69315023,132.81362,5.6725,141.8,,0.09753450751304626
K01796.01,10019399,0,FALSE POSITIVE,11.805707539,133.050811,2.0494,2052.1,,0.02893233299255371
K03950.01,4544572,0,FALSE POSITIVE,2.189092892,132.082757,5.1128,1871.5,,0.25
K03130.01,10252275,1,CONFIRMED,14.8638496,142.95729,2.705,220.6,,0.030330859124660492
K04982.01,3449540,0,FALSE POSITIVE,1.606003121,132.4945147,4.88602,402550.0,,0.25
K06969.01,8112013,0,FALSE POSITIVE,1.790518325,132.9384734,3.34624,61541.9,,0.25
K02405.01,10202759,0,FALSE POSITIVE,0.872952088,131.49734,1.4499,137.3,,0.25
K00290.01,10488450,0,FALSE POSITIVE,2.683395376,171.42605,1.8592,234.7,,0.11547558754682541
K02621.01,9996632,0,FALSE POSITIVE,8.44326557,136.26748,3.353,359.5,,0.06618687510490417
K05347.01,7024045,0,FALSE POSITIVE,23.9341825,145.76028,1.607,228.1,,0.011190410703420639
K03446.01,2852528,0,FALSE POSITIVE,11.9615433,131.895,3.129,424.5,,0.043598052114248276
K03858.01,12306699,0,FALSE POSITIVE,3.204222652,133.82223,2.7952,898.4,,0.14539147913455963
K03834.01,3836399,0,FALSE POSITIVE,1.540392098,131.9989,3.7271,1022.0,,0.25
K01122.01,6311681,0,FALSE POSITIVE,0.844786082,134.216987,3.5289,2468.5,,0.25
K01378.02,7375795,0,FALSE POSITIVE,0.691666384,135.94927,1.9603,35.6,,0.25
K01671.01,5195172,1,CONFIRMED,1.480283464,134.37254,2.486,60.5,,0.25
K00587.01,9607164,1,CONFIRMED,14.03490255,171.60491,3.638,851.8,,0.04320181906223297
K03230.02,9291039,0,FALSE POSITIVE,3.796383639,135.2015074,8.6711,31.1,,0.25
K06264.01,2305372,0,FALSE POSITIVE,1.40469182,131.552084,6.26327,702439.0,,0.25
K00459.01,7977197,1,CONFIRMED,19.44639139,170.10238,3.6227,926.0,,0.0310486052185297
K00085.01,5866724,1,CONFIRMED,5.859935955,132.040528,4.0185,322.8,,0.11429306119680405
K00508.02,6266741,1,CONFIRMED,16.6658994,180.20215,4.1934,754.2,,0.04193593189120293
K06474.01,4932691,0,FALSE POSITIVE,18.11208877,134.713916,6.7828,116633.0,,0.06241503730416298
K03319.02,5965819,1,CONFIRMED,8.23983041,137.75528,5.619,251.0,,0.11365525424480438
K02282.01,6751874,1,CONFIRMED,6.89226333,132.4644,2.4921,214.4,,0.06026322394609451
K03671.01,10383696,0,FALSE POSITIVE,8.487871809,134.495278,4.19829,118814.0,,0.08243703842163086
K03026.01,6929841,1,CONFIRMED,3.51575492,134.29974,1.381,237.4,,0.06546720862388611
K04080.01,5036480,0,FALSE POSITIVE,1.061002863,132.52463,1.962,142.4,,0.25
K02533.02,11074835,0,FALSE POSITIVE,9.49361221,136.1777807,6.52,,,0.11446292698383331
K03681.02,2581316,1,CONFIRMED,10.51421162,134.56738,3.877,85.4,,0.061456501483917236
K07811.01,7115550,0,FALSE POSITIVE,0.566814046,131.79379,4.049,42.1,,0.25
K02540.01,3001885,0,FALSE POSITIVE,2.67596808,133.70492,2.021,420.6,,0.12587344646453857
K04987.01,3542117,0,FALSE POSITIVE,12.5748872,143.1278,3.549,731.0,,0.04703819379210472
K00499.01,4847534,1,CONFIRMED,9.66857386,174.53483,2.4656,411.7,,0.04250195994973183
K04284.01,10156055,0,FALSE POSITIVE,2.42803503,133.5931,3.045,73.8,,0.20901675522327423
K06356.01,3757588,0,FALSE POSITIVE,24.09002065,154.285323,11.0494,6782.2,,0.07644520699977875
K01612.01,10963065,1,CONFIRMED,2.465024332,132.68122,1.262,30.7,,0.08532708138227463
K01521.01,9818462,1,CONFIRMED,25.9421582,156.18894,4.045,569.7,,0.025987301021814346
K00740.01,10395381,1,CONFIRMED,17.6717714,186.3704,3.4202,918.6,,0.03225671872496605
K00347.01,11189127,0,FALSE POSITIVE,2.671942657,169.853908,1.9119,15942.0,,0.11925780028104782
K03940.01,5195945,0,FALSE POSITIVE,14.53682228,132.36831,3.195,1032.3,,0.03663111478090286
K00638.01,5113822,1,CONFIRMED,23.6421965,172.58844,5.018,1102.2,,0.03537460416555405
K00882.01,7377033,0,FALSE POSITIVE,1.956811408,170.694208,2.1958,24905.0,,0.18702194094657898
K06840.01,7198648,0,FALSE POSITIVE,0.566799833,131.64094,5.543,198.0,,0.25
K01060.01,5880320,1,CONFIRMED,12.10968709,140.21258,6.3461,284.7,,0.08734191954135895
K06281.01,2571075,0,FALSE POSITIVE,1.89134201,132.6744,4.674,128.9,,0.25
K07372.01,10794242,0,FALSE POSITIVE,7.143708297,137.8041949,5.83451,202685.0,,0.13612234592437744
K01149.01,8349405,0,FALSE POSITIVE,7.1688266,136.23827,1.29,,,0.029990961775183678
K06220.01,10341878,0,FALSE POSITIVE,0.933753371,131.50945,4.438,47.3,,0.25
K02089.01,9541322,0,FALSE POSITIVE,9.40527028,134.55181,2.076,470.9,,0.036787886172533035
K00804.01,3641726,1,CONFIRMED,9.02930689,177.20422,3.1449,1019.8,,0.05804986134171486
K02466.02,8544992,1,CONFIRMED,13.2970695,140.94606,3.283,219.7,,0.04114941880106926
K02872.01,7136729,0,FALSE POSITIVE,3.17319407,133.38365,2.512,135.8,,0.13193856179714203
K06974.01,8128965,0,FALSE POSITIVE,7.140373046,138.008012,7.07032,205256.0,,0.1650315225124359
K06255.01,1717528,0,FALSE POSITIVE,9.31392071,135.7783,0.971,163.7,,0.01737542450428009
K05143.01,5260419,0,FALSE POSITIVE,19.93826636,145.9495067,1.77,,,0.014795669354498386
K00011.01,11913073,0,FALSE POSITIVE,3.747838198,171.66504,5.0642,616.0,,0.22520537674427032
K06464.01,4862625,0,FALSE POSITIVE,20.000242814,134.82021,5.0042,13137.9,,0.04170116037130356
K03228.01,5307990,0,FALSE POSITIVE,0.98762513,131.97212,1.127,28.6,,0.19018687307834625
K00627.02,4563268,1,CONFIRMED,4.16536757,132.04068,3.2935,120.0,,0.13178108632564545
K03122.01,12416661,1,CONFIRMED,8.05337912,134.9588,5.382,38.3,,0.11138181388378143
K02229.01,4473226,1,CONFIRMED,14.83340944,135.44213,3.927,783.0,,0.044123370200395584
K03921.01,10083623,0,FALSE POSITIVE,1.278555003,131.529071,1.4247,1478.0,,0.18571746349334717
K02675.01,5794570,1,CONFIRMED,5.448321078,132.49088,2.2213,529.4,,0.06795059889554977
K01875.01,9967771,1,CONFIRMED,9.91724268,135.1389,3.2241,457.9,,0.05418340861797333
K00421.01,9115800,1,CONFIRMED,4.454194254,172.8202233,2.3061,16041.5,,0.08628945797681808
K01165.01,10337517,1,CONFIRMED,7.053934488,136.357253,1.7244,511.5,,0.04074322059750557
K02278.01,3342794,1,CONFIRMED,14.17222858,142.60134,2.6297,246.8,,0.030925504863262177
K01903.01,3836453,0,FALSE POSITIVE,1.540395781,131.99631,1.6305,173.4,,0.17641569674015045
K04556.01,10399321,0,FALSE POSITIVE,21.5819776,146.0691,13.734,47.6,,0.10606071352958679
K05086.01,4769799,0,FALSE POSITIVE,21.92866538,135.528574,9.7526,22178.4,,0.07412368059158325
K04166.01,4078311,1,CONFIRMED,9.84262076,134.02155,1.6018,626.4,,0.02712353505194187
K07333.01,10481054,0,FALSE POSITIVE,2.03742712,131.5592,3.939,36.0,,0.25
K00591.01,9886221,0,FALSE POSITIVE,2.9926465,170.80128,1.81,105.9,,0.10080263763666153
K02733.01,5953297,1,CONFIRMED,5.62006198,132.95381,2.751,190.1,,0.08158273249864578
K01330.01,4150539,0,FALSE POSITIVE,8.65306587,134.30886,4.486,1048.1,,0.08640483021736145
K06673.01,6205460,0,FALSE POSITIVE,3.722775537,136.515472,14.3309,107594.0,,0.25
K01638.01,10747439,0,FALSE POSITIVE,4.593594819,134.889552,2.6391,1455.2,,0.09575289487838745
K00429.01,10616679,1,CONFIRMED,8.600099313,172.529281,4.0077,2791.6,,0.0776677057147026
K00842.01,5794379,1,CONFIRMED,12.71809866,175.35526,3.0957,1149.4,,0.040568169206380844
K02863.01,3241557,0,FALSE POSITIVE,1.703359172,132.46185,1.914,57.6,,0.18727700412273407
K00094.02,6462863,1,CONFIRMED,10.423677439,138.009041,5.2257,777.3,,0.08355496823787689
K03691.02,4751083,0,FALSE POSITIVE,2.26631937,133.3865546,3.16,,,0.23238854110240936
K04736.01,5282477,0,FALSE POSITIVE,0.992798625,131.70889,3.5065,582.5,,0.25
K01519.01,7663405,1,CONFIRMED,5.1443645,133.83044,2.703,310.7,,0.08757155388593674
K01976.01,2693736,1,CONFIRMED,12.12401737,134.955,3.3091,788.4,,0.0454895980656147
K07152.01,9278021,0,FALSE POSITIVE,3.359470825,133.952372,2.14715,2707.8,,0.10652223229408264
K07805.01,7031638,0,FALSE POSITIVE,1.13353095,132.4414,3.17,18.5,,0.25
K06833.01,7128918,0,FALSE POSITIVE,7.11879848,137.1575204,4.11282,107665.0,,0.09629012644290924
K06039.01,7537945,0,FALSE POSITIVE,1.071911311,131.607529,3.8559,9817.8,,0.25
K01128.01,6362874,1,CONFIRMED,0.974868896,133.076265,1.6191,197.6,,0.25
K01995.01,5942093,0,FALSE POSITIVE,14.38724729,131.85133,1.9078,1914.1,,0.02210059016942978
K01874.01,8978528,1,CONFIRMED,18.6848377,136.14587,3.7965,1251.5,,0.03386435657739639
K03902.01,10583225,0,FALSE POSITIVE,2.69634575,132.9969,3.785,185.2,,0.23395861685276031
K00719.02,9950612,1,CONFIRMED,28.1224393,146.91763,4.174,194.3,,0.02473706752061844
K03775.01,7220320,0,FALSE POSITIVE,0.752158047,131.793035,2.42733,37878.8,,0.25
K06590.01,5513822,0,FALSE POSITIVE,0.755109271,131.81838,2.619,23.2,,0.25
K06679.01,6231401,0,FALSE POSITIVE,6.091954982,137.5877592,3.60482,36700.0,,0.09862241894006729
K07754.01,5962509,0,FALSE POSITIVE,0.790049989,132.11148,2.794,70.8,,0.25
K06866.01,7365447,0,FALSE POSITIVE,2.525386934,133.913493,3.71613,124878.0,,0.24525152146816254
K02751.01,9881077,1,CONFIRMED,24.4004378,135.62326,2.987,860.5,,0.020402640104293823
K01259.01,8823426,0,FALSE POSITIVE,1.506507172,178.18515,4.5346,880.9,,0.25
K07674.01,3858943,0,FALSE POSITIVE,25.9528725,154.8736,12.434,164.1,,0.07984986156225204
K06992.01,8211521,0,FALSE POSITIVE,1.69421771,132.006,4.161,91.1,,0.25
K02926.01,10122538,1,CONFIRMED,12.2854718,131.90073,2.996,1617.1,,0.04064421355724335
K06549.01,5271803,0,FALSE POSITIVE,0.5402463,131.5521,13.93,1148.0,,0.25
K02244.01,10544677,0,FALSE POSITIVE,19.7352868,138.58362,5.097,319.4,,0.04304472357034683
K04135.01,5386264,0,FALSE POSITIVE,12.435190544,140.8323906,3.8305,71.9,,0.051339514553546906
K06671.01,6185717,0,FALSE POSITIVE,11.702203927,139.4312652,2.75173,28998.7,,0.039191052317619324
K03739.01,10857342,0,FALSE POSITIVE,2.415925551,133.610004,9.7769,560970.0,,0.25
K01681.02,5531953,1,CONFIRMED,1.992812339,131.70565,2.066,314.8,,0.1727876365184784
K03951.01,5738634,0,FALSE POSITIVE,2.40435335,133.22999,4.07,70.6,,0.25
K00991.01,10154388,1,CONFIRMED,12.06222962,138.22229,2.0584,300.2,,0.028441397473216057
K07261.01,9945280,0,FALSE POSITIVE,0.651731691,131.751463,2.4602,20524.2,,0.25
K02352.01,8013439,1,CONFIRMED,13.39155154,133.05499,3.391,48.9,,0.04220322519540787
K02005.01,6665512,1,CONFIRMED,6.92101452,135.64343,4.3591,529.7,,0.10497257113456726
K06517.01,5094301,0,FALSE POSITIVE,0.99519559,132.4712,2.293,13.7,,0.25
K07410.01,11134079,0,FALSE POSITIVE,1.260575815,132.0569049,2.36064,154278.0,,0.25
K06196.01,9282687,0,FALSE POSITIVE,1.680425996,132.33173,5.4548,277249.0,,0.25
K02558.01,5307858,0,FALSE POSITIVE,1.867281146,132.07744,7.495,701.1,,0.25
K05832.01,10817600,0,FALSE POSITIVE,2.74703312,131.79105,2.655,152.2,,0.16108287870883942
K04612.01,8044600,0,FALSE POSITIVE,4.1083812,134.8932,3.279,352.8,,0.13302075862884521
K02662.01,3426367,1,CONFIRMED,2.10433534,133.31612,1.1168,242.1,,0.08845231682062149
K04522.01,9577855,0,FALSE POSITIVE,2.21030572,133.57674,2.492,92.0,,0.1879076361656189
K06947.01,7985167,0,FALSE POSITIVE,0.692239369,131.584611,2.91121,62962.0,,0.25
K05025.01,3953106,0,FALSE POSITIVE,6.58729511,133.3652,8.3582,127965.0,,0.21147273480892181
K04803.01,4473613,1,CONFIRMED,4.36125889,132.53228,2.174,189.2,,0.0830799862742424
K07082.01,8736245,0,FALSE POSITIVE,2.534740757,133.477837,4.85013,364349.0,,0.25
K00239.01,6383785,1,CONFIRMED,5.640676975,138.556259,2.8354,1453.3,,0.08377835899591446
K01023.01,2445154,0,FALSE POSITIVE,8.4120069,139.64745,3.923,819.6,,0.07772620022296906
K06823.01,7115463,0,FALSE POSITIVE,0.566800287,131.815992,3.487,73.9,,0.25
K04409.01,5308537,1,CONFIRMED,14.2651545,143.22024,3.601,66.3,,0.04207221791148186
K03350.01,7136958,0,FALSE POSITIVE,29.015852933,138.402477,7.19844,71432.1,,0.04134774208068848
K07050.01,8517433,0,FALSE POSITIVE,0.652956712,131.52361,0.627,50.0,,0.16004124283790588
K08291.01,10471090,0,FALSE POSITIVE,0.93376089,132.4263,3.027,27.3,,0.25
K00744.01,10480982,0,FALSE POSITIVE,19.221388942,184.5521637,4.79843,74284.0,,0.041606687009334564
K00952.01,9787239,1,CONFIRMED,5.90127815,171.40674,2.1979,1525.2,,0.062074124813079834
K04118.01,10661778,0,FALSE POSITIVE,1.231363214,131.80615,5.8101,4774.7,,0.25
K02045.03,6026438,1,CONFIRMED,16.9348104,137.2502,3.408,346.3,,0.033540382981300354
K07091.01,8784288,0,FALSE POSITIVE,1.827558898,132.26554,4.72808,314683.0,,0.25
K06463.01,4862332,0,FALSE POSITIVE,0.8903331,131.5337,2.643,134.1,,0.25
K07268.01,9971475,0,FALSE POSITIVE,5.357409918,131.637601,4.28582,199157.0,,0.13332997262477875
K00179.01,9663113,1,CONFIRMED,20.74028645,142.80003,10.3939,1023.3,,0.08352424204349518
K01196.01,3348082,0,FALSE POSITIVE,3.98216698,135.52749,2.396,381.3,,0.10028041154146194
K06929.01,7885570,0,FALSE POSITIVE,1.729338354,132.536976,6.8524,140158.0,,0.25
K07121.01,9005854,0,FALSE POSITIVE,1.890227354,131.678589,3.855,112262.0,,0.25
K02147.02,10404582,1,CONFIRMED,10.32736351,139.37228,1.889,126.9,,0.030485354363918304
K02196.01,6209798,0,FALSE POSITIVE,1.205412526,131.93619,1.537,109.2,,0.21251368522644043
K02801.01,5905822,1,CONFIRMED,6.99205021,138.05147,5.037,33.4,,0.12006492912769318
K05471.01,8075618,0,FALSE POSITIVE,8.780603773,137.923785,3.16989,90027.8,,0.06016841530799866
K04433.01,9518651,0,FALSE POSITIVE,2.17823752,132.00513,2.259,44.0,,0.17284616827964783
K01102.02,3231341,1,CONFIRMED,8.14515981,140.56811,5.073,446.8,,0.10380397737026215
K07393.01,10976412,0,FALSE POSITIVE,3.75938475,134.13833,1.188,133.1,,0.052668191492557526
K04093.01,8521059,0,FALSE POSITIVE,0.535578808,131.80805,1.7973,193.6,,0.25
K02454.01,11401822,0,FALSE POSITIVE,1.08070294,131.86686,3.363,145.6,,0.25
K06398.01,4269252,0,FALSE POSITIVE,9.4022333,134.8876,2.79,316.0,,0.049456335604190826
K06054.01,8168581,0,FALSE POSITIVE,2.881338104,132.909319,3.5943,2533.7,,0.20790687203407288
K03691.01,4751083,0,FALSE POSITIVE,4.532416322,135.6589,3.2864,34953.0,,0.12084797769784927
K01789.01,5565497,0,FALSE POSITIVE,1.412526202,131.70353,5.49,150.3,,0.25
K02713.01,5443604,0,FALSE POSITIVE,21.3910125,141.29764,3.512,645.8,,0.02736351639032364
K07584.01,7281694,0,FALSE POSITIVE,0.566807725,131.7888,2.16,31.5,,0.25
K02838.01,6607357,1,CONFIRMED,7.69994466,134.39282,4.432,70.9,,0.09593142569065094
K00665.03,6685609,1,CONFIRMED,3.07155284,133.30255,4.0935,86.0,,0.22211891412734985
K01101.01,3245969,1,CONFIRMED,11.39102358,137.70864,2.303,448.6,,0.03369612246751785
K07071.01,8621026,0,FALSE POSITIVE,4.059428737,133.1885651,5.26926,245217.0,,0.21633832156658173
K01960.02,6949061,1,CONFIRMED,23.2218115,151.06904,2.744,210.4,,0.0196941290050745
K02083.01,7097965,1,CONFIRMED,7.72085047,136.563,1.8264,267.0,,0.03942570835351944
K06086.01,11408935,0,FALSE POSITIVE,15.995094054,147.305407,8.45037,44315.3,,0.0880516842007637
K05728.01,9896438,0,FALSE POSITIVE,18.0766788,146.25271,3.06,28831.0,,0.028213147073984146
K04648.01,10473272,0,FALSE POSITIVE,17.6604653,137.3914,2.837,309.2,,0.026773549616336823
K01647.01,11153121,1,CONFIRMED,14.97031664,134.50507,5.884,290.5,,0.06550741195678711
K01893.01,8689793,1,CONFIRMED,3.554856338,131.80398,2.1004,232.9,,0.0984756126999855
K07816.01,7117485,0,FALSE POSITIVE,0.566789505,131.8313,5.835,54.6,,0.25
K03254.01,9899141,0,FALSE POSITIVE,1.33256944,132.05502,3.89,20.6,,0.25
K02149.01,10617017,1,CONFIRMED,13.15140223,144.16237,5.439,97.8,,0.06892801076173782
K01042.01,5816811,0,FALSE POSITIVE,2.227718792,134.452638,4.9699,1039.0,,0.25
K02168.01,11308499,1,CONFIRMED,3.28192056,132.42485,2.917,191.0,,0.14813481271266937
K04646.01,12012439,0,FALSE POSITIVE,2.97607935,132.953,4.606,130.4,,0.25
K00770.01,11463211,0,FALSE POSITIVE,1.50635409,170.998064,1.5155,2211.7,,0.1676785945892334
K00731.01,10259031,0,FALSE POSITIVE,7.06115081,169.86425,3.547,1526.9,,0.08372101187705994
K06768.01,6781047,0,FALSE POSITIVE,7.0435762,136.2789,15.76,,,0.25
K01806.02,9529744,1,CONFIRMED,17.9346606,138.21679,6.25,142.7,,0.05808120220899582
K03852.01,4949524,0,FALSE POSITIVE,1.233076007,132.49795,12.506,1392.4,,0.25
K06205.01,9479460,0,FALSE POSITIVE,2.073873563,132.59754,6.5605,603811.0,,0.25
K02520.01,10059645,1,CONFIRMED,6.49441464,132.25189,2.344,357.3,,0.060154255479574203
K07194.01,9581498,0,FALSE POSITIVE,10.54884842,140.3874343,1.17,,,0.018485430628061295
K07523.01,12353633,0,FALSE POSITIVE,0.684496369,131.92125,2.263,28.4,,0.25
K02174.03,8261920,1,CONFIRMED,7.72513619,176.80202,2.042,382.2,,0.04405531659722328
K00209.02,10723750,1,CONFIRMED,18.79591276,145.821854,7.5235,2431.4,,0.06671220064163208
K05729.01,9899514,0,FALSE POSITIVE,1.33255577,132.0672,4.282,126.5,,0.25
K03639.01,10491544,0,FALSE POSITIVE,22.77194512,133.84261,10.1995,30246.0,,0.07464960217475891
K03597.01,9366988,0,FALSE POSITIVE,1.219034103,132.100694,2.4494,95697.0,,0.25
K05019.01,3858926,0,FALSE POSITIVE,25.95247,149.0004,12.945,80.8,,0.08313274383544922
K01836.01,5389540,0,FALSE POSITIVE,10.26231992,133.20719,3.568,813.9,,0.05794661119580269
K03830.01,10676927,0,FALSE POSITIVE,1.031100362,131.87473,2.9759,129157.0,,0.25
K03735.01,2166200,0,FALSE POSITIVE,8.096939227,132.646466,2.8833,142891.0,,0.05934958532452583
K01019.01,8179973,0,FALSE POSITIVE,2.49705175,135.3072596,3.79,,,0.25
K01811.01,3966262,0,FALSE POSITIVE,2.46353343,135.3459,2.954,830.0,,0.19984844326972961
K07398.01,10991989,0,FALSE POSITIVE,0.974477904,132.370903,2.69834,8846.9,,0.25
K06577.01,5397905,0,FALSE POSITIVE,0.618060842,131.63533,1.892,25.1,,0.25
K04090.01,9899233,0,FALSE POSITIVE,1.332547503,132.05767,4.521,130.3,,0.25
K06670.01,6152521,0,FALSE POSITIVE,0.94895231,131.85772,3.952,57.7,,0.25
K00371.02,5652983,0,FALSE POSITIVE,9.0584662,133.2317,6.376,61.8,,0.1173119843006134
K03163.01,7116117,0,FALSE POSITIVE,0.566801886,131.8258,5.733,5.9,,0.25
K00098.01,10264660,1,CONFIRMED,6.790120801,138.088199,6.0437,2302.3,,0.14834542572498322
K01998.01,9834040,1,CONFIRMED,6.77408984,135.95524,2.6215,520.3,,0.06449820846319199
K01013.01,6047498,0,FALSE POSITIVE,0.51872711,133.676312,1.252,714.1,,0.25
K00723.02,10002866,1,CONFIRMED,28.08185982,194.91696,4.5288,1840.3,,0.026878561824560165
K03655.01,8264097,0,FALSE POSITIVE,2.897436854,132.038502,3.2833,289807.0,,0.18886232376098633
K07298.01,10257903,0,FALSE POSITIVE,0.85574731,131.8240876,2.01,,,0.25
K01266.01,8547140,1,CONFIRMED,11.41926141,137.66894,3.9908,915.6,,0.05824661627411842
K00874.02,7134976,1,CONFIRMED,11.18719905,137.17814,3.252,353.6,,0.04844823107123375
K06876.01,7421876,0,FALSE POSITIVE,4.50279037,134.1343,6.72,,,0.24873465299606323
K00898.03,7870390,1,CONFIRMED,20.09017037,147.97788,4.154,1432.1,,0.03446129709482193
K01845.01,3338885,1,CONFIRMED,1.970340203,131.948389,1.7901,403.2,,0.15142054855823517
K06607.01,5621299,0,FALSE POSITIVE,0.93891532,131.83424,2.134,39.1,,0.25
K02275.01,7124026,0,FALSE POSITIVE,15.7455586,145.54111,13.877,161.1,,0.14688798785209656
K03291.01,6233483,0,FALSE POSITIVE,15.8733803,135.62779,7.4672,4094.1,,0.07840380072593689
K06815.01,7049486,0,FALSE POSITIVE,26.718417546,138.0518033,8.14155,72975.7,,0.050786130130290985
K01456.01,7832356,1,CONFIRMED,7.886632468,360.514132,5.2147,6331.2,,0.11020123958587646
K04237.01,7259249,0,FALSE POSITIVE,0.950735805,131.7794,1.1434,175.1,,0.20044124126434326
K04934.01,2165352,0,FALSE POSITIVE,0.7906069,132.077067,3.3996,689.2,,0.25
K00345.01,11074541,1,CONFIRMED,29.88487723,173.194404,4.5612,1275.7,,0.0254376158118248
K01620.01,6468337,0,FALSE POSITIVE,0.959853772,131.85197,1.9163,55.8,,0.25
K01202.01,3444588,1,CONFIRMED,0.928310036,133.80358,1.1899,376.2,,0.21363192796707153
K04159.01,6607644,1,CONFIRMED,0.971915957,132.16504,1.6023,73.7,,0.25
K01385.01,9278553,0,FALSE POSITIVE,18.610092584,139.0850449,4.98308,50833.5,,0.04462704062461853
K04044.01,5201115,0,FALSE POSITIVE,1.728521892,131.81736,3.361,92.2,,0.25
K03778.01,12405950,0,FALSE POSITIVE,3.539631353,132.774997,1.5372,1229.7,,0.0723804160952568
K00960.01,8176650,0,FALSE POSITIVE,15.801100028,177.1533515,6.37505,37545.0,,0.06724268198013306
K03686.01,9719636,0,FALSE POSITIVE,3.351573993,134.28062,2.8758,54546.0,,0.14300744235515594
K00474.02,10460984,1,CONFIRMED,28.9869016,134.7812,3.6233,471.6,,0.0208329726010561
K03788.01,9405541,0,FALSE POSITIVE,5.55260695,132.08428,4.1178,727.6,,0.12359960377216339
K02479.01,5963582,1,CONFIRMED,25.5433704,140.58705,8.567,138.6,,0.05589839071035385
K04311.01,8645191,0,FALSE POSITIVE,0.918921494,131.68016,0.9425,321.0,,0.17094314098358154
K03627.02,10091110,0,FALSE POSITIVE,8.529991199,137.654769,3.9954,20083.7,,0.07806573063135147
K03970.01,9412445,0,FALSE POSITIVE,10.18670759,132.51843,7.498,261.2,,0.12267620861530304
K06946.01,7976435,0,FALSE POSITIVE,3.33287187,133.4408645,7.13,,,0.25
K01425.01,11254382,1,CONFIRMED,2.05388477,133.73432,2.1635,546.7,,0.17556162178516388
K00379.01,2446113,0,FALSE POSITIVE,6.71725648,170.99733,2.5207,272.7,,0.06254289299249649
K03869.01,6290382,0,FALSE POSITIVE,6.12810722,137.03456,2.824,2336.0,,0.07680457085371017
K06072.01,9664215,0,FALSE POSITIVE,3.319523463,131.923046,3.3465,38832.0,,0.168021097779274
K01305.02,10730034,1,CONFIRMED,6.18670882,136.63308,2.909,202.6,,0.07836692035198212
K03299.01,7177555,0,FALSE POSITIVE,17.99643716,134.910537,4.164,36923.0,,0.038563188165426254
K04658.01,4946049,0,FALSE POSITIVE,1.8789138,133.06338,4.279,30.2,,0.25
K06500.01,5031804,0,FALSE POSITIVE,1.37347867,132.22105,12.62,289.9,,0.25
K01821.01,8832512,1,CONFIRMED,9.97682072,131.76825,3.4873,966.8,,0.05825670063495636
K07246.01,9899421,0,FALSE POSITIVE,1.33256256,132.04698,3.088,174.9,,0.25
K07010.01,8288719,0,FALSE POSITIVE,0.755049082,132.1942347,2.09643,26067.9,,0.25
K02019.01,6226290,1,CONFIRMED,14.08826442,137.34334,4.1847,889.4,,0.04950574412941933
K00354.01,11568987,1,CONFIRMED,15.95995611,171.52098,4.3149,523.2,,0.04505964741110802
K02930.01,4664046,0,FALSE POSITIVE,1.12976597,132.526,3.096,133.7,,0.25
K01234.01,6390824,0,FALSE POSITIVE,0.973547911,133.49742,2.2858,435.7,,0.25
K07574.01,7031208,0,FALSE POSITIVE,0.566796331,131.8335,5.194,114.8,,0.25
K06190.01,8984706,0,FALSE POSITIVE,10.135401047,132.3238999,5.6831,256062.0,,0.09345296770334244
K00115.01,9579641,1,CONFIRMED,5.412203927,133.143089,2.9472,601.6,,0.09075785428285599
K02953.01,6778019,0,FALSE POSITIVE,0.945825494,131.62223,1.8496,104.7,,0.25
K01834.01,5802478,0,FALSE POSITIVE,3.79188234,134.1344,2.15,417.0,,0.0945001170039177
K07661.01,3645282,0,FALSE POSITIVE,0.673684895,131.61938,1.161,51.1,,0.25
K04492.01,9222516,0,FALSE POSITIVE,0.63938062,131.894673,1.2067,308.0,,0.25
K00453.01,6758917,0,FALSE POSITIVE,2.236100588,169.64852,1.8643,27241.0,,0.13895468413829803
K02734.01,7659389,1,CONFIRMED,3.8259005,132.20163,1.8057,857.2,,0.07866121828556061
K04610.01,8573168,0,FALSE POSITIVE,0.89628253,131.54972,1.397,86.4,,0.25
K03038.01,8051946,1,CONFIRMED,1.4951513,132.66025,3.43,52.0,,0.25
K00352.02,11521793,1,CONFIRMED,16.00747237,142.63787,1.267,277.6,,0.01319175586104393
K01494.01,11821363,1,CONFIRMED,8.19596647,136.68736,2.824,792.8,,0.05742662027478218
K00559.01,6422367,0,FALSE POSITIVE,4.33144839,173.69466,2.58,216.4,,0.09927394986152649
K00939.01,9466668,1,CONFIRMED,3.388012244,170.5336,2.6849,280.1,,0.13207842409610748
K02252.01,6206214,1,CONFIRMED,13.53953595,143.15629,4.389,134.2,,0.05402696132659912
K02163.01,11358389,1,CONFIRMED,10.66489514,132.00872,3.159,292.6,,0.049367573112249374
K01515.01,7871954,1,CONFIRMED,1.937029968,134.72107,1.4727,312.3,,0.12671461701393127
K01365.01,7174351,0,FALSE POSITIVE,1.487084251,133.97746,1.3233,295.7,,0.1483103632926941
K00841.01,5792202,1,CONFIRMED,15.33528675,174.00278,3.897,3081.4,,0.042353298515081406
K06908.01,7700578,0,FALSE POSITIVE,1.507100589,132.09322,5.8097,497657.0,,0.25
K04394.01,10427700,0,FALSE POSITIVE,0.616386349,131.64315,0.8136,79.4,,0.21999189257621765
K06887.01,7584778,0,FALSE POSITIVE,0.622303871,132.0916,1.84,80.9,,0.25
K00946.01,9661877,0,FALSE POSITIVE,20.42720701,176.71737,3.447,1273.0,,0.028124256059527397
K00884.01,7434875,1,CONFIRMED,9.439459486,177.186096,2.8979,3036.1,,0.05116641893982887
K02732.01,9886361,1,CONFIRMED,7.03146295,134.4525,5.922,85.4,,0.14036908745765686
K01264.01,8612847,1,CONFIRMED,14.13175309,142.26044,4.0136,1033.0,,0.04733547940850258
K04227.01,7816665,0,FALSE POSITIVE,4.29258258,131.77675,3.069,369.6,,0.119159035384655
K04232.01,11509504,1,CONFIRMED,2.61576515,131.97896,2.777,120.4,,0.1769399344921112
K01132.02,8330548,0,FALSE POSITIVE,0.9570701,131.7767386,2.75,,,0.25
K07266.01,9963639,0,FALSE POSITIVE,7.4185369,131.5282,1.451,14.7,,0.03259852156043053
K01658.01,4570949,1,CONFIRMED,1.544928892,133.5487914,1.43586,5817.3,,0.15490032732486725
K01805.03,4644952,1,CONFIRMED,4.36273233,135.23342,2.2375,341.6,,0.08547777682542801
K01214.01,3660924,1,CONFIRMED,4.24153629,133.45522,2.971,188.1,,0.11674229055643082
K00657.01,6020753,1,CONFIRMED,4.069425638,171.017743,2.0396,549.1,,0.08353348821401596
K02906.01,6716545,1,CONFIRMED,13.9093544,142.8769,6.765,86.8,,0.08106055855751038
K05963.01,12265150,0,FALSE POSITIVE,1.686009643,133.060575,1.1818,390.4,,0.11682416498661041
K02463.01,12454461,1,CONFIRMED,7.46718958,136.39348,3.633,75.7,,0.08108807355165482
K03063.01,10924562,1,CONFIRMED,18.6052046,149.0376,6.829,242.5,,0.06117463856935501
K00312.01,7050989,1,CONFIRMED,11.57890926,175.58603,2.7207,243.4,,0.039161719381809235
K00658.02,6062088,1,CONFIRMED,5.370639542,172.23815,2.1121,491.3,,0.06554464250802994
K02850.01,4075015,0,FALSE POSITIVE,1.11431205,131.75649,2.112,160.4,,0.25
K06844.01,7200301,0,FALSE POSITIVE,0.566791802,131.81736,2.2,49.3,,0.25
K00614.01,7368664,1,CONFIRMED,12.874712426,170.022499,2.2491,3860.7,,0.029115213081240654
K02678.01,6779260,1,CONFIRMED,3.833087643,131.63482,1.51,461.4,,0.065656378865242
K04168.01,9402583,0,FALSE POSITIVE,0.536544193,132.03219,2.918,159.5,,0.25
K01256.01,8848271,0,FALSE POSITIVE,9.991625291,137.447816,3.8552,3450.5,,0.06430719047784805
K07057.01,8559796,0,FALSE POSITIVE,0.619303759,131.5539456,6.6038,74.5,,0.25
K03062.01,7613246,0,FALSE POSITIVE,0.769127296,131.56425,0.998,114.6,,0.21626242995262146
K00392.02,3942670,1,CONFIRMED,12.6119685,138.1189,6.372,76.5,,0.0842057317495346
K06112.01,4285087,0,FALSE POSITIVE,2.243015737,133.450825,4.31675,277946.0,,0.25
K08024.01,10535991,0,FALSE POSITIVE,0.93374911,132.4534,3.504,57.8,,0.25
K00049.01,9527334,1,CONFIRMED,8.31377304,175.99137,2.964,837.4,,0.05941947177052498
K07139.01,9163674,0,FALSE POSITIVE,0.773144492,131.6393074,4.05643,215961.0,,0.25
K07145.01,9205993,0,FALSE POSITIVE,1.219736039,132.12417,4.89465,611523.0,,0.25
K02440.01,5339567,1,CONFIRMED,4.86638504,134.01501,2.296,143.8,,0.07863468676805496
K00454.01,7098355,1,CONFIRMED,29.00789166,170.55349,5.0274,906.3,,0.028885243460536003
K01127.02,6359320,1,CONFIRMED,8.1280933,358.68367,3.727,224.1,,0.07642218470573425
K06269.01,2437804,0,FALSE POSITIVE,7.45301717,131.77618,3.685,551.5,,0.08240510523319244
K04169.01,7838675,1,CONFIRMED,1.005205893,132.45541,1.63,97.5,,0.25
K00508.01,6266741,1,CONFIRMED,7.930583519,169.516944,3.6083,826.1,,0.07583090662956238
K04901.01,10661917,0,FALSE POSITIVE,1.23142395,131.7651,2.186,19.6,,0.25
K04003.01,2708420,0,FALSE POSITIVE,1.89129881,132.6639,5.294,82.0,,0.25
K04671.01,5428471,0,FALSE POSITIVE,0.75499096,131.8315,2.485,215.8,,0.25
K01121.01,6359798,0,FALSE POSITIVE,14.15402428,140.698466,4.47001,61625.1,,0.052635323256254196
K02022.02,8564674,1,CONFIRMED,12.2476121,138.2196,3.209,402.7,,0.04366837441921234
K06159.01,7422883,0,FALSE POSITIVE,11.41437505,142.59649,6.276,45966.0,,0.09163883328437805
K01840.01,7765528,1,CONFIRMED,7.03932913,133.85433,3.514,836.7,,0.08319921791553497
K06219.01,10228942,0,FALSE POSITIVE,21.025447023,148.2226428,6.52216,115743.0,,0.05170052498579025
K02963.01,8760040,1,CONFIRMED,18.2206024,141.37607,5.109,201.8,,0.046732813119888306
K05189.01,5653152,0,FALSE POSITIVE,3.58957045,132.99426,3.418,1221.2,,0.15870051085948944
K03071.01,5865654,1,CONFIRMED,23.9553986,146.66221,3.204,228.7,,0.022291425615549088
K04472.01,7031430,0,FALSE POSITIVE,0.566796775,131.83811,5.471,144.1,,0.25
K07981.01,9959765,0,FALSE POSITIVE,1.33250451,132.1018,4.143,27.4,,0.25
K04181.01,9899315,0,FALSE POSITIVE,1.33256979,132.05279,3.293,104.2,,0.25
K00264.01,3097346,0,FALSE POSITIVE,4.029810359,170.69131,3.3316,111.1,,0.1377897709608078
K01952.01,7747425,1,CONFIRMED,8.0103929,135.31823,4.2713,294.1,,0.08886996656656265
K04297.01,12107008,0,FALSE POSITIVE,5.93725628,135.9371,3.639,115.6,,0.10215155780315399
K00269.01,7670943,1,CONFIRMED,18.01164974,185.09162,6.7367,107.8,,0.0623365081846714
K01383.01,8953257,0,FALSE POSITIVE,3.221785738,136.141517,3.3411,46379.0,,0.17283892631530762
K01124.01,6301035,0,FALSE POSITIVE,11.99097576,143.28437,5.7401,2124.3,,0.0797836109995842
K03848.01,12784167,1,CONFIRMED,1.847892736,132.19915,1.8904,323.3,,0.1705005168914795
K01814.01,5621125,1,CONFIRMED,14.80075082,132.82179,5.762,501.4,,0.06488409638404846
K01336.01,4077526,1,CONFIRMED,10.21864532,136.8622,3.802,445.3,,0.06201082840561867
K06772.01,6806632,0,FALSE POSITIVE,9.469191607,140.9753434,9.55999,63501.9,,0.16826480627059937
K05447.02,7935997,1,CONFIRMED,3.87594316,134.84758,2.314,58.6,,0.09950266033411026
K00413.01,5791986,1,CONFIRMED,15.22895514,176.56001,2.5967,1124.8,,0.02841845154762268
K06249.01,12207117,0,FALSE POSITIVE,1.6031794,131.5678,0.91,,,0.09460368007421494
K07309.01,10296163,0,FALSE POSITIVE,9.296746368,135.6856399,6.88069,213838.0,,0.123353011906147
K01930.01,5511081,1,CONFIRMED,13.72710334,138.74473,7.3419,199.2,,0.08914116770029068
K00762.01,11153539,1,CONFIRMED,4.49876511,171.34905,3.7362,460.0,,0.13841576874256134
K01662.01,4844004,0,FALSE POSITIVE,0.784031658,133.38391,0.7773,352.2,,0.16523566842079163
K06853.01,7281356,0,FALSE POSITIVE,2.83401711,133.5005,5.938,84.2,,0.25
K06025.01,6209347,0,FALSE POSITIVE,2.136577151,133.026579,2.4682,79078.0,,0.1925353705883026
K03937.01,7362696,0,FALSE POSITIVE,4.93129874,134.82009,1.8626,676.1,,0.06295163929462433
K06396.01,4252226,0,FALSE POSITIVE,21.858963291,151.2628164,6.32492,117113.0,,0.048225220292806625
K00250.03,9757613,1,CONFIRMED,3.543919702,136.26075,1.8717,507.0,,0.08802400529384613
K04965.01,3120397,0,FALSE POSITIVE,20.5311708,136.4829,5.67,284.6,,0.04602757468819618
K04320.01,5095082,1,CONFIRMED,20.6579443,145.6348,8.798,98.2,,0.07098156958818436
K02313.01,10132832,1,CONFIRMED,16.07673148,143.39091,2.205,488.0,,0.022859124466776848
K06810.01,7032174,0,FALSE POSITIVE,0.566799218,131.81553,4.227,18.2,,0.25
K06807.01,7031948,0,FALSE POSITIVE,0.566800113,131.81731,3.315,104.0,,0.25
K03253.01,2707985,0,FALSE POSITIVE,1.89127438,132.68059,4.491,32.3,,0.25
K02433.02,11968463,1,CONFIRMED,10.04378351,353.61859,5.548,437.9,,0.09206358343362808
K00206.01,5728139,1,CONFIRMED,5.334082429,131.981761,6.2226,4676.5,,0.1944289356470108
K04925.01,1725193,0,FALSE POSITIVE,2.96384168,134.119473,5.4768,35652.8,,0.25
K05672.01,9418508,0,FALSE POSITIVE,11.0153889,140.6804,2.666,3446.0,,0.04033750668168068
K06260.01,2162994,0,FALSE POSITIVE,4.101595158,132.6324315,6.10362,366585.0,,0.24801814556121826
K01464.01,7838655,0,FALSE POSITIVE,2.113202658,356.32832,3.5234,2104.8,,0.25
K02918.01,7008149,0,FALSE POSITIVE,0.515552803,131.651719,1.7869,1224.1,,0.25
K07684.01,4141587,0,FALSE POSITIVE,10.2239787,135.4415,1.814,213.5,,0.029571006074547768
K01621.01,5561278,1,CONFIRMED,20.31047472,146.82534,5.3357,164.6,,0.04378446936607361
K07812.01,7116024,0,FALSE POSITIVE,3.40076682,131.8405,4.7,21.1,,0.23034021258354187
K01713.01,8230616,1,CONFIRMED,6.82778157,131.78839,2.3726,545.8,,0.0579153448343277
K02864.01,3957082,0,FALSE POSITIVE,3.77881664,134.208,5.819,47.1,,0.25
K06958.01,8081389,0,FALSE POSITIVE,1.489442254,132.0042975,5.51392,417901.0,,0.25
K03915.01,4544620,0,FALSE POSITIVE,2.189090653,132.08535,5.2094,1027.1,,0.25
K06070.01,9549471,0,FALSE POSITIVE,15.71377375,132.09973,7.464,9482.0,,0.0791662186384201
K02715.02,9837661,1,CONFIRMED,2.226496196,133.37195,1.7073,1839.1,,0.12780170142650604
K03612.01,10518735,0,FALSE POSITIVE,19.515013291,136.215942,4.59379,256442.0,,0.03923295810818672
K01016.01,8176653,0,FALSE POSITIVE,2.866680334,134.066374,1.1264,712.4,,0.0654880627989769
K03174.01,7115661,0,FALSE POSITIVE,0.566800926,131.81666,4.407,264.5,,0.25
K00717.01,9873254,1,CONFIRMED,14.70749512,175.79267,3.1506,262.0,,0.03570288419723511
K02543.01,12469800,1,CONFIRMED,1.302017467,131.93696,1.3692,290.5,,0.17526645958423615
K08214.01,10735575,0,FALSE POSITIVE,1.6749812,131.79288,2.707,94.0,,0.25
K04980.01,3439031,0,FALSE POSITIVE,2.976012511,132.9704424,6.52033,449091.0,,0.25
K06736.01,6593363,0,FALSE POSITIVE,18.527824075,139.2576071,5.88678,76231.1,,0.05295440927147865
K00723.03,10002866,1,CONFIRMED,10.08881066,173.083353,1.7726,1995.9,,0.02928326651453972
K02811.01,6370120,0,FALSE POSITIVE,1.35477049,131.64321,1.618,145.3,,0.199049711227417
K04553.01,6126076,0,FALSE POSITIVE,0.909314811,131.72281,2.2053,40.5,,0.25
K03319.03,5965819,1,CONFIRMED,3.54553077,132.37486,4.143,119.2,,0.19475221633911133
K04461.01,11912987,0,FALSE POSITIVE,3.74786694,134.17739,3.632,80.9,,0.16151408851146698
K06491.01,5022440,0,FALSE POSITIVE,3.693951168,133.61052,2.2534,28290.0,,0.10167071968317032
K06779.01,6863840,0,FALSE POSITIVE,1.926366998,131.7468446,3.98088,399528.0,,0.25
K00886.01,7455287,1,CONFIRMED,8.01078456,170.20739,2.312,1333.6,,0.04810182377696037
K04501.01,8109107,0,FALSE POSITIVE,6.67410577,136.9407,3.645,160.9,,0.09102343022823334
K02717.01,9467404,1,CONFIRMED,0.929906166,132.25126,1.743,108.7,,0.25
K04299.01,8508126,0,FALSE POSITIVE,0.980505042,132.097771,1.4068,426.6,,0.2391284704208374
K00348.01,11194032,1,CONFIRMED,28.51117639,187.363955,4.5941,1844.6,,0.026855550706386566
K06286.01,2708156,0,FALSE POSITIVE,1.891268461,132.6833032,8.24958,641910.0,,0.25
K06446.01,4757331,0,FALSE POSITIVE,1.181046137,132.122922,2.6923,52609.0,,0.25
K00932.01,9166870,0,FALSE POSITIVE,3.855599139,170.67957,3.183,1030.9,,0.1375921070575714
K02932.01,3861611,0,FALSE POSITIVE,3.84933401,134.43526,2.299,503.9,,0.09954103082418442
K00281.01,4143755,1,CONFIRMED,19.55662003,189.04354,8.087,298.9,,0.06891954690217972
K04425.01,4679314,0,FALSE POSITIVE,3.84835742,133.25649,10.18,84.2,,0.25
K06050.01,8121067,0,FALSE POSITIVE,2.064900876,132.874485,6.8769,10939.4,,0.25
K07355.01,10661913,0,FALSE POSITIVE,1.23133063,131.82495,3.7,78.9,,0.25
K00325.01,9724984,0,FALSE POSITIVE,7.86335883,171.00299,3.4303,467.3,,0.07270641624927521
K01216.01,3839488,1,CONFIRMED,11.13127159,134.36341,4.2372,211.2,,0.0634428858757019
K03217.01,2573108,0,FALSE POSITIVE,5.09506,132.4511,5.73,23.6,,0.18743646144866943
K04592.01,12108364,0,FALSE POSITIVE,0.70544189,131.6954,1.772,133.5,,0.25
K00244.01,4349452,1,CONFIRMED,12.720370263,178.528297,2.7306,1180.1,,0.0357772596180439
K03625.01,10489521,0,FALSE POSITIVE,3.224486463,131.855925,4.61686,403734.0,,0.23863542079925537
K02002.01,10024701,1,CONFIRMED,14.37504582,139.05924,3.208,251.1,,0.037194084376096725
K03318.01,8331612,1,CONFIRMED,13.8353959,134.3082,4.961,818.0,,0.059762172400951385
K00551.02,4270253,1,CONFIRMED,5.68798675,133.95607,2.2682,476.4,,0.0664617121219635
K00593.01,9958962,1,CONFIRMED,9.99760285,171.78828,3.4423,638.7,,0.05738542228937149
K07295.01,10208759,0,FALSE POSITIVE,2.287515702,132.3567704,10.0879,358575.0,,0.25
K02692.01,2989706,0,FALSE POSITIVE,1.257689465,132.503649,0.8399,945.6,,0.1113019809126854
K06438.01,4729553,0,FALSE POSITIVE,0.961292561,121.4629897,4.64294,325530.0,,0.25
K01627.01,6543893,1,CONFIRMED,10.29674097,132.19453,2.7292,1011.8,,0.04417578876018524
K01442.01,11600889,1,CONFIRMED,0.669310092,134.131388,1.6274,131.8,,0.25
K07454.01,11506235,0,FALSE POSITIVE,20.413052415,140.0167643,4.4621,92672.5,,0.03643175587058067
K05151.01,5303185,0,FALSE POSITIVE,26.1537851,145.2879,1.802,228.6,,0.011483360081911087
K07348.01,10601538,0,FALSE POSITIVE,1.463775066,132.80636,0.953,45.1,,0.10850938409566879
K02768.02,9008737,1,CONFIRMED,14.7512034,137.1559,1.25,261.1,,0.014123141765594482
K00857.02,6587280,1,CONFIRMED,20.0261412,146.91109,1.611,421.2,,0.01340747531503439
K00023.01,9071386,0,FALSE POSITIVE,4.693305543,136.8627229,5.17249,14522.9,,0.18368326127529144
K00255.03,7021681,0,FALSE POSITIVE,7.7333361,133.58981,2.807,126.9,,0.06049566715955734
K07218.01,9655424,0,FALSE POSITIVE,0.51811818,131.646,0.3969,99.0,,0.12767358124256134
K04596.01,8487838,0,FALSE POSITIVE,1.061937837,131.7269,2.31,52.0,,0.25
K00484.01,12061222,1,CONFIRMED,17.20522898,175.05878,3.6688,1080.6,,0.03553958237171173
K04928.01,1873513,1,CONFIRMED,3.290304098,131.90944,1.7215,13552.6,,0.08720065653324127
K05013.01,3846515,0,FALSE POSITIVE,0.888045184,131.84685,2.1961,90.6,,0.25
K02116.01,8164012,1,CONFIRMED,1.252753881,133.17054,2.1472,200.0,,0.25
K01825.01,5375194,1,CONFIRMED,13.52252364,142.17932,3.987,690.6,,0.049140237271785736
K04506.01,4545570,1,CONFIRMED,5.60473115,131.62861,2.885,210.0,,0.08579061180353165
K04220.01,5563080,0,FALSE POSITIVE,0.785473311,131.861548,1.3911,339.6,,0.25
K01567.02,5438099,1,CONFIRMED,4.64622383,354.58863,2.5137,446.5,,0.0901699960231781
K03734.01,10275880,0,FALSE POSITIVE,9.72675447,139.47635,19.6214,6641.6,,0.25
K02997.01,9777256,0,FALSE POSITIVE,1.33251589,132.0842,4.216,140.5,,0.25
K01068.01,8264070,0,FALSE POSITIVE,2.897432135,450.75739,3.1793,1223.7,,0.18288032710552216
K01525.01,7869917,1,CONFIRMED,7.71467686,133.55635,4.5871,233.9,,0.09909898787736893
K00261.01,5383248,1,CONFIRMED,16.23847733,171.019564,3.9699,646.7,,0.0407458171248436
K06201.01,9343862,0,FALSE POSITIVE,1.123258617,132.02671,4.27355,377575.0,,0.25
K03576.01,10491554,0,FALSE POSITIVE,22.77196484,140.4865,8.3476,325446.0,,0.06109559163451195
K02341.01,10232693,0,FALSE POSITIVE,0.990516282,131.84152,2.019,101.6,,0.25
K06362.01,3834364,0,FALSE POSITIVE,2.908454772,132.315694,2.6005,64325.0,,0.14901956915855408
K02425.01,11922678,0,FALSE POSITIVE,3.51295674,133.78198,3.06,83.1,,0.14517685770988464
K06480.01,4949027,0,FALSE POSITIVE,1.06100327,132.5257,1.675,95.9,,0.25
K06079.01,10659313,0,FALSE POSITIVE,15.249335907,143.662829,3.82224,34565.1,,0.041774932295084
K03584.01,9892471,0,FALSE POSITIVE,8.268081087,135.0563298,3.47103,71479.3,,0.06996846944093704
K00553.01,5303551,0,FALSE POSITIVE,2.399069173,171.45413,3.2576,286.6,,0.22630999982357025
K00042.01,8866102,1,CONFIRMED,17.83367834,181.233943,4.5112,326.9,,0.04215993359684944
K02381.01,4055774,0,FALSE POSITIVE,6.58738839,133.35768,4.758,258.5,,0.12038154900074005
K02495.01,5212220,0,FALSE POSITIVE,1.08749101,131.77034,1.6192,126.4,,0.24815531075000763
K02643.01,6933567,1,CONFIRMED,9.08233411,139.65489,2.008,296.9,,0.03684809058904648
K03064.01,9899505,0,FALSE POSITIVE,1.332562787,132.05138,6.28,1111.9,,0.25
K00784.01,12066335,1,CONFIRMED,19.27153892,186.77093,2.7594,1219.8,,0.023864207789301872
K06726.01,6531485,0,FALSE POSITIVE,0.676990194,131.8017098,1.69459,20505.9,,0.25
K06603.01,5610698,0,FALSE POSITIVE,4.132521615,132.892463,12.4949,156249.0,,0.25
K07335.01,10490960,0,FALSE POSITIVE,5.682410334,133.6376552,5.33373,220418.0,,0.15643978118896484
K08020.01,10471296,0,FALSE POSITIVE,0.93377253,132.429,2.544,30.0,,0.25
K06967.01,8104436,0,FALSE POSITIVE,2.535389624,133.38659,2.902,418.1,,0.19076621532440186
K00470.01,9844088,1,CONFIRMED,3.750832927,171.151696,1.9457,2397.9,,0.08645635098218918
K01084.01,10148521,0,FALSE POSITIVE,1.204274435,134.05838,1.3362,185.8,,0.1849246323108673
K02382.01,6670075,0,FALSE POSITIVE,0.759706632,131.7692,1.0896,39.7,,0.23903964459896088
K05436.01,7837526,0,FALSE POSITIVE,28.297207229,137.2347229,3.94247,23193.1,,0.0232206080108881
K03216.01,10338279,0,FALSE POSITIVE,5.660274452,134.46727,0.9077,414.1,,0.026727208867669106
K02602.01,10068659,1,CONFIRMED,11.47685263,139.63194,2.756,240.6,,0.0400225855410099
K00352.01,11521793,1,CONFIRMED,27.08239734,191.80728,5.0119,423.2,,0.030843527987599373
K05243.01,6145939,0,FALSE POSITIVE,17.745456135,137.697754,4.0678,80258.0,,0.038205087184906006
K06780.01,6864569,0,FALSE POSITIVE,2.325185422,133.265218,7.2871,268.5,,0.25
K03642.01,2441161,0,FALSE POSITIVE,2.192004364,132.218114,3.075,99583.0,,0.23380428552627563
K02263.01,8613535,1,CONFIRMED,29.9685917,147.8598,6.678,309.5,,0.03713888302445412
K02651.01,11752908,0,FALSE POSITIVE,6.38315744,132.30539,1.7075,1112.6,,0.04458347335457802
K06677.01,6220470,0,FALSE POSITIVE,8.144135648,136.5054788,8.88876,87880.8,,0.1819051206111908
K00700.03,8962094,1,CONFIRMED,14.6672293,145.42058,3.742,198.1,,0.042521096765995026
K06760.01,6698670,0,FALSE POSITIVE,10.81589054,139.7935811,4.73495,45399.6,,0.07296286523342133
K02518.01,5529738,0,FALSE POSITIVE,0.759762021,131.79506,4.912,227.0,,0.25
K01799.01,6058614,0,FALSE POSITIVE,1.731079436,134.77977,1.8419,11974.0,,0.17733636498451233
K07515.01,12164751,0,FALSE POSITIVE,2.630090609,132.224741,13.6817,516932.0,,0.25
K00291.02,10933561,1,CONFIRMED,8.12999858,134.10067,2.1492,148.0,,0.04405904933810234
K07222.01,9673173,0,FALSE POSITIVE,21.294733865,147.0967696,7.60143,123177.0,,0.05949381738901138
K03127.01,9907129,1,CONFIRMED,9.705693,140.3709,7.702,140.8,,0.13225914537906647
K04434.01,2305311,0,FALSE POSITIVE,1.404674486,131.55621,5.056,155.5,,0.25
K00952.05,9787239,1,CONFIRMED,0.742957911,133.27936,0.6688,843.3,,0.1500309258699417
K00561.01,6665695,1,CONFIRMED,5.378868001,169.61512,2.7222,483.4,,0.08434860408306122
K02212.01,10203349,1,CONFIRMED,17.14648756,140.66122,4.2354,440.3,,0.041168782860040665
K02127.01,6373680,0,FALSE POSITIVE,2.87066026,133.66393,1.541,450.8,,0.08946838229894638
K01015.01,8158127,1,CONFIRMED,9.42889884,140.1046,4.4481,565.4,,0.07862529903650284
K01475.02,4770365,1,CONFIRMED,9.51220046,185.47893,2.9497,1169.4,,0.05168274790048599
K04268.01,7826620,1,CONFIRMED,0.849906734,131.6741,1.141,124.3,,0.223750039935112
K04375.01,11969092,0,FALSE POSITIVE,0.638437699,131.592552,0.3028,286.8,,0.07904712855815887
K07922.01,9079915,0,FALSE POSITIVE,0.812678859,132.20817,0.841,39.3,,0.17247484624385834
K04293.01,5817533,0,FALSE POSITIVE,4.206109,132.2382,5.16,120.0,,0.20446451008319855
K01277.01,8552565,0,FALSE POSITIVE,1.061932545,133.850441,2.1429,133.6,,0.25
K02722.01,7673192,1,CONFIRMED,6.12479773,134.93803,3.466,129.3,,0.0943160429596901
K01499.03,7841925,1,CONFIRMED,6.20920207,136.87938,2.637,101.9,,0.07078204303979874
K01046.01,6209637,0,FALSE POSITIVE,0.73452496,133.43108,6.7,,,0.25
K06693.01,6364247,0,FALSE POSITIVE,5.2443332,132.6164,11.268,29.9,,0.25
K01954.01,9468717,0,FALSE POSITIVE,7.37339245,134.0101,2.883,125.0,,0.06516674906015396
K00769.01,11460018,1,CONFIRMED,4.280963604,171.89659,2.875,750.8,,0.11192962527275085
K06955.01,8027902,0,FALSE POSITIVE,1.79621807,131.54732,10.16,47.0,,0.25
K01916.02,6037581,1,CONFIRMED,9.59993246,136.58227,4.3206,271.2,,0.07501094788312912
K00543.02,11823054,1,CONFIRMED,3.137845914,133.55689,1.91,305.7,,0.1014496386051178
K06043.01,7777397,0,FALSE POSITIVE,5.09112124,135.17945,2.159,115.1,,0.07067859917879105
K00799.01,3246984,0,FALSE POSITIVE,1.626630225,169.820171,2.1145,1620.6,,0.2166544497013092
K00568.01,7595157,1,CONFIRMED,3.383540239,169.63859,1.403,255.7,,0.06910907477140427
K01283.01,8700771,1,CONFIRMED,8.0922105,138.04535,5.7696,65.3,,0.11883032321929932
K04063.01,5900390,0,FALSE POSITIVE,0.624677585,131.8663,2.411,37.3,,0.25
K00117.03,10875245,1,CONFIRMED,3.180027898,133.49863,3.5797,120.3,,0.18761365115642548
K02208.01,10531955,1,CONFIRMED,2.344512589,132.87316,1.4116,58.9,,0.10034779459238052
K02738.01,6630943,0,FALSE POSITIVE,0.690405794,131.7301,1.7407,178.4,,0.25
K00146.01,9048161,0,FALSE POSITIVE,8.667822346,137.341841,4.9658,2121.9,,0.09548342227935791
K04034.01,10089911,1,CONFIRMED,6.96704926,138.24776,3.73,213.7,,0.08922954648733139
K02340.01,8681734,1,CONFIRMED,7.68478504,137.64035,2.447,274.1,,0.05307023227214813
K03658.01,1575690,0,FALSE POSITIVE,2.252417903,132.436339,1.9767,32296.0,,0.14626504480838776
K00448.01,5640085,1,CONFIRMED,10.13958818,178.45074,2.6446,1155.9,,0.043469879776239395
K01342.01,4275721,1,CONFIRMED,3.77359871,134.07013,2.7282,176.0,,0.12049505859613419
K01868.01,6773862,1,CONFIRMED,17.76076524,137.50778,1.6679,1287.2,,0.015651540830731392
K06471.01,4914737,0,FALSE POSITIVE,8.65311903,134.30128,1.273,206.8,,0.024519097059965134
K04882.01,6522824,0,FALSE POSITIVE,17.4453133,135.7562,5.14,327.7,,0.04910583421587944
K04952.01,2710101,0,FALSE POSITIVE,28.88008607,144.4386895,1.35,,,0.007790835574269295
K03575.01,12316447,0,FALSE POSITIVE,17.907664726,139.743761,5.58652,265411.0,,0.05199375003576279
K06154.01,7119080,0,FALSE POSITIVE,13.59940118,133.0874188,2.52,,,0.03088371269404888
K04364.01,7427764,1,CONFIRMED,4.56383697,132.26068,2.271,201.8,,0.08293460309505463
K04489.01,7694615,0,FALSE POSITIVE,0.631106722,131.89801,0.9942,49.2,,0.25
K02146.01,6774537,1,CONFIRMED,2.949029106,133.13832,2.0311,358.3,,0.11478918790817261
K00519.01,8022244,1,CONFIRMED,11.90352088,178.34161,4.297,633.0,,0.06016427278518677
K07277.01,10031526,0,FALSE POSITIVE,8.5893644,132.0467,6.975,179.3,,0.1353417932987213
K07120.01,9001468,0,FALSE POSITIVE,17.329965871,142.727156,8.43812,252721.0,,0.08115153759717941
K00103.01,2444412,1,CONFIRMED,14.91095177,141.336726,3.325,864.5,,0.0371650755405426
K03027.01,11137180,1,CONFIRMED,6.07032548,135.30933,1.341,311.6,,0.036818455904722214
K02774.01,9593757,0,FALSE POSITIVE,2.49432176,133.61066,2.3269,8043.0,,0.1554798036813736
K06910.01,7733540,0,FALSE POSITIVE,0.77258608,131.7134714,2.7,,,0.25
K00811.01,4049131,1,CONFIRMED,20.50588921,181.43428,4.0595,2105.5,,0.0329945869743824
K00070.02,6850504,1,CONFIRMED,3.696121272,134.5014,2.463,383.4,,0.11106237024068832
K07046.01,8479386,0,FALSE POSITIVE,5.860377067,134.8440004,10.4634,361615.0,,0.25
K03239.01,5305240,0,FALSE POSITIVE,1.070982122,131.98355,1.255,43.4,,0.19530360400676727
K00007.01,11853905,1,CONFIRMED,3.213668926,123.611878,3.98235,727.8,,0.2065318524837494
K00571.03,8120608,1,CONFIRMED,3.886795001,133.32959,1.7574,471.3,,0.07535772025585175
K03097.03,7582689,1,CONFIRMED,8.70312154,140.15531,4.807,32.0,,0.09205508977174759
K04315.01,10342248,0,FALSE POSITIVE,0.93373458,131.53478,4.364,127.7,,0.25
K07586.01,8007262,0,FALSE POSITIVE,1.345078434,132.04218,10.19,3025.0,,0.25
K06027.01,6301030,0,FALSE POSITIVE,11.991000357,139.598337,6.4648,375940.0,,0.08985628187656403
K03976.01,4544571,0,FALSE POSITIVE,2.189098506,132.080937,5.1498,2533.7,,0.25
K00249.01,9390653,1,CONFIRMED,9.549277089,175.757183,1.5832,1826.9,,0.027632109820842743
K00739.01,10386984,1,CONFIRMED,1.287076693,169.815491,1.4942,729.4,,0.19348756968975067
K04360.01,10669994,1,CONFIRMED,2.71603664,132.35962,1.744,98.5,,0.10701868683099747
K05708.01,9724993,0,FALSE POSITIVE,7.863361238,131.685485,3.42771,18156.7,,0.07265149801969528
K06663.01,6109688,0,FALSE POSITIVE,14.086776961,140.287018,10.1279,106837.0,,0.119827501475811
K01435.02,11037335,1,CONFIRMED,10.44635944,133.27821,2.749,354.2,,0.043858978897333145
K02459.01,8572936,0,FALSE POSITIVE,27.795762425,136.179877,15.5056,420329.0,,0.09297340363264084
K07578.01,7115384,0,FALSE POSITIVE,0.566793614,131.65376,5.723,31.4,,0.25
K01339.01,4135665,1,CONFIRMED,4.16811839,134.89621,2.8084,263.0,,0.11229687184095383
K02039.01,8804845,1,CONFIRMED,5.42586901,135.86589,2.5342,259.0,,0.07784313708543777
K00734.01,10272442,1,CONFIRMED,24.5434566,187.92215,7.2518,1151.3,,0.049244627356529236
K06502.01,5036516,0,FALSE POSITIVE,1.060996585,132.53457,2.6494,41142.0,,0.25
K03693.01,7695087,0,FALSE POSITIVE,4.032760214,133.301891,2.7194,10803.4,,0.11238787323236465
K02507.01,8379705,1,CONFIRMED,11.1296971,138.57573,2.942,371.0,,0.044056303799152374
K04692.01,10972902,0,FALSE POSITIVE,1.42856815,132.81461,2.132,59.5,,0.24873390793800354
K01886.01,9549648,1,CONFIRMED,5.99185827,136.88244,1.7215,186.3,,0.04788442328572273
K04191.01,3548639,0,FALSE POSITIVE,13.8452726,136.9596,2.555,93.2,,0.03075658716261387
K03646.02,6531496,0,FALSE POSITIVE,0.512869432,132.01554,4.015,2313.0,,0.25
K00505.04,5689351,1,CONFIRMED,8.34819209,136.84111,2.835,288.9,,0.05659908056259155
K00661.02,6347299,1,CONFIRMED,25.6613816,155.13806,4.459,166.5,,0.028960509225726128
K03769.01,6543683,0,FALSE POSITIVE,1.195515251,132.303851,5.0834,8054.4,,0.25
K01173.01,10480921,0,FALSE POSITIVE,2.037440623,133.59962,3.442,118.6,,0.25
K07391.01,10937609,0,FALSE POSITIVE,2.570431263,133.189517,5.49699,76826.0,,0.25
K03903.01,5215251,0,FALSE POSITIVE,2.553924603,131.94769,9.835,1680.1,,0.25
K00359.01,12106929,0,FALSE POSITIVE,5.93720557,171.57597,4.882,371.4,,0.13704539835453033
K03566.01,7898576,0,FALSE POSITIVE,8.64636188,135.46223,8.73607,218072.0,,0.16839587688446045
K04352.01,2708221,0,FALSE POSITIVE,1.8912501,132.6923,7.648,731.0,,0.25
K08027.01,10614845,0,FALSE POSITIVE,0.573762943,131.80193,2.196,48.3,,0.25
K00532.01,10454313,1,CONFIRMED,4.221626193,173.699895,3.0619,658.0,,0.12088153511285782
K02355.01,11670125,1,CONFIRMED,1.217000383,132.03128,1.3285,459.8,,0.18193639814853668
K00234.01,8491277,1,CONFIRMED,9.61375316,132.185679,4.654,797.9,,0.08068302273750305
K00279.01,12314973,1,CONFIRMED,28.45489091,176.706265,8.1593,1418.6,,0.04779084771871567
K07049.01,8509346,0,FALSE POSITIVE,6.099032889,135.5223947,4.82208,55374.3,,0.13177171349525452
K03606.01,10275074,0,FALSE POSITIVE,2.181555909,133.48675,4.41739,85406.9,,0.25
K01585.01,5470739,1,CONFIRMED,19.17893976,139.74552,5.144,752.8,,0.04470181092619896
K06046.01,7877820,0,FALSE POSITIVE,9.449438672,136.025779,5.5479,12867.3,,0.09785237163305283
K02541.01,12306058,1,CONFIRMED,7.41683033,137.96389,7.274,72.6,,0.16345706582069397
K02510.01,5392702,0,FALSE POSITIVE,12.2141545,141.3677,10.262,535.8,,0.14002878963947296
K01130.01,8279765,0,FALSE POSITIVE,2.757794163,135.232863,2.7644,39043.0,,0.16706588864326477
K01830.01,3326377,1,CONFIRMED,13.22714056,142.20251,3.2861,812.0,,0.04140602797269821
K01075.01,10232123,0,FALSE POSITIVE,1.343767797,133.275862,1.9405,4702.6,,0.24067898094654083
K01632.01,9277896,1,CONFIRMED,4.59489816,133.83995,3.1381,109.7,,0.11382552236318588
K01603.01,5177104,1,CONFIRMED,3.02168007,133.47243,2.8264,171.9,,0.15589560568332672
K00861.01,6685526,1,CONFIRMED,2.237489571,170.81914,1.8119,315.8,,0.13496524095535278
K00692.02,8557374,1,CONFIRMED,4.822969318,134.43535,0.8752,332.1,,0.030244162306189537
K01185.01,3443790,0,FALSE POSITIVE,1.665784138,133.863028,1.8946,2006.2,,0.18956036865711212
K02594.01,8004903,1,CONFIRMED,11.25401871,136.8901,4.759,433.4,,0.07047852873802185
K07118.01,8973000,0,FALSE POSITIVE,28.027891356,158.348172,17.3269,243231.0,,0.10303367674350739
K00712.01,9640976,0,FALSE POSITIVE,2.178150857,171.2325,1.931,162.5,,0.14775529503822327
K06988.01,8193315,0,FALSE POSITIVE,2.62387291,134.0049825,4.61248,232468.0,,0.25
K02164.01,7204981,1,CONFIRMED,5.1233204,132.08472,2.7466,286.2,,0.08934960514307022
K00653.01,5893123,0,FALSE POSITIVE,1.125963085,169.634,1.5034,146.0,,0.2225354164838791
K06620.01,5725851,0,FALSE POSITIVE,1.140133012,132.34077,9.251,223.2,,0.25
K04099.01,8951205,1,CONFIRMED,4.95060632,132.80914,1.719,309.5,,0.05787169933319092
K07142.01,9179531,0,FALSE POSITIVE,3.255385289,132.498277,5.9498,158913.0,,0.25
K06415.01,4446411,0,FALSE POSITIVE,0.62927655,132.015321,0.9698,839.5,,0.25
K03092.01,8046689,0,FALSE POSITIVE,5.78542702,137.09181,2.271,256.2,,0.06542300432920456
K04061.01,6806695,0,FALSE POSITIVE,0.855922327,131.64426,1.514,130.9,,0.25
K07739.01,5736801,0,FALSE POSITIVE,6.6751871,137.4528,2.372,178.3,,0.05922430753707886
K00800.02,3342970,1,CONFIRMED,7.21203748,172.81782,4.0491,950.4,,0.09357272833585739
K00730.01,10227020,1,CONFIRMED,14.78767172,176.79399,6.1191,781.8,,0.06896623224020004
K01728.01,11820830,0,FALSE POSITIVE,12.7319385,138.73144,4.4157,11449.0,,0.057803452014923096
K00718.02,9884104,1,CONFIRMED,22.71443351,147.29684,6.0875,575.1,,0.04466690123081207
K06514.01,5091075,0,FALSE POSITIVE,1.25625738,131.7577,9.726,15.2,,0.25
K08177.01,9093859,0,FALSE POSITIVE,3.0447752,132.3975,7.35,74.9,,0.25
K05152.01,5308777,0,FALSE POSITIVE,0.944598153,132.2327,4.018,200.9,,0.25
K01559.01,9899280,0,FALSE POSITIVE,1.332560589,133.38311,4.2427,566.6,,0.25
K00490.03,3239945,1,CONFIRMED,7.40611676,134.07481,2.8826,417.9,,0.06486980617046356
K04594.01,5696918,0,FALSE POSITIVE,0.643007769,131.68588,0.69,68.1,,0.17884698510169983
K06132.02,5629353,1,CONFIRMED,7.5844241,137.847,3.918,1005.0,,0.08609750866889954
K04261.01,10526887,1,CONFIRMED,1.450889836,132.2306,1.753,135.7,,0.20137067139148712
K00806.03,3832474,1,CONFIRMED,29.1598615,150.69922,4.803,488.0,,0.027452118694782257
K03918.01,3124420,0,FALSE POSITIVE,0.948951607,132.468516,4.3809,458463.0,,0.25
K00701.01,9002278,1,CONFIRMED,18.16407304,180.812425,2.9355,943.2,,0.026935037225484848
K06477.01,4946680,0,FALSE POSITIVE,8.665259912,132.216249,3.1088,1840.6,,0.05979432165622711
K02351.01,1872821,1,CONFIRMED,10.27380957,134.65748,3.252,352.8,,0.052755504846572876
K05858.01,11046870,0,FALSE POSITIVE,8.34410791,136.54528,1.606,255.2,,0.03207852318882942
K03138.02,6444896,1,CONFIRMED,19.5352551,148.20374,1.013,1732.0,,0.008642494678497314
K01588.01,5617854,1,CONFIRMED,3.517494725,135.546724,1.5639,532.8,,0.0741010382771492
K01879.01,8367644,1,CONFIRMED,22.08551599,135.23432,2.1727,3157.4,,0.016396114602684975
K06381.01,4069063,0,FALSE POSITIVE,0.504296702,131.905285,1.4145,5995.4,,0.25
K03694.01,6200709,0,FALSE POSITIVE,3.723552982,134.94613,3.5632,40143.0,,0.159489244222641
K04598.02,5476671,0,FALSE POSITIVE,0.824181335,131.68906,2.4864,224.7,,0.25
K01153.01,10351767,0,FALSE POSITIVE,0.635069939,134.0209283,2.07171,33117.3,,0.25
K07271.01,10014702,0,FALSE POSITIVE,1.34062901,132.0803,3.076,69.5,,0.25
K07138.01,9159301,0,FALSE POSITIVE,3.044771557,132.436907,11.0593,487818.0,,0.25
K03530.01,7877824,0,FALSE POSITIVE,9.44942685,136.026498,6.40303,488997.0,,0.11293506622314453
K06527.01,5119143,0,FALSE POSITIVE,0.530799654,131.68727,3.487,318.5,,0.25
K01908.01,5706966,1,CONFIRMED,12.55111099,137.26226,3.1293,494.1,,0.04155408963561058
K00551.01,4270253,1,CONFIRMED,11.6370303,178.84448,3.3372,604.3,,0.047795698046684265
K00106.01,10489525,0,FALSE POSITIVE,1.612249049,131.85204,4.235,154.0,,0.25
K02818.01,4952341,0,FALSE POSITIVE,1.79683793,134.83029,7.911,223.3,,0.25
K06212.01,9774400,0,FALSE POSITIVE,10.818248422,137.17026,18.2848,13695.9,,0.25
K00439.02,12470954,0,FALSE POSITIVE,5.40534383,131.8513595,2.32,,,0.07153414934873581
K02426.01,8081899,1,CONFIRMED,4.16056658,132.27418,2.61,75.8,,0.10455306619405746
K04160.01,7610663,1,CONFIRMED,3.03196812,133.98825,1.723,81.5,,0.09471295773983002
K05173.01,5471108,0,FALSE POSITIVE,12.427076,141.4085,17.447,47.5,,0.23399175703525543
K03466.01,9468384,0,FALSE POSITIVE,11.082622625,746.1967676,6.62584,268725.0,,0.09964308142662048
K07044.01,8453324,0,FALSE POSITIVE,1.26227317,132.0407385,3.30141,7342.5,,0.25
K06965.01,8098515,0,FALSE POSITIVE,1.28659726,132.1114,3.53,,,0.25
K06708.01,6437993,0,FALSE POSITIVE,1.39797542,131.6767,9.06,43.2,,0.25
K06496.01,5025217,0,FALSE POSITIVE,1.78752921,132.4646,5.315,62.9,,0.25
K00388.01,3831053,1,CONFIRMED,6.14955931,169.55182,5.5694,333.7,,0.1509430706501007
K00114.01,6721123,0,FALSE POSITIVE,7.36178958,132.25053,5.022,233.7,,0.1136951819062233
K03022.01,11618601,1,CONFIRMED,2.76263737,132.99574,1.821,185.0,,0.10985878854990005
K01804.01,11187436,1,CONFIRMED,5.90741476,133.93511,1.016,5569.0,,0.028664540499448776
K06612.02,5653126,0,FALSE POSITIVE,2.404483552,133.170974,0.2961,0.8,,0.0205241572111845
K07247.01,9899577,0,FALSE POSITIVE,1.33258981,132.0364,3.987,78.4,,0.25
K05983.01,2445134,0,FALSE POSITIVE,8.412008943,139.6485198,5.41096,136113.0,,0.1072070524096489
K01280.01,8509361,0,FALSE POSITIVE,6.0990118,135.52357,3.6112,227.5,,0.09868265688419342
K06018.01,5979863,0,FALSE POSITIVE,16.621853404,133.5526451,3.91517,55296.7,,0.03925725445151329
K03954.02,8030339,1,CONFIRMED,5.71668787,136.32274,1.97,431.7,,0.057434190064668655
K07244.01,9899193,0,FALSE POSITIVE,1.332567821,132.0544581,3.4844,31.0,,0.25
K06531.01,5164794,0,FALSE POSITIVE,1.0429419,131.966,7.22,412.0,,0.25
K07839.01,7448023,0,FALSE POSITIVE,0.566816802,131.77983,1.981,94.0,,0.25
K05691.01,9543302,0,FALSE POSITIVE,13.0366377,138.22895,3.184,154.6,,0.04070579260587692
K02060.01,9279354,1,CONFIRMED,2.800111267,132.04865,1.0237,706.7,,0.06093210354447365
K06472.01,4917014,0,FALSE POSITIVE,0.796815149,131.9743416,1.0727,55.9,,0.22437240183353424
K00545.01,11972666,0,FALSE POSITIVE,1.09173174,170.37724,1.9719,186.9,,0.25
K00393.01,3964109,1,CONFIRMED,21.41624083,176.24991,7.081,314.5,,0.05510615557432175
K02419.01,6343170,1,CONFIRMED,9.95667035,136.5827,3.534,586.8,,0.05915632098913193
K01865.01,9115681,0,FALSE POSITIVE,1.86390886,132.19741,4.414,176.1,,0.25
K02010.01,5631630,1,CONFIRMED,25.96190067,138.96908,6.2732,350.3,,0.040271833539009094
K00260.01,8292840,1,CONFIRMED,10.49566303,172.79335,4.7356,106.1,,0.07519931346178055
K06972.01,8123170,0,FALSE POSITIVE,1.03905082,132.5348,3.035,43.8,,0.25
K06071.01,9649222,0,FALSE POSITIVE,5.918619554,132.924716,3.94804,94124.0,,0.11117570102214813
K07351.01,10619109,0,FALSE POSITIVE,2.045166206,132.3655682,6.84312,263637.0,,0.25
K02490.01,3122913,1,CONFIRMED,11.60653061,134.41637,2.194,771.7,,0.03150525316596031
K06725.01,6523216,0,FALSE POSITIVE,14.313157391,138.2205171,8.90236,21566.9,,0.10366173088550568
K03591.01,6182846,0,FALSE POSITIVE,6.399101307,134.702264,4.7439,83326.0,,0.12355641275644302
K00780.01,11918099,1,CONFIRMED,2.337437946,171.761982,1.9982,971.2,,0.14247792959213257
K00921.02,8689373,1,CONFIRMED,18.11993039,182.61535,4.2309,1506.9,,0.038915712386369705
K02179.02,10670119,1,CONFIRMED,2.732767897,354.09581,1.1102,613.1,,0.06770912557840347
K07618.01,11621897,0,FALSE POSITIVE,21.6817115,137.009,7.18,73.5,,0.05519244447350502
K00602.01,12459913,1,CONFIRMED,12.91385906,177.27535,5.3685,487.9,,0.06928602606058121
K00567.02,7445445,1,CONFIRMED,20.30303506,176.8028,4.5038,533.4,,0.03697148337960243
K01374.01,7296086,0,FALSE POSITIVE,0.890737359,134.56707,1.9257,195.8,,0.25
K01175.02,10350571,1,CONFIRMED,17.157236,133.68951,11.284,110.4,,0.10961361229419708
K02000.01,8802693,1,CONFIRMED,26.41044199,149.39541,3.0715,991.1,,0.01938311569392681
K06804.01,7031132,0,FALSE POSITIVE,0.566795196,131.80925,2.18,14.8,,0.25
K07362.01,10685175,0,FALSE POSITIVE,3.10197712,133.78902,7.083,124.6,,0.25
K00307.02,6289257,1,CONFIRMED,5.21104597,131.53797,3.3447,102.7,,0.10697468370199203
K04275.01,3336845,0,FALSE POSITIVE,0.996864568,132.09898,1.098,86.7,,0.1835755854845047
K02612.01,9602613,1,CONFIRMED,4.61225043,133.86134,2.695,29.1,,0.09738557785749435
K05204.01,5817712,0,FALSE POSITIVE,4.20601251,132.2794,6.82,106.7,,0.25
K01141.01,8346392,1,CONFIRMED,5.72812616,135.18066,2.0295,643.4,,0.059050723910331726
K07508.01,12022718,0,FALSE POSITIVE,4.627775175,133.390355,3.4079,5675.1,,0.12273356318473816
K07085.01,8746310,0,FALSE POSITIVE,6.855624762,136.0224296,3.02199,70873.0,,0.07346741110086441
K00082.04,10187017,1,CONFIRMED,7.07136119,139.98763,2.757,65.7,,0.0649804174900055
K01586.01,10022908,1,CONFIRMED,6.99130452,135.46291,2.1568,555.4,,0.05141625180840492
K02443.01,9209624,1,CONFIRMED,6.79164656,136.48519,3.343,102.6,,0.082037054002285
K00907.01,8247638,1,CONFIRMED,16.51410989,176.11686,4.1575,973.5,,0.041959069669246674
K03615.01,3735634,0,FALSE POSITIVE,4.664188563,133.670244,3.773,11360.5,,0.1348215937614441
K06507.01,5042785,0,FALSE POSITIVE,1.67473779,132.7799,5.67,,,0.25
K07407.01,11076279,0,FALSE POSITIVE,1.47258471,132.92769,4.76885,224011.0,,0.25
K06402.01,4284147,0,FALSE POSITIVE,1.1611022,132.2174,2.48,,,0.25
K02368.01,10863608,1,CONFIRMED,8.07127043,137.76604,2.393,318.2,,0.04941394925117493
K02805.01,11135308,1,CONFIRMED,1.877878538,132.26131,2.39,47.5,,0.21211878955364227
K02895.01,5475641,0,FALSE POSITIVE,1.069842837,132.4449,5.275,540.3,,0.25
K02989.01,6636320,1,CONFIRMED,6.33125228,137.14149,2.688,306.6,,0.0707600936293602
K04184.01,6752002,1,CONFIRMED,6.08003714,136.88262,1.308,184.0,,0.035855043679475784
K02799.01,5649833,0,FALSE POSITIVE,0.597933473,131.95386,1.918,106.0,,0.25
K07740.01,5774375,0,FALSE POSITIVE,1.549979213,132.675027,7.5945,370546.0,,0.25
K01543.01,5270698,0,FALSE POSITIVE,3.964333304,136.029542,4.7136,25886.2,,0.19816699624061584
K07031.01,8382339,0,FALSE POSITIVE,5.40597608,131.61052,2.79,461.0,,0.08601591736078262
K03409.01,9468382,0,FALSE POSITIVE,11.08260553,136.6562,6.23,601.2,,0.09369036555290222
K03327.01,11044779,0,FALSE POSITIVE,15.60862948,144.30211,6.6957,34356.0,,0.07149570435285568
K00152.03,8394721,1,CONFIRMED,13.48457668,136.61808,5.0197,653.5,,0.062042485922575
K00643.01,5309353,0,FALSE POSITIVE,1.376384817,169.72919,1.745,365.9,,0.21130234003067017
K04266.01,9027841,0,FALSE POSITIVE,0.503999678,131.631544,0.5421,975.6,,0.17926599085330963
K04968.01,3240049,0,FALSE POSITIVE,2.945414866,133.95496,2.702,968.7,,0.15289300680160522
K05564.01,8718273,0,FALSE POSITIVE,3.479508244,133.389072,3.9097,3000.4,,0.18727263808250427
K03916.01,5784777,1,CONFIRMED,5.33905606,132.14193,1.6415,755.5,,0.05124189332127571
K00685.01,7764367,1,CONFIRMED,3.173914037,170.92525,3.6069,303.0,,0.18940337002277374
K05524.01,8495232,0,FALSE POSITIVE,9.63647672,134.93429,2.999,47.6,,0.05186888948082924
K06812.01,7032968,0,FALSE POSITIVE,0.56678702,131.849,3.074,7.5,,0.25
K06110.01,4150701,0,FALSE POSITIVE,8.65315602,136.64735,2.627,417.5,,0.050598111003637314
K02225.01,11569782,1,CONFIRMED,2.787874175,133.90417,2.0348,197.4,,0.12164585292339325
K07342.01,10552700,0,FALSE POSITIVE,0.94808587,131.93348,8.03,229.8,,0.25
K00884.03,7434875,1,CONFIRMED,3.336123113,135.31623,1.9616,516.3,,0.0979979857802391
K00334.01,10383687,0,FALSE POSITIVE,8.4879444,176.92505,3.224,119.3,,0.06330547481775284
K00313.02,7419318,1,CONFIRMED,8.43639829,179.88704,3.2451,345.5,,0.06410910934209824
K00582.02,9020160,1,CONFIRMED,17.73842886,148.99011,3.0049,605.5,,0.028233429417014122
K01742.01,9528420,0,FALSE POSITIVE,4.70847097,134.153065,6.0503,32622.1,,0.2141636461019516
K04950.01,2707916,0,FALSE POSITIVE,1.89124738,132.6891,4.697,410.0,,0.25
K02306.01,6666233,0,FALSE POSITIVE,0.512407185,132.240449,1.0579,329.2,,0.25
K01525.02,7869917,1,CONFIRMED,11.8061737,138.2641,4.472,88.1,,0.06313081085681915
K03879.01,5560830,0,FALSE POSITIVE,0.867719291,132.165597,6.323,2651.8,,0.25
K07418.01,11199725,0,FALSE POSITIVE,1.032967155,131.92284,1.17,127.3,,0.18877656757831573
K00752.01,10797460,1,CONFIRMED,9.48803557,170.53875,2.9575,615.8,,0.051951393485069275
K06668.01,6146838,0,FALSE POSITIVE,27.467217305,143.6727101,4.17961,71766.5,,0.025361202657222748
K05382.01,7352727,0,FALSE POSITIVE,2.45649061,133.21452,2.844,287.8,,0.19295819103717804
K04326.01,10924340,0,FALSE POSITIVE,0.750744255,132.18261,1.7921,170.6,,0.25
K01009.01,892772,0,FALSE POSITIVE,5.09246539,357.53594,3.659,254.0,,0.11975207924842834
K07413.01,11147276,0,FALSE POSITIVE,1.566528935,132.537255,3.2593,92511.0,,0.25
K07671.01,3851194,0,FALSE POSITIVE,0.918510251,131.82791,2.587,52.6,,0.25
K02886.01,6129524,1,CONFIRMED,0.88184263,131.68869,1.3117,249.9,,0.24790893495082855
K07314.01,10342097,0,FALSE POSITIVE,0.933735579,131.53509,3.892,351.4,,0.25
K02729.01,12008872,1,CONFIRMED,14.8877665,141.95432,4.981,252.5,,0.0557616651058197
K06436.01,4681152,0,FALSE POSITIVE,1.83592242,132.077813,5.9942,30745.9,,0.25
K00601.03,10973664,1,CONFIRMED,1.208462378,133.67712,1.544,227.3,,0.21294277906417847
K02597.02,12120307,1,CONFIRMED,12.13070414,139.89855,3.843,211.2,,0.052799902856349945
K01567.01,5438099,1,CONFIRMED,7.24022418,355.01243,2.9153,864.9,,0.0671088770031929
K04437.01,8492101,0,FALSE POSITIVE,4.05943749,133.1883,3.245,105.4,,0.13322864472866058
K07155.01,9291368,0,FALSE POSITIVE,3.796448299,131.37037,11.5917,522879.0,,0.25
K06809.01,7032117,0,FALSE POSITIVE,0.566809491,131.79695,3.156,69.5,,0.25
K04174.01,3328027,0,FALSE POSITIVE,2.11548883,132.00942,4.008,169.5,,0.25
K06082.01,10735519,0,FALSE POSITIVE,1.814128042,131.938871,3.0646,2063.6,,0.25
K04018.01,4929299,0,FALSE POSITIVE,0.868723418,132.08264,1.4617,197.1,,0.25
K07612.01,10471167,0,FALSE POSITIVE,0.93374073,131.5337,4.296,147.6,,0.25
K06034.01,7257373,0,FALSE POSITIVE,5.233450136,133.1261573,8.57374,430422.0,,0.25
K00163.01,6851425,1,CONFIRMED,11.1199028,139.753524,3.3759,636.3,,0.05059846490621567
K02320.01,10481045,0,FALSE POSITIVE,2.03743942,131.55893,3.103,112.5,,0.25
K01805.01,4644952,1,CONFIRMED,6.94135824,137.5437,1.8899,825.0,,0.045377764850854874
K02255.01,7672097,1,CONFIRMED,7.97033985,136.55775,2.6675,490.8,,0.05577972158789635
K04032.01,7100673,1,CONFIRMED,3.95116635,134.22411,2.566,60.9,,0.10823807865381241
K00237.01,8041216,1,CONFIRMED,8.508333104,134.785645,3.4559,646.5,,0.06769637763500214
K07695.01,4390912,0,FALSE POSITIVE,0.687506554,131.85964,1.441,130.3,,0.25
K03985.01,9602562,0,FALSE POSITIVE,3.55653637,133.5172,8.7,202.5,,0.25
K05323.01,6762188,0,FALSE POSITIVE,7.155547398,133.998101,4.5711,2568.8,,0.10646983981132507
K06270.01,2438061,0,FALSE POSITIVE,2.442941283,132.011468,4.1847,37338.0,,0.25
K04438.01,6343576,0,FALSE POSITIVE,6.39903778,134.7133,3.15,186.6,,0.0820435881614685
K03232.01,9569711,1,CONFIRMED,6.05919881,133.67437,1.365,154.2,,0.03754621744155884
K01780.01,5450814,0,FALSE POSITIVE,6.487525901,137.625165,2.4536,20209.0,,0.06303378939628601
K01287.01,10843203,0,FALSE POSITIVE,4.429633087,355.143546,3.0257,6120.1,,0.11384313553571701
K01761.01,4067336,0,FALSE POSITIVE,10.12742274,135.26504,1.2762,933.5,,0.021002382040023804
K00693.01,8738735,1,CONFIRMED,28.7796446,193.30374,8.349,253.2,,0.04835014417767525
K02544.01,8676148,1,CONFIRMED,28.6253502,158.11827,4.551,652.7,,0.02649749256670475
K02414.01,8611832,1,CONFIRMED,22.5968256,140.42654,6.179,142.9,,0.04557424783706665
K07253.01,9913481,0,FALSE POSITIVE,3.50474265,133.319536,8.2852,88625.0,,0.25
K04639.02,4825872,0,FALSE POSITIVE,29.6990126,135.6251,1.849,93.3,,0.010376326739788055
K06938.01,7955301,0,FALSE POSITIVE,15.32763411,134.92291,6.0662,17749.0,,0.06596147269010544
K04269.01,8890924,1,CONFIRMED,26.6565737,131.59433,4.954,163.4,,0.03097422420978546
K03886.01,8848288,0,FALSE POSITIVE,5.56648691,133.03305,10.931,694.9,,0.25
K04039.01,11145831,0,FALSE POSITIVE,1.387838134,132.11351,2.252,136.8,,0.25
K07161.01,9334490,0,FALSE POSITIVE,18.84497113,149.94759,4.9442,4143.4,,0.04372696205973625
K00248.01,5364071,1,CONFIRMED,7.203855862,170.285731,2.5418,1765.9,,0.05880647152662277
K06700.01,6386784,0,FALSE POSITIVE,1.99567242,132.87321,3.58,18.0,,0.25
K04664.01,8984755,0,FALSE POSITIVE,0.734573766,131.59872,1.295,68.4,,0.25
K00573.01,8344004,1,CONFIRMED,5.996533443,172.50558,3.3129,711.4,,0.09207820147275925
K00309.01,7024222,0,FALSE POSITIVE,1.633107509,170.19649,1.491,60.8,,0.15216389298439026
K00326.01,9880467,0,FALSE POSITIVE,8.97349999,171.03075,3.1408,935.1,,0.058334726840257645
K02025.02,4636578,1,CONFIRMED,26.1363443,131.61796,6.613,362.2,,0.04216988757252693
K01860.02,4157325,1,CONFIRMED,12.20951755,360.3204,4.1808,538.1,,0.057070232927799225
K01258.02,8630788,1,CONFIRMED,14.64613058,136.5227,5.688,593.5,,0.06472699344158173
K00153.02,12252424,1,CONFIRMED,4.75400072,128.547155,2.5394,748.7,,0.08902677148580551
K02671.02,2437505,0,FALSE POSITIVE,17.5509742,133.9459,4.064,3859.0,,0.038592349737882614
K02096.01,9307509,1,CONFIRMED,9.76293284,139.15802,3.064,553.2,,0.05230668559670448
K00123.02,5094751,1,CONFIRMED,21.22261195,137.57403,6.5093,366.0,,0.05111921951174736
K01557.01,5371776,1,CONFIRMED,3.295701024,133.966333,1.8268,1745.7,,0.09238297492265701
K07939.01,9518558,0,FALSE POSITIVE,2.178142613,132.03328,0.906,172.7,,0.06932511925697327
K00298.01,12785320,1,CONFIRMED,19.96367208,178.30806,2.6403,270.9,,0.022042537108063698
K00888.01,7552344,0,FALSE POSITIVE,1.000747038,169.974229,0.9967,1823.5,,0.16599266231060028
K07275.01,10026457,0,FALSE POSITIVE,9.93442075,132.874989,7.8219,55965.0,,0.1312255710363388
K00573.02,8344004,1,CONFIRMED,2.06190864,133.19888,1.9743,214.0,,0.1595851480960846
K03454.01,7122259,0,FALSE POSITIVE,20.882125422,146.5689626,8.03365,233450.0,,0.06411903351545334
K03845.01,11824218,0,FALSE POSITIVE,15.84131693,145.4595,1.8156,2617.7,,0.01910194754600525
K00849.01,6276477,1,CONFIRMED,10.35533116,170.93729,3.1775,750.6,,0.051141127943992615
K07908.01,8712863,0,FALSE POSITIVE,0.532493086,131.90244,2.145,19.9,,0.25
K04816.01,10753922,0,FALSE POSITIVE,18.2260472,133.5798,3.664,361.1,,0.0335051603615284
K02687.01,7202957,1,CONFIRMED,1.716828304,132.03204,2.068,59.5,,0.20075780153274536
K00016.01,9110357,0,FALSE POSITIVE,0.895277575,133.411986,2.711,534.5,,0.25
K04615.01,9345819,0,FALSE POSITIVE,1.04588635,131.9887,2.833,102.7,,0.25
K02981.01,9076971,1,CONFIRMED,9.06687613,134.75185,3.381,367.2,,0.062149301171302795
K00493.01,3834360,0,FALSE POSITIVE,2.908453928,170.12474,2.5363,427.5,,0.1453406810760498
K00414.01,5872150,0,FALSE POSITIVE,20.35509657,175.3437299,5.33265,25079.5,,0.04366351291537285
K00271.02,9451706,1,CONFIRMED,29.39337161,209.06737,7.0445,327.0,,0.039943814277648926
K01127.01,6359320,1,CONFIRMED,5.32667299,357.12617,3.4045,611.4,,0.10652365535497665
K04973.01,3341760,0,FALSE POSITIVE,0.523493764,131.6968,0.9015,54.0,,0.25
K01730.01,8460600,0,FALSE POSITIVE,6.352090869,134.2069907,3.88771,75141.7,,0.10200604796409607
K06163.01,7779942,0,FALSE POSITIVE,19.7959731,135.93667,5.342,334.0,,0.04497547820210457
K01601.01,5438757,1,CONFIRMED,10.35078415,133.71163,6.253,273.1,,0.10068480670452118
K01905.02,10328393,1,CONFIRMED,15.99560373,144.2399,3.471,221.7,,0.03616618737578392
K04726.01,5956354,0,FALSE POSITIVE,8.0386699,135.3098,3.549,142.0,,0.07358182221651077
K03653.01,8780968,0,FALSE POSITIVE,2.617284592,132.390683,9.5545,231450.0,,0.25
K01227.01,6629332,0,FALSE POSITIVE,2.155278342,133.576109,2.1064,20739.0,,0.16288693249225616
K03015.01,11403530,1,CONFIRMED,3.61460332,133.09123,3.227,43.9,,0.14879456162452698
K03267.01,8620402,1,CONFIRMED,14.1959621,137.01221,3.605,196.2,,0.0423242412507534
K00027.01,3832716,0,FALSE POSITIVE,1.141877248,170.3386848,4.33931,309490.0,,0.25
K02631.02,7584650,0,FALSE POSITIVE,3.95383243,133.4182993,2.37,,,0.09990306943655014
K04271.01,5992210,0,FALSE POSITIVE,0.641069613,132.14101,1.033,78.6,,0.25
K05093.01,4840327,0,FALSE POSITIVE,26.737139497,146.8472356,4.68919,53516.1,,0.029230190441012383
K06221.01,10357831,0,FALSE POSITIVE,1.72153588,131.7292,1.9227,39929.0,,0.18614192306995392
K06982.01,8162376,0,FALSE POSITIVE,0.706430188,132.14208,1.301,50.8,,0.25
K07913.01,8873450,1,CONFIRMED,24.2783801,154.51325,4.564,714.4,,0.031331028789281845
K02802.01,5775129,1,CONFIRMED,3.84822189,131.9185,2.013,203.9,,0.08718312531709671
K03799.01,9049673,0,FALSE POSITIVE,1.327471395,131.583734,5.2334,5673.8,,0.25
K03979.01,9899217,0,FALSE POSITIVE,1.33254971,132.05415,4.69,158.3,,0.25
K00157.01,6541920,1,CONFIRMED,13.02493307,138.176157,4.5706,778.4,,0.05848526582121849
K02267.01,7021534,0,FALSE POSITIVE,9.06557317,135.15009,1.6208,243.4,,0.029797712340950966
K07227.01,9762514,0,FALSE POSITIVE,7.51509713,138.09408,2.62,187.1,,0.058105260133743286
K04096.01,9674564,0,FALSE POSITIVE,6.873655305,132.4527832,3.5415,181.3,,0.08587133884429932
K02465.01,7542369,0,FALSE POSITIVE,5.46091846,131.66849,1.781,172.0,,0.054355934262275696
K03458.01,6118370,1,CONFIRMED,14.0328775,138.0603,6.684,210.9,,0.07938500493764877
K01667.01,5015913,0,FALSE POSITIVE,1.179969562,133.381942,1.9745,1109.3,,0.25
K01852.01,9763348,1,CONFIRMED,15.77382794,137.53051,4.957,313.6,,0.05237578973174095
K03752.01,6314185,0,FALSE POSITIVE,1.433262145,132.822323,5.6316,1849.5,,0.25
K02121.01,9415108,1,CONFIRMED,4.51005082,134.56954,2.1533,294.8,,0.07957412302494049
K08008.01,10405224,0,FALSE POSITIVE,0.93378068,132.4123,3.706,72.7,,0.25
K01763.01,10491044,0,FALSE POSITIVE,2.1990638,133.06948,3.197,344.8,,0.24230007827281952
K01628.01,6975129,1,CONFIRMED,19.74733983,147.10553,3.4444,480.7,,0.02907058224081993
K06939.01,7960295,0,FALSE POSITIVE,2.10413487,132.63638,4.2269,321239.0,,0.25
K06166.01,7908367,1,CONFIRMED,12.2064304,134.053,2.407,1337.2,,0.032865192741155624
K01932.02,5202905,1,CONFIRMED,14.8444836,143.576,6.091,177.9,,0.06838679313659668
K07446.01,11455795,0,FALSE POSITIVE,1.057335679,131.792007,1.5795,47337.0,,0.24897485971450806
K00116.04,8395660,1,CONFIRMED,23.9800854,147.537,5.351,104.0,,0.03719058260321617
K00471.01,10019643,1,CONFIRMED,21.34736612,171.73531,4.184,630.5,,0.03266601264476776
K02261.01,3734418,1,CONFIRMED,3.97599629,133.62238,2.2029,206.0,,0.09234163910150528
K06441.01,4737302,0,FALSE POSITIVE,9.455586047,133.670388,8.42272,115171.0,,0.14846108853816986
K06797.01,6953219,0,FALSE POSITIVE,0.566802325,131.79626,1.842,288.4,,0.25
K00500.05,4852528,1,CONFIRMED,0.986785834,133.171292,1.1879,450.0,,0.20063455402851105
K06501.01,5031882,0,FALSE POSITIVE,1.00960235,131.6797,7.847,31.9,,0.25
K02014.01,6707908,0,FALSE POSITIVE,2.466070972,132.32097,1.9559,704.5,,0.13218732178211212
K00009.01,11553706,0,FALSE POSITIVE,3.719809197,135.068298,3.5317,2958.2,,0.15823839604854584
K07263.01,9958053,0,FALSE POSITIVE,2.73398963,133.755464,1.52,,,0.09266068041324615
K06470.01,4914709,0,FALSE POSITIVE,8.65303996,136.66798,1.091,497.0,,0.021013809368014336
K06284.01,2583777,0,FALSE POSITIVE,0.958116585,132.052919,2.3496,2374.1,,0.25
K01077.01,10268907,0,FALSE POSITIVE,1.103971357,354.58216,0.926,317.9,,0.13979831337928772
K02087.01,6922710,1,CONFIRMED,23.1274171,145.66194,4.901,157.3,,0.035318829119205475
K06283.01,2580872,0,FALSE POSITIVE,15.926632768,145.5519669,7.42888,271858.0,,0.0777406394481659
K00461.01,8621348,0,FALSE POSITIVE,11.34436822,172.84392,5.558,586.3,,0.08165578544139862
K02283.01,10206675,0,FALSE POSITIVE,17.40208965,141.93057,3.745,616.5,,0.03586734086275101
K00492.01,3559935,1,CONFIRMED,29.9111886,194.71129,6.6436,942.0,,0.03701847791671753
K01485.01,9692345,0,FALSE POSITIVE,0.687895191,133.66492,2.4233,462.5,,0.25
K00246.02,11295426,1,CONFIRMED,9.60505976,136.37863,3.0063,55.0,,0.05216521397233009
K04517.01,11243547,0,FALSE POSITIVE,2.16132662,131.90236,4.487,112.2,,0.25
K04215.01,9366617,1,CONFIRMED,26.5487294,137.24401,7.968,142.0,,0.050021227449178696
K07862.01,8042835,0,FALSE POSITIVE,2.38793696,133.22902,17.302,114.3,,0.25
K07643.01,3102309,0,FALSE POSITIVE,4.20253859,132.3097,5.389,31.5,,0.21372002363204956
K06162.01,7750740,0,FALSE POSITIVE,5.874197307,134.3187261,4.26585,205698.0,,0.12103355675935745
K00812.01,4139816,1,CONFIRMED,3.340218842,171.979062,1.9104,1632.6,,0.0953230932354927
K07206.01,9635529,0,FALSE POSITIVE,2.35195525,131.9168815,5.98883,212828.0,,0.25
K07110.01,8940961,0,FALSE POSITIVE,1.583334941,132.377894,4.4854,177074.0,,0.25
K03741.04,8780959,1,CONFIRMED,9.6310258,132.7273,5.255,297.2,,0.0909387394785881
K03496.01,7517261,1,CONFIRMED,23.2385587,143.5274,8.432,161.2,,0.060474202036857605
K02157.01,3327993,0,FALSE POSITIVE,2.11552348,134.09961,6.712,359.2,,0.25
K01151.02,8280511,1,CONFIRMED,7.41084314,135.75425,3.245,124.1,,0.07297865301370621
K03364.01,11081512,0,FALSE POSITIVE,15.7397651,132.7942,3.297,287.7,,0.03491157665848732
K01511.01,7901948,1,CONFIRMED,2.578852119,133.2237,2.3581,334.3,,0.15239985287189484
K00964.01,10657664,0,FALSE POSITIVE,3.273699006,171.2385098,3.07626,6862.8,,0.15661488473415375
K02233.01,8963721,0,FALSE POSITIVE,1.811460943,132.93207,5.065,428.5,,0.25
K02444.01,3354846,1,CONFIRMED,18.5525162,135.51322,4.385,771.5,,0.039392679929733276
K00265.01,12024120,1,CONFIRMED,3.568099612,169.74278,3.2131,98.4,,0.15008455514907837
K06040.01,7624297,0,FALSE POSITIVE,18.019651402,148.6673673,5.08572,176998.0,,0.047038644552230835
K07910.01,8750503,0,FALSE POSITIVE,11.9283194,142.127,6.69,182.5,,0.09347502887248993
K00864.01,6849310,1,CONFIRMED,4.311780262,173.576483,2.7251,1154.0,,0.10533545166254044
K00627.01,4563268,1,CONFIRMED,7.75192755,176.17197,3.5413,407.3,,0.07613804936408997
K00446.02,4633570,1,CONFIRMED,28.55158187,185.47672,4.1502,807.8,,0.02422632835805416
K02725.01,6233573,0,FALSE POSITIVE,0.587470828,131.49788,2.4382,193.8,,0.25
K01310.01,10964440,1,CONFIRMED,19.12947603,139.4353,3.9622,451.2,,0.03452089801430702
K00546.02,12058931,1,CONFIRMED,9.82578495,131.42495,5.2498,433.3,,0.08904802054166794
K03304.01,9307105,0,FALSE POSITIVE,13.5437884,135.27623,5.7076,6608.7,,0.07023637741804123
K01592.01,5217586,0,FALSE POSITIVE,26.0692512,143.12549,7.487,831.5,,0.0478660985827446
K01931.02,10978763,1,CONFIRMED,10.55840479,136.34449,3.366,194.2,,0.053133025765419006
K00330.02,11361646,1,CONFIRMED,1.88899036,132.09517,3.486,59.0,,0.25
K03245.01,8073705,1,CONFIRMED,10.60052083,132.98523,4.509,60.9,,0.07089274376630783
K01729.01,6603756,0,FALSE POSITIVE,5.204286663,135.885314,6.2598,35221.0,,0.20046935975551605
K04354.01,5040223,0,FALSE POSITIVE,0.996023763,132.16613,5.412,98.3,,0.25
K03465.01,9763612,1,CONFIRMED,16.0505464,141.73408,3.171,94.4,,0.03292722627520561
K03784.01,5688997,0,FALSE POSITIVE,23.8706941,136.9568,3.4812,6386.3,,0.024305954575538635
K01231.02,6462874,0,FALSE POSITIVE,10.42360821,138.01504,5.404,878.3,,0.0864064171910286
K06932.01,7919653,0,FALSE POSITIVE,2.105238039,132.675463,5.23595,94675.0,,0.25
K01244.01,6692833,0,FALSE POSITIVE,10.80487163,134.09498,2.7215,292.7,,0.04197952151298523
K02609.01,6705137,0,FALSE POSITIVE,5.59727625,131.86798,1.659,200.8,,0.04939902573823929
K00497.02,4757437,1,CONFIRMED,4.42535097,134.56312,3.504,179.0,,0.13196693360805511
K01390.01,9288786,0,FALSE POSITIVE,1.744101106,134.50867,1.5497,9681.4,,0.14808966219425201
K06691.01,6364195,0,FALSE POSITIVE,5.2439542,132.6525,9.82,143.8,,0.25
K07412.01,11144439,0,FALSE POSITIVE,0.609125246,132.08281,0.655,139.2,,0.17921875417232513
K03094.01,12352520,1,CONFIRMED,4.5770016,132.09921,0.949,710.0,,0.03455682843923569
K02767.01,5097470,0,FALSE POSITIVE,1.28805834,131.9914,3.419,92.6,,0.25
K00442.03,3745690,1,CONFIRMED,7.0257409,133.62713,2.245,190.7,,0.05325654149055481
K06699.01,6384840,0,FALSE POSITIVE,2.49904083,133.3698,2.651,128.2,,0.1768011599779129
K01480.01,7512982,1,CONFIRMED,20.38174802,142.31499,3.7922,1597.1,,0.031009770929813385
K00258.01,11231334,0,FALSE POSITIVE,4.15743922,172.50464,9.572,1472.0,,0.25
K07322.01,10407430,0,FALSE POSITIVE,0.933759404,131.50294,3.491,114.9,,0.25
K04383.01,9883606,1,CONFIRMED,4.34195312,134.18767,2.598,73.3,,0.09972470998764038
K06014.01,5597970,0,FALSE POSITIVE,6.71738328,137.2100078,3.60057,164979.0,,0.089334636926651
K04532.01,2710623,0,FALSE POSITIVE,1.02087831,131.66089,2.429,33.4,,0.25
K02055.03,3128552,1,CONFIRMED,2.50475282,133.63645,2.376,181.1,,0.15809942781925201
K00874.01,7134976,1,CONFIRMED,4.601811819,169.98108,2.2607,755.9,,0.08187717199325562
K00398.02,9946525,1,CONFIRMED,4.180048081,173.719249,2.4479,1765.6,,0.09760254621505737
K00509.01,6381846,1,CONFIRMED,4.16696628,169.715517,2.7535,877.7,,0.11013208329677582
K01471.01,11858748,0,FALSE POSITIVE,1.780984316,177.8249,2.173,590.9,,0.2033519744873047
K07778.01,6442602,0,FALSE POSITIVE,0.56678228,131.8571,4.725,146.8,,0.25
K01916.03,6037581,1,CONFIRMED,2.0248205,132.35465,2.55,63.3,,0.20989514887332916
K00981.01,8607720,0,FALSE POSITIVE,3.99751422,261.7243,3.686,32.8,,0.15367883443832397
K07451.01,11501774,0,FALSE POSITIVE,0.691823991,131.57,5.965,165.9,,0.25
K07950.01,9639021,0,FALSE POSITIVE,2.21568076,132.26619,1.515,43.6,,0.11396045982837677
K06330.01,3352751,0,FALSE POSITIVE,3.495457889,132.083941,6.9796,114625.0,,0.25
K07239.01,9850912,0,FALSE POSITIVE,8.4804737,135.834,6.157,337.0,,0.12100346386432648
K04835.01,10034146,0,FALSE POSITIVE,0.93198504,131.62897,2.0472,326.6,,0.25
K07877.01,8260269,0,FALSE POSITIVE,6.70995253,134.02352,2.297,86.0,,0.057054553180933
K03215.01,3342952,0,FALSE POSITIVE,1.039046871,131.54272,1.689,24.4,,0.25
K00515.01,7812179,0,FALSE POSITIVE,17.79421914,169.605214,4.1918,1549.4,,0.03926181420683861
K05439.01,7885558,0,FALSE POSITIVE,0.864651455,131.69239,3.461,67.7,,0.25
K06080.01,10710755,0,FALSE POSITIVE,4.816610903,133.763636,3.82353,80226.0,,0.1323036104440689
K07556.01,5177065,0,FALSE POSITIVE,1.25383162,132.6237,7.68,12.9,,0.25
K01475.03,4770365,1,CONFIRMED,4.72941177,132.93871,2.234,434.3,,0.07872720062732697
K06998.01,8240109,0,FALSE POSITIVE,2.30118753,132.193218,7.8216,87537.0,,0.25
K07486.01,11858541,0,FALSE POSITIVE,5.674353343,135.7548264,4.17722,36484.5,,0.12269297987222672
K08032.01,10801951,0,FALSE POSITIVE,1.105123883,132.51976,3.001,66.7,,0.25
K02032.01,2985767,1,CONFIRMED,14.07969236,139.96053,1.375,169.5,,0.016276396811008453
K02769.01,9692128,0,FALSE POSITIVE,1.480323978,131.7553,1.833,166.2,,0.20637373626232147
K04025.01,10992011,0,FALSE POSITIVE,0.974479091,132.37246,1.866,221.2,,0.25
K04048.01,10272389,0,FALSE POSITIVE,4.56447463,133.0783,6.415,208.4,,0.23423652350902557
K03822.01,8883727,0,FALSE POSITIVE,2.529073751,133.390989,1.8827,1572.9,,0.12407045811414719
K07575.01,7031742,0,FALSE POSITIVE,0.566785459,131.82998,2.893,63.8,,0.25
K01487.01,12062667,0,FALSE POSITIVE,2.92928244,133.72275,6.794,268.6,,0.25
K07273.01,10020423,0,FALSE POSITIVE,7.448375935,137.694513,4.23892,152666.0,,0.09485109895467758
K06144.01,6197038,0,FALSE POSITIVE,9.751720174,138.538319,16.1937,332900.0,,0.25
K07502.01,12004679,0,FALSE POSITIVE,2.521245368,132.8563627,4.24027,418375.0,,0.25
K04568.01,10407086,0,FALSE POSITIVE,0.933747395,131.51671,4.798,30.9,,0.25
K06098.01,2997455,0,FALSE POSITIVE,1.129848432,131.789871,2.07578,4658.5,,0.25
K06640.01,5962716,0,FALSE POSITIVE,1.804591904,132.3963298,3.85009,137295.0,,0.25
K03797.01,5546277,0,FALSE POSITIVE,7.50023955,137.38848,2.916,273.2,,0.06479793041944504
K02416.01,9210387,1,CONFIRMED,5.90608902,131.56096,2.409,340.7,,0.06798069179058075
K03715.01,4937143,0,FALSE POSITIVE,9.84883968,135.993,5.7425,22012.0,,0.09717726707458496
K07824.01,7199883,0,FALSE POSITIVE,0.566799125,131.81289,3.072,30.7,,0.25
K02318.01,11495458,1,CONFIRMED,10.45839865,137.65416,3.154,306.8,,0.050262633711099625
K01108.01,3218908,1,CONFIRMED,18.92537246,149.49558,3.9835,640.9,,0.03508077189326286
K06893.01,7605600,0,FALSE POSITIVE,3.326193904,133.329774,2.08375,178470.0,,0.10441113263368607
K06092.01,12010534,0,FALSE POSITIVE,2.581595167,132.947414,4.9153,171132.0,,0.25
K01999.01,10616415,0,FALSE POSITIVE,1.120646438,131.59197,1.7664,322.5,,0.25
K00430.01,10717241,1,CONFIRMED,12.37646897,179.404945,2.7075,1709.0,,0.03646031767129898
K00938.03,9415172,1,CONFIRMED,5.71462396,132.63866,2.336,297.8,,0.06812930107116699
K03384.02,8644365,1,CONFIRMED,19.9158863,139.36828,6.191,143.2,,0.051809560507535934
K01470.01,9480310,1,CONFIRMED,15.43400996,363.29494,4.2572,1785.9,,0.0459720678627491
K06642.01,5977541,0,FALSE POSITIVE,1.14073528,132.5852,2.394,13.5,,0.25
K02795.01,5041569,0,FALSE POSITIVE,2.5355023,132.20054,7.189,354.6,,0.25
K00006.01,3248033,0,FALSE POSITIVE,1.334101467,133.703081,2.1033,120.8,,0.25
K07548.01,4380560,0,FALSE POSITIVE,0.705816203,131.94499,5.55,149.0,,0.25
K03821.01,5956776,0,FALSE POSITIVE,0.569115097,132.020841,3.5028,585597.0,,0.25
K02456.01,5521300,0,FALSE POSITIVE,18.13559979,138.31557,2.019,452.7,,0.01855466701090336
K01402.01,9034103,1,CONFIRMED,7.13969705,137.18652,3.981,512.9,,0.0929311141371727
K00360.01,12107021,0,FALSE POSITIVE,5.93719982,135.95338,3.95,175.6,,0.11088279634714127
K00191.02,5972334,1,CONFIRMED,2.418406841,132.505587,2.0744,665.4,,0.1429591327905655
K03933.01,11244682,1,CONFIRMED,3.490785878,133.10269,1.4513,336.8,,0.06929194182157516
K06976.01,8143170,0,FALSE POSITIVE,28.787257509,137.094192,13.953,49618.4,,0.08078227192163467
K01176.01,3749365,1,CONFIRMED,1.97376085,178.6894194,1.82542,30222.4,,0.15414059162139893
K07756.01,5991070,0,FALSE POSITIVE,0.94102954,131.9021,4.415,34.5,,0.25
K07013.01,8301013,0,FALSE POSITIVE,2.214029545,133.1692046,5.64264,349110.0,,0.25
K05495.01,8255058,0,FALSE POSITIVE,6.279888981,135.296067,5.5086,1514.6,,0.1461968570947647
K07452.01,11502172,0,FALSE POSITIVE,25.431861399,135.619194,5.23771,46564.7,,0.034325119107961655
K01935.01,5396122,0,FALSE POSITIVE,15.44428875,138.1678,2.0791,3596.2,,0.022436557337641716
K00680.01,7529266,1,CONFIRMED,8.600153929,177.642421,9.0015,4510.2,,0.1744445562362671
K04155.01,5471271,0,FALSE POSITIVE,12.422216754,141.8461927,6.5533,54.5,,0.08792445808649063
K03731.01,5650314,0,FALSE POSITIVE,1.070272827,131.835891,4.2844,9886.5,,0.25
K02955.01,5108946,0,FALSE POSITIVE,0.591280187,131.74406,1.1656,135.0,,0.25
K03005.01,3747262,0,FALSE POSITIVE,1.312459403,132.22569,1.459,36.9,,0.18527556955814362
K06647.01,6029130,0,FALSE POSITIVE,12.591656377,134.7421233,5.53385,302584.0,,0.07324758172035217
K00631.01,4742414,1,CONFIRMED,15.458056682,173.782454,8.79536,4253.2,,0.09483037889003754
K00557.01,5774349,1,CONFIRMED,15.65563866,170.78358,3.9305,955.9,,0.04184328392148018
K00447.01,5021176,0,FALSE POSITIVE,4.045057186,172.68365,2.9954,752.7,,0.12341811507940292
K00613.01,6960456,0,FALSE POSITIVE,5.07442951,171.55916,4.064,250.2,,0.13347969949245453
K01443.01,11197126,0,FALSE POSITIVE,4.494498254,134.77583,1.9742,248.2,,0.0732080265879631
K02912.01,9640439,0,FALSE POSITIVE,0.873227249,132.23359,0.7948,221.8,,0.1516978144645691
K05111.01,4996558,0,FALSE POSITIVE,3.017155419,133.68607,13.3898,1381.8,,0.25
K01643.01,10990917,1,CONFIRMED,11.04605365,136.44056,4.799,308.3,,0.07240896672010422
K00788.01,12404086,1,CONFIRMED,26.39432897,176.05459,3.573,1510.9,,0.022561663761734962
K00253.01,11752906,1,CONFIRMED,6.383159135,170.604622,1.7504,2313.2,,0.045703597366809845
K06403.01,4349935,0,FALSE POSITIVE,0.792023257,131.92896,3.2604,176.6,,0.25
K07500.01,11968490,0,FALSE POSITIVE,0.539445498,131.898299,2.2821,25302.2,,0.25
K00014.01,7684873,0,FALSE POSITIVE,2.947376671,171.522978,2.0911,433.2,,0.1182463988661766
K05982.01,2309587,0,FALSE POSITIVE,1.838514245,132.101259,3.2601,118965.0,,0.25
K02109.01,11499228,1,CONFIRMED,19.7919389,149.30719,3.787,383.7,,0.03189008682966232
K05072.01,4570555,0,FALSE POSITIVE,4.750256809,134.63889,1.9278,395.1,,0.06763844937086105
K02007.02,11069176,1,CONFIRMED,21.1285655,149.27632,3.852,176.7,,0.03038540482521057
K07642.01,3003019,0,FALSE POSITIVE,0.502622858,131.61123,3.085,146.0,,0.25
K01034.01,5899544,0,FALSE POSITIVE,1.739428983,354.889074,2.4894,5897.4,,0.23852655291557312
K00316.01,8008067,1,CONFIRMED,15.77111067,184.90347,5.0574,547.1,,0.05344582349061966
K04518.01,7032001,0,FALSE POSITIVE,0.566810643,131.80277,3.471,45.6,,0.25
K01436.01,11389771,1,CONFIRMED,2.508553286,135.0112,2.2664,211.6,,0.15057815611362457
K02137.01,9364609,1,CONFIRMED,14.97436238,141.50057,2.4461,265.4,,0.027225421741604805
K05683.01,9474485,0,FALSE POSITIVE,0.512581525,131.781117,2.54719,384482.0,,0.25
K01529.01,9821454,1,CONFIRMED,17.9776037,147.7515,4.605,213.9,,0.04269200935959816
K00757.01,10910878,1,CONFIRMED,16.06864674,173.621937,3.5347,4914.3,,0.03666249290108681
K05172.01,5470851,0,FALSE POSITIVE,12.4276185,141.3698,18.56,147.0,,0.24890796840190887
K06271.01,2438062,0,FALSE POSITIVE,2.44295727,132.00292,4.0656,15298.0,,0.25
K07815.01,7117147,0,FALSE POSITIVE,0.566812588,131.79719,3.596,17.1,,0.25
K00457.02,7440748,1,CONFIRMED,7.064252021,135.379512,1.3867,728.9,,0.03271636739373207
K00111.01,6678383,1,CONFIRMED,11.427550984,137.613711,4.6074,500.9,,0.06719724833965302
K00094.01,6462863,1,CONFIRMED,22.342964828,132.741641,6.66405,5612.8,,0.04971027746796608
K02031.01,5940165,1,CONFIRMED,9.30413878,140.33868,1.9254,637.3,,0.03449002653360367
K00690.01,8409588,0,FALSE POSITIVE,1.360834768,169.709729,1.4886,1570.5,,0.18231455981731415
K03675.01,9596089,0,FALSE POSITIVE,20.8392148,133.49781,2.3321,177508.0,,0.018651533871889114
K00550.01,4165473,1,CONFIRMED,13.02363236,178.52482,3.9734,607.0,,0.050848588347435
K05773.01,10189542,0,FALSE POSITIVE,24.614775,142.51094,2.395,229.4,,0.016216548159718513
K00250.02,9757613,1,CONFIRMED,17.25121397,149.886479,2.0371,2054.8,,0.01968074031174183
K04094.01,8128247,0,FALSE POSITIVE,3.57017774,134.4442,4.473,79.6,,0.2088131308555603
K02675.02,5794570,1,CONFIRMED,1.116127169,131.84982,1.3235,109.2,,0.1976327896118164
K01968.01,7948784,1,CONFIRMED,10.08744556,135.13582,2.9884,568.1,,0.04937490448355675
K02120.01,4857213,1,CONFIRMED,8.77425786,132.33386,2.2245,239.6,,0.042254284024238586
K01557.03,5371776,1,CONFIRMED,5.315954488,132.43002,1.1165,965.9,,0.035004690289497375
K02960.01,10876237,0,FALSE POSITIVE,1.465943491,132.32801,1.513,52.3,,0.17201663553714752
K03958.01,7777372,0,FALSE POSITIVE,0.885123683,131.88646,3.3865,113.3,,0.25
K01722.01,10080248,1,CONFIRMED,14.8783945,142.96841,7.491,322.8,,0.08391362428665161
K00321.02,8753657,1,CONFIRMED,4.62334491,132.37083,3.0189,62.0,,0.10882813483476639
K02250.02,5942808,1,CONFIRMED,0.626281766,131.90594,1.1812,433.1,,0.25
K01655.01,11547505,1,CONFIRMED,0.938466959,135.600698,1.3015,217.4,,0.2311393767595291
K00300.01,3438975,0,FALSE POSITIVE,2.976020742,171.65845,3.73,114.9,,0.20889191329479218
K06702.01,6421188,0,FALSE POSITIVE,16.434352831,136.2884989,5.15682,45699.5,,0.052297160029411316
K04800.01,3526331,0,FALSE POSITIVE,2.23755641,133.0574,2.089,101.1,,0.15560129284858704
K00688.01,8161561,1,CONFIRMED,3.275821982,170.25357,3.0427,274.9,,0.15480592846870422
K07579.01,7116282,0,FALSE POSITIVE,0.566798676,131.81422,2.777,59.9,,0.25
K00952.02,9787239,1,CONFIRMED,8.75209691,170.63671,2.3742,1367.6,,0.045212022960186005
K01779.02,9909735,1,CONFIRMED,11.8150174,133.08929,2.834,1003.0,,0.03997737169265747
K01992.01,11450414,1,CONFIRMED,12.7983174,133.64979,6.401,336.6,,0.0833573117852211
K03635.01,3327992,0,FALSE POSITIVE,2.115511511,131.99137,8.5116,25805.0,,0.25
K03961.01,7597005,0,FALSE POSITIVE,0.704541784,132.18236,1.0726,275.2,,0.25
K06806.01,7031767,0,FALSE POSITIVE,0.56678012,131.8499,3.257,27.6,,0.25
K00273.01,3102384,1,CONFIRMED,10.573751447,175.067739,1.7259,298.9,,0.027204157784581184
K03223.01,5556726,0,FALSE POSITIVE,0.962825082,132.21375,2.8464,118.1,,0.25
K04195.01,9959545,0,FALSE POSITIVE,1.332567643,132.04299,4.284,56.7,,0.25
K06900.01,7670485,0,FALSE POSITIVE,8.467706136,139.412302,4.05376,77323.6,,0.07978863269090652
K06624.01,5737869,0,FALSE POSITIVE,26.2402438,151.5242,3.024,174.0,,0.019207138568162918
K00692.01,8557374,1,CONFIRMED,2.462344253,171.84315,1.8113,180.1,,0.12259997427463531
K00505.03,5689351,1,CONFIRMED,3.25058201,133.69472,2.2537,218.4,,0.11555366218090057
K00155.01,8030148,1,CONFIRMED,5.660669429,137.416045,4.6483,737.8,,0.13685955107212067
K00170.01,11044770,0,FALSE POSITIVE,15.60865244,144.29934,6.26,311.4,,0.06684327125549316
K01370.01,6924203,1,CONFIRMED,6.8833761,135.26522,2.2702,458.4,,0.05496818199753761
K03816.01,7877818,0,FALSE POSITIVE,9.44942628,132.45174,6.3064,1211.9,,0.11123073846101761
K03728.01,7515679,1,CONFIRMED,5.546083089,133.50348,2.717,2211.0,,0.08164921402931213
K06637.01,5952457,0,FALSE POSITIVE,0.905672916,132.20453,1.0,110.4,,0.18402522802352905
K02780.01,12164564,1,CONFIRMED,3.35184041,131.64441,1.9855,345.3,,0.09872685372829437
K06788.01,6925263,0,FALSE POSITIVE,2.51989935,133.7109,1.55,147.2,,0.10251732170581818
K06801.01,6967430,0,FALSE POSITIVE,2.00383703,132.8086,3.473,42.3,,0.25
K06147.01,6449358,0,FALSE POSITIVE,5.776794344,133.6275034,6.33505,121544.0,,0.1827729344367981
K02761.01,7903086,0,FALSE POSITIVE,1.846861455,131.90493,1.6605,648.6,,0.1498488187789917
K01187.01,3848972,0,FALSE POSITIVE,0.741057213,131.947273,1.05299,1996.3,,0.23682157695293427
K01083.01,10157458,1,CONFIRMED,7.33685101,138.5829,3.548,325.8,,0.08059769868850708
K04347.01,3244792,1,CONFIRMED,3.0570982,134.50122,3.571,144.0,,0.1946835219860077
K02589.01,10468885,1,CONFIRMED,0.664074145,133.40285,1.0925,212.6,,0.25
K00825.01,5252423,1,CONFIRMED,8.10363271,176.9486,3.161,887.9,,0.06501199305057526
K03764.01,3344427,0,FALSE POSITIVE,1.303570451,146.145985,2.28163,332340.0,,0.25
K02585.02,7673841,1,CONFIRMED,10.42317343,135.15208,2.341,71.2,,0.03743261843919754
K00343.02,10982872,1,CONFIRMED,2.024143568,170.496204,2.5273,239.4,,0.2080962359905243
K06435.01,4678171,0,FALSE POSITIVE,15.288709179,132.8060911,5.00366,512474.0,,0.05454635247588158
K01705.01,7522911,1,CONFIRMED,20.4998763,131.82068,6.501,437.8,,0.05285397917032242
K06290.01,2711114,0,FALSE POSITIVE,1.429439352,132.74659,2.424,3367.1,,0.25
K03705.01,6470516,0,FALSE POSITIVE,2.080431782,131.827995,7.4997,894203.0,,0.25
K00886.03,7455287,1,CONFIRMED,20.99587872,152.31554,2.6333,767.3,,0.02090330794453621
K02431.01,8956706,0,FALSE POSITIVE,8.3806973,134.7287,3.028,650.8,,0.06021774187684059
K04841.01,5480884,0,FALSE POSITIVE,0.708726708,132.08629,0.753,313.6,,0.17707812786102295
K06602.01,5598639,0,FALSE POSITIVE,0.648775795,131.7459799,4.34648,108824.0,,0.25
K01430.02,11176127,1,CONFIRMED,22.92886314,143.86271,2.0831,908.9,,0.015141759999096394
K01373.01,6863839,0,FALSE POSITIVE,1.926353494,133.68077,2.5305,185.1,,0.2189369648694992
K00652.01,5796675,1,CONFIRMED,16.080657264,182.7601,2.8701,3076.0,,0.029746918007731438
K01450.01,7532973,1,CONFIRMED,2.144632238,133.984128,6.2701,19836.9,,0.25
K07769.01,6190535,0,FALSE POSITIVE,3.652810043,134.7903032,1.5132,119.4,,0.06904273480176926
K00570.01,8106610,0,FALSE POSITIVE,12.39894005,172.78184,4.262,702.9,,0.05728984251618385
K06937.01,7950775,0,FALSE POSITIVE,8.966610607,138.5745618,4.01883,59618.5,,0.07469990849494934
K04301.01,8773015,1,CONFIRMED,15.604841,131.9989,4.543,73.4,,0.048521269112825394
K07967.01,9838761,0,FALSE POSITIVE,1.33254428,132.06788,3.122,162.2,,0.25
K03657.01,4579321,0,FALSE POSITIVE,2.112395777,134.034448,2.7714,262602.0,,0.21866168081760406
K00586.01,9570741,1,CONFIRMED,15.77980122,175.96934,4.0369,541.4,,0.042637839913368225
K06599.01,5553624,0,FALSE POSITIVE,25.762056721,139.7346639,14.8694,447716.0,,0.09619703143835068
K01076.01,10223616,0,FALSE POSITIVE,29.12436474,142.16154,3.4209,6496.0,,0.01957639306783676
K05823.01,10724569,0,FALSE POSITIVE,0.745086745,131.82655,4.29,270.0,,0.25
K02753.01,6265792,1,CONFIRMED,0.935115863,132.20193,1.6172,64.8,,0.25
K01135.01,8397446,0,FALSE POSITIVE,0.986620248,448.5959,3.9722,1345.8,,0.25
K03564.01,10960995,0,FALSE POSITIVE,1.558544209,131.567665,3.3727,225588.0,,0.25
K00707.05,9458613,1,CONFIRMED,5.66815821,131.88743,4.9064,119.7,,0.14426790177822113
K07840.01,7470491,0,FALSE POSITIVE,0.902222843,131.7156501,2.0516,29.7,,0.25
K01751.02,9729691,1,CONFIRMED,20.99757968,132.05689,2.454,1131.8,,0.019478434696793556
K02001.01,6061773,1,CONFIRMED,8.27745764,138.25667,2.713,197.2,,0.05462627485394478
K04789.01,5119619,0,FALSE POSITIVE,1.11205787,132.01568,1.459,118.7,,0.21866367757320404
K04265.01,7368137,0,FALSE POSITIVE,2.18242002,132.39594,4.103,69.7,,0.25
K07419.01,11200773,0,FALSE POSITIVE,2.489550708,132.044138,2.84685,29838.9,,0.19058659672737122
K00410.01,5449777,0,FALSE POSITIVE,7.216951388,176.283024,1.89082,4284.5,,0.04366617649793625
K06808.01,7031992,0,FALSE POSITIVE,0.56679293,131.83103,3.814,101.1,,0.25
K02219.01,5357545,1,CONFIRMED,3.757294695,133.95965,0.9269,273.3,,0.04111557453870773
K03172.01,3337061,0,FALSE POSITIVE,6.5583706,133.83031,3.286,136.0,,0.0835065171122551
K06186.01,8653134,1,CONFIRMED,5.34264143,134.38122,2.453,691.3,,0.07652270048856735
K06059.01,8581232,0,FALSE POSITIVE,4.012537983,134.652406,2.0101,19796.0,,0.0834924578666687
K00533.02,10513530,1,CONFIRMED,3.52467888,131.63994,2.484,129.7,,0.11745750904083252
K06140.01,5955321,0,FALSE POSITIVE,11.637858887,136.885517,11.8851,427948.0,,0.1702074259519577
K02022.01,8564674,1,CONFIRMED,5.92972237,135.49811,2.518,412.1,,0.0707734078168869
K07480.01,11775530,0,FALSE POSITIVE,12.8177012,143.6091,3.465,75.6,,0.045054879039525986
K07786.01,6547322,0,FALSE POSITIVE,1.49131759,132.1676,4.721,25.8,,0.25
K07387.01,10923260,0,FALSE POSITIVE,7.436016459,136.518226,4.16284,106527.0,,0.09330353885889053
K07613.01,10471174,0,FALSE POSITIVE,0.93369659,131.5867,4.444,81.4,,0.25
K04316.01,9777290,0,FALSE POSITIVE,1.33251948,132.0885,3.733,233.7,,0.25
K03503.01,6368175,1,CONFIRMED,21.1876185,148.8101,3.69,71.7,,0.029026387259364128
K02563.01,5175024,1,CONFIRMED,23.4772553,145.3641,6.735,141.4,,0.04781223461031914
K04115.01,6311520,0,FALSE POSITIVE,0.941840589,131.80464,5.06,388.3,,0.25
K04153.01,8439323,1,CONFIRMED,4.62602867,134.68092,0.643,346.9,,0.023166019469499588
K06652.01,6044064,0,FALSE POSITIVE,5.06318803,133.707285,13.8913,662677.0,,0.25
K04310.01,7103919,1,CONFIRMED,10.7769944,140.2902,2.616,185.6,,0.04045654833316803
K00183.01,9651668,1,CONFIRMED,2.684328541,133.3548095,2.69382,18136.5,,0.16725598275661469
K06437.01,4725292,0,FALSE POSITIVE,1.15495063,132.34528,2.31,,,0.25
K02248.01,11030475,1,CONFIRMED,2.81814715,132.25336,1.763,278.6,,0.10426472127437592
K04250.01,9641076,0,FALSE POSITIVE,2.17818699,132.00477,2.686,115.8,,0.20552261173725128
K03986.01,10668665,0,FALSE POSITIVE,9.60853601,137.74499,3.672,584.4,,0.06369336694478989
K01319.01,4078157,0,FALSE POSITIVE,16.025018977,367.693328,3.8828,29090.0,,0.040382687002420425
K00399.01,7289157,0,FALSE POSITIVE,5.26640614,173.833637,3.6163,59294.0,,0.11444553732872009
K02183.01,5706595,1,CONFIRMED,19.0231361,139.65988,3.431,401.6,,0.03005988709628582
K01512.01,11955499,0,FALSE POSITIVE,9.04189129,137.86611,2.789,783.4,,0.051408860832452774
K03126.01,7097534,0,FALSE POSITIVE,2.21396685,132.56407,4.374,81.6,,0.25
K00904.05,8150320,1,CONFIRMED,10.19849255,137.92067,2.4283,634.1,,0.03968396782875061
K01529.02,9821454,1,CONFIRMED,11.8693144,137.721,4.653,101.9,,0.06533654779195786
K02468.01,8380709,1,CONFIRMED,24.3344939,147.41892,6.557,323.1,,0.04490881785750389
K07081.01,8719897,0,FALSE POSITIVE,1.575710265,131.692741,6.83787,173954.0,,0.25
K03925.01,10788461,1,CONFIRMED,9.2075634,135.801,3.365,1243.1,,0.060910068452358246
K07830.01,7282154,0,FALSE POSITIVE,0.56678694,131.82489,1.959,61.2,,0.25
K07231.01,9790965,0,FALSE POSITIVE,0.82206761,132.243022,3.8281,26189.8,,0.25
K03030.01,5524881,0,FALSE POSITIVE,7.19552624,136.03008,4.095,214.6,,0.09485059976577759
K00156.03,10925104,1,CONFIRMED,11.776132317,142.705753,2.8971,1430.8,,0.04100242629647255
K01269.01,8757910,0,FALSE POSITIVE,0.655001616,133.176794,1.8136,271.2,,0.25
K01577.01,12506770,1,CONFIRMED,2.806243488,133.7314,1.6271,599.6,,0.09663571417331696
K00121.01,3247396,0,FALSE POSITIVE,8.8111022,136.4568,5.0683,401.1,,0.09586957842111588
K03876.01,3440118,1,CONFIRMED,19.57783279,131.71421,1.9857,432.6,,0.016904322430491447
K04527.01,3438976,0,FALSE POSITIVE,2.97599368,132.9759,4.023,55.0,,0.22530290484428406
K05251.01,6205405,0,FALSE POSITIVE,3.7229369,134.6174,10.57,65.2,,0.25
K07369.01,10743600,0,FALSE POSITIVE,0.8170226,132.022858,2.974,167696.0,,0.25
K07052.01,8543278,0,FALSE POSITIVE,7.549299761,135.0113297,2.46338,44575.7,,0.054384294897317886
K02100.01,6047072,1,CONFIRMED,4.27103727,133.14028,2.2759,180.4,,0.08881136775016785
K01248.01,8488878,0,FALSE POSITIVE,5.801880653,357.453464,4.2608,41924.0,,0.12239709496498108
K06710.01,6443392,0,FALSE POSITIVE,0.776976021,132.2745574,1.95401,21245.0,,0.25
K07429.01,11251058,0,FALSE POSITIVE,2.25284817,131.6206,3.069,60.0,,0.2270459234714508
K02688.01,8892303,1,CONFIRMED,5.424749327,133.728952,1.139,7680.0,,0.034993935376405716
K07819.01,7177766,0,FALSE POSITIVE,0.769358923,131.57827,1.5364,44.8,,0.25
K04027.01,8694309,0,FALSE POSITIVE,0.827351796,131.92381,2.1885,44.7,,0.25
K06361.01,3831523,0,FALSE POSITIVE,1.529283907,131.4176092,14.0075,54.8,,0.25
K07987.01,10147276,0,FALSE POSITIVE,0.681401611,132.18175,0.865,103.6,,0.21157370507717133
K06382.01,4069213,0,FALSE POSITIVE,5.194256813,134.5723735,7.25775,38851.4,,0.23287738859653473
K00159.01,8972058,1,CONFIRMED,8.99088621,136.73923,4.2447,469.7,,0.07868523895740509
K00558.01,5978361,1,CONFIRMED,9.17858526,173.08746,2.1945,796.5,,0.03984818980097771
K03885.01,11614528,0,FALSE POSITIVE,1.870990236,132.68949,1.8432,642.6,,0.1641911268234253
K00349.01,11394027,1,CONFIRMED,14.38682567,170.455049,2.1417,569.6,,0.024810893461108208
K01391.01,8958035,0,FALSE POSITIVE,7.981187121,133.802114,1.8071,7609.5,,0.03773665800690651
K07683.01,4136659,0,FALSE POSITIVE,0.913244995,132.18552,0.4931,47.8,,0.08999045938253403
K03884.01,4579313,0,FALSE POSITIVE,2.112405306,132.97515,2.5845,489.0,,0.20391446352005005
K05754.01,10007492,0,FALSE POSITIVE,2.645596805,133.705953,2.9095,1272.7,,0.1832919716835022
K01887.01,10965740,0,FALSE POSITIVE,21.78769087,136.69645,4.498,507.7,,0.034407805651426315
K01247.01,8801343,0,FALSE POSITIVE,2.73987398,134.5503077,4.15886,20632.2,,0.25
K02154.01,12505076,1,CONFIRMED,11.92979348,136.66919,6.152,709.3,,0.08594728261232376
K00031.01,6956014,0,FALSE POSITIVE,0.925589891,169.69275,1.967,400.8,,0.25
K04236.01,2449101,0,FALSE POSITIVE,0.739761008,131.80913,7.589,292.1,,0.25
K02697.01,6627507,0,FALSE POSITIVE,7.37453336,131.55947,3.745,304.4,,0.08463812619447708
K04219.01,4678919,0,FALSE POSITIVE,1.87885327,133.08861,3.302,120.9,,0.25
K02908.01,6612284,0,FALSE POSITIVE,1.245353252,132.21522,2.152,224.2,,0.25
K04071.01,2708286,0,FALSE POSITIVE,1.89131005,132.66204,5.687,155.6,,0.25
K00457.01,7440748,1,CONFIRMED,4.9213639,174.299322,1.8806,761.3,,0.06368830800056458
K02470.01,9108085,0,FALSE POSITIVE,2.17489806,134.11887,4.599,74.8,,0.25
K01589.03,5301750,1,CONFIRMED,27.4345973,145.12322,5.038,472.6,,0.030606122687458992
K00351.06,11442793,1,CONFIRMED,7.00821787,137.67164,3.812,116.4,,0.09065547585487366
K03048.01,9714550,1,CONFIRMED,4.73292061,131.579,1.746,151.6,,0.06148423254489899
K01550.01,8111381,0,FALSE POSITIVE,2.233799622,134.720709,3.04,2658.5,,0.22681830823421478
K06749.01,6636020,0,FALSE POSITIVE,18.3602239,143.4753,2.352,574.6,,0.021350502967834473
K06423.01,4544623,0,FALSE POSITIVE,2.189097,132.0841,5.768,3001.0,,0.25
K06003.01,5385509,0,FALSE POSITIVE,12.4257907,141.5345,19.859,340.1,,0.25
K01325.01,4282872,1,CONFIRMED,10.035381809,137.471481,3.4062,2829.7,,0.056569844484329224
K02990.01,5520547,1,CONFIRMED,11.20058855,137.51003,4.562,219.9,,0.06788333505392075
K00487.01,12834874,1,CONFIRMED,7.65880048,173.03964,3.0427,668.2,,0.06621358543634415
K03405.01,8211605,0,FALSE POSITIVE,20.9794338,147.72605,3.762,2388.2,,0.029886411502957344
K07230.01,9786821,0,FALSE POSITIVE,21.120005744,150.128392,2.05573,13054.3,,0.01622261293232441
K08065.01,11774383,0,FALSE POSITIVE,0.520227316,131.83796,1.7939,68633.0,,0.25
K06156.01,7174617,0,FALSE POSITIVE,1.608363345,131.58432,2.1988,96134.0,,0.22785067558288574
K01637.01,10686864,1,CONFIRMED,2.97041801,133.39136,2.2369,530.7,,0.1255098283290863
K06417.01,4456622,0,FALSE POSITIVE,0.751408792,131.948266,2.2974,17481.0,,0.25
K04765.01,10615440,1,CONFIRMED,10.8118317,137.13426,2.627,76.8,,0.04049576073884964
K06665.01,6128141,0,FALSE POSITIVE,1.872620976,132.727701,1.7626,1530.6,,0.15687459707260132
K02800.01,10518399,0,FALSE POSITIVE,2.69636494,132.99372,3.892,109.0,,0.2405707985162735
K02527.01,7879433,1,CONFIRMED,1.385787741,135.49119,1.6449,85.4,,0.1978297233581543
K02200.01,10909127,1,CONFIRMED,3.17059731,132.67813,1.6686,325.4,,0.08771217614412308
K07544.01,3749508,0,FALSE POSITIVE,2.403704619,131.5641527,0.8927,110.6,,0.06189751252532005
K03978.01,10090219,0,FALSE POSITIVE,2.28612573,133.53049,12.408,301.6,,0.25
K06325.01,3337548,0,FALSE POSITIVE,2.97586085,133.0352,4.513,105.9,,0.25
K01847.01,6776401,1,CONFIRMED,26.85323647,143.31303,4.4557,965.8,,0.02765464223921299
K06740.01,6606282,0,FALSE POSITIVE,1.053573674,132.428012,1.70116,3063.0,,0.25
K06748.01,6629588,0,FALSE POSITIVE,2.264471713,131.518805,7.1803,187430.0,,0.25
K07453.01,11502179,0,FALSE POSITIVE,3.98855869,135.129,1.467,214.1,,0.06130033731460571
K03955.01,9899414,0,FALSE POSITIVE,1.332564704,132.04974,5.9775,1049.5,,0.25
K02371.01,11824786,1,CONFIRMED,12.94123564,139.89901,4.636,328.8,,0.059705786406993866
K01161.02,10426656,1,CONFIRMED,10.93725572,136.98549,3.0822,421.6,,0.04696790501475334
K02819.01,4270565,0,FALSE POSITIVE,18.0116764,139.19459,6.006,417.2,,0.055575061589479446
K05614.01,9101279,0,FALSE POSITIVE,1.811461128,132.9324534,8.42343,921671.0,,0.25
K04183.01,10858737,0,FALSE POSITIVE,0.952378454,131.85999,3.892,43.8,,0.25
K02625.01,9153570,1,CONFIRMED,3.81371423,132.57465,1.973,281.0,,0.08622390776872635
K06856.01,7281616,0,FALSE POSITIVE,0.566799927,131.83464,4.71,145.1,,0.25
K01832.01,11709244,1,CONFIRMED,4.544436472,134.90159,1.8141,879.3,,0.06653190404176712
K04376.01,2570773,0,FALSE POSITIVE,1.8912851,132.676,6.182,1223.4,,0.25
K07067.01,8608490,0,FALSE POSITIVE,0.541405029,131.933523,2.7481,327656.0,,0.25
K06873.01,7381695,0,FALSE POSITIVE,0.948683571,131.88901,1.676,150.9,,0.25
K03252.01,5653072,0,FALSE POSITIVE,3.22452656,132.50118,5.156,57.5,,0.25
K02155.01,12116380,1,CONFIRMED,4.3394569,132.80309,2.3652,337.4,,0.09084086120128632
K03371.02,11125797,1,CONFIRMED,12.25384348,143.70549,2.373,147.7,,0.03227558732032776
K04668.01,8937762,0,FALSE POSITIVE,15.07277287,143.96955,0.7794,345.0,,0.008618189021945
K01762.01,5387843,0,FALSE POSITIVE,0.870693883,132.083949,1.2137,438.5,,0.2323242872953415
K01932.01,5202905,1,CONFIRMED,22.8245144,144.46843,6.617,322.7,,0.04831793159246445
K01960.01,6949061,1,CONFIRMED,8.96847034,139.39473,4.4073,234.3,,0.0819035992026329
K01422.01,11497958,1,CONFIRMED,5.841636615,135.92315,1.8734,1336.3,,0.053449634462594986
K06122.01,4933476,0,FALSE POSITIVE,1.28619671,131.87462,1.114,137.2,,0.1443532407283783
K00110.01,9450647,1,CONFIRMED,9.940666412,135.21559,3.9092,520.2,,0.06554222106933594
K02220.01,6871071,1,CONFIRMED,3.2828024,131.89965,3.2532,142.5,,0.1651637703180313
K07620.01,12304202,0,FALSE POSITIVE,0.66573903,131.6585795,1.27,,,0.25
K03742.01,5565486,0,FALSE POSITIVE,1.412524016,131.704429,5.74859,175776.0,,0.25
K00547.01,12116489,1,CONFIRMED,25.30291816,188.060148,4.4903,2105.7,,0.02957695722579956
K01921.01,7755636,1,CONFIRMED,16.00496657,135.25305,6.5047,377.5,,0.06773626804351807
K01366.01,6932987,1,CONFIRMED,19.25404023,164.78424,4.6509,987.7,,0.04025908187031746
K00789.01,12459725,0,FALSE POSITIVE,14.1798187,171.50237,2.505,459.9,,0.029443252831697464
K01794.01,6153672,0,FALSE POSITIVE,3.364425589,131.66843,1.3261,4843.0,,0.0656922459602356
K06769.01,6781535,0,FALSE POSITIVE,9.12208711,138.8352077,4.62417,58790.4,,0.0844866931438446
K06503.01,5036530,0,FALSE POSITIVE,2.735152701,133.6322499,0.1046,283.3,,0.006373806390911341
K07513.01,12106875,0,FALSE POSITIVE,5.9371708,135.957,4.954,157.1,,0.1390673667192459
K00369.02,7175184,1,CONFIRMED,10.10463142,135.55718,2.369,114.6,,0.03907449170947075
K04447.01,10604592,1,CONFIRMED,2.18660188,131.94832,1.585,122.3,,0.12081150710582733
K04002.01,5773121,1,CONFIRMED,0.524175803,131.60105,0.7648,236.8,,0.2431754171848297
K07804.01,7031340,0,FALSE POSITIVE,0.566769068,131.8681,3.011,40.0,,0.25
K02051.01,7265298,1,CONFIRMED,25.7626846,147.6963,6.908,619.5,,0.04468996077775955
K08030.01,10730250,0,FALSE POSITIVE,13.667809025,134.6559996,2.7993,127.7,,0.03413495048880577
K07697.01,4574319,0,FALSE POSITIVE,1.30627214,132.0858,5.144,95.4,,0.25
K04702.01,2831251,0,FALSE POSITIVE,5.81289843,131.5613,3.979,76.3,,0.1140853688120842
K06662.01,6103049,0,FALSE POSITIVE,0.643171495,131.8893076,2.31285,41160.0,,0.25
K05984.01,3241344,0,FALSE POSITIVE,3.912679136,133.4288498,3.556,291510.0,,0.15147335827350616
K04088.01,4946584,0,FALSE POSITIVE,0.907943645,132.133484,1.9144,1028.9,,0.25
K04533.01,3330684,0,FALSE POSITIVE,1.26132769,132.4274,1.244,109.7,,0.16437706351280212
K01475.01,4770365,1,CONFIRMED,1.609321941,178.94178,1.6067,728.5,,0.1663951277732849
K00443.01,3833007,1,CONFIRMED,16.21774917,180.0425,4.9274,758.3,,0.05063793435692787
K04802.01,3445812,0,FALSE POSITIVE,0.605556082,132.02856,1.2399,101.7,,0.25
K00220.02,7132798,1,CONFIRMED,4.12511935,133.64014,2.877,114.7,,0.11623906344175339
K02937.01,9837578,0,FALSE POSITIVE,20.733748565,132.8465918,6.28773,417340.0,,0.050543442368507385
K03212.01,4927734,0,FALSE POSITIVE,3.0001191,132.9097,6.61,7.7,,0.25
K02985.01,8847111,0,FALSE POSITIVE,0.575884418,132.00778,2.0734,272.2,,0.25
K03382.01,9991621,0,FALSE POSITIVE,18.9257333,145.5267,6.149,188.5,,0.054150257259607315
K00895.01,7767559,0,FALSE POSITIVE,4.409409243,171.89433,3.8636,12861.0,,0.14603619277477264
K02499.01,5544903,0,FALSE POSITIVE,7.57571414,138.2166,2.357,418.5,,0.051854297518730164
K00925.01,9016295,0,FALSE POSITIVE,19.974485239,171.6300909,4.23479,40293.1,,0.0353349931538105
K00069.01,3544595,1,CONFIRMED,4.72674037,134.926396,2.9267,273.1,,0.10319655388593674
K07101.01,8848115,0,FALSE POSITIVE,0.82484293,131.6424,1.383,618.6,,0.25
K06017.01,5961350,0,FALSE POSITIVE,5.262652179,135.6269856,2.85554,22650.6,,0.09043411910533905
K05316.01,6695801,0,FALSE POSITIVE,1.10656965,132.3665,1.669,86.4,,0.25
K02167.01,6041734,1,CONFIRMED,24.3398202,136.05813,3.891,777.3,,0.026643581688404083
K00282.02,5088536,1,CONFIRMED,8.45744892,139.06689,3.2893,77.4,,0.06482057273387909
K00431.01,10843590,1,CONFIRMED,18.87022157,178.71167,3.1404,1096.6,,0.02773682400584221
K01698.01,6975615,0,FALSE POSITIVE,2.065351521,133.15601,2.661,173.2,,0.21473342180252075
K03785.01,4073730,0,FALSE POSITIVE,6.2820426,131.58905,7.941,1413.0,,0.21067988872528076
K02871.02,10793172,1,CONFIRMED,5.36375016,134.65014,2.94,114.3,,0.09135399758815765
K04167.01,5475735,0,FALSE POSITIVE,2.99194823,134.1641,4.39,99.6,,0.24454523622989655
K03134.01,6115516,0,FALSE POSITIVE,0.865759153,131.57771,0.8408,191.6,,0.16186179220676422
K01838.01,5526527,1,CONFIRMED,16.7364755,143.13606,2.151,1147.0,,0.021420281380414963
K07177.01,9474222,0,FALSE POSITIVE,13.691790011,133.7914664,5.64674,97563.5,,0.06873632222414017
K00157.02,6541920,1,CONFIRMED,22.687155,148.455435,5.4921,960.0,,0.04034661874175072
K00111.02,6678383,1,CONFIRMED,23.66834635,132.71421,5.8297,449.4,,0.041051313281059265
K03765.01,12109845,0,FALSE POSITIVE,0.865959015,132.053694,1.9058,291274.0,,0.25
K01930.02,5511081,1,CONFIRMED,24.3110031,137.0394,8.7682,184.4,,0.06011132895946503
K04095.01,6276994,0,FALSE POSITIVE,1.10601182,131.83599,2.577,52.9,,0.25
K00929.02,9141746,1,CONFIRMED,2.85188338,132.1455,2.666,114.9,,0.15580347180366516
K00500.04,4852528,1,CONFIRMED,4.645382149,134.58939,2.0271,565.5,,0.07272814214229584
K08038.01,10920420,0,FALSE POSITIVE,0.9438885,132.2865,2.592,35.8,,0.25
K00580.01,8625925,1,CONFIRMED,6.521209629,175.7111,2.7975,760.4,,0.07149747014045715
K04879.01,9850966,0,FALSE POSITIVE,8.480305,135.8796,6.19,304.2,,0.12165442854166031
K00619.01,10384962,0,FALSE POSITIVE,2.879243323,170.710636,2.6273,48050.0,,0.15208278596401215
K02095.01,7918992,1,CONFIRMED,1.434745129,132.62802,1.862,200.7,,0.21629858016967773
K06914.01,7769072,0,FALSE POSITIVE,0.60886299,132.0506751,1.27896,2019.5,,0.25
K00152.02,8394721,1,CONFIRMED,27.40229859,133.6284,6.8491,747.5,,0.0416576974093914
K01835.03,9471268,1,CONFIRMED,6.76690759,136.61633,1.7062,249.3,,0.04202313348650932
K04000.01,5471675,0,FALSE POSITIVE,0.962828092,132.20697,4.411,63.0,,0.25
K03957.01,7458309,0,FALSE POSITIVE,0.660629055,131.86099,5.894,231.6,,0.25
K07857.01,7919516,0,FALSE POSITIVE,0.575445783,132.0648853,0.8463,29.3,,0.2451143115758896
K06100.01,3229028,0,FALSE POSITIVE,0.730964241,132.19448,2.483,44.0,,0.25
K02719.01,5184911,1,CONFIRMED,4.11585514,134.11726,1.4858,425.8,,0.060165707021951675
K06632.01,5871918,0,FALSE POSITIVE,12.643303542,139.7603975,5.48853,236718.0,,0.07235094904899597
K03898.01,9161118,0,FALSE POSITIVE,1.306723495,132.53576,6.606,12456.6,,0.25
K02503.01,8631504,1,CONFIRMED,14.8200596,133.39933,3.902,184.9,,0.043881963938474655
K00008.01,5903312,0,FALSE POSITIVE,1.16015259,121.704645,1.3433,170.2,,0.19297748804092407
K06816.01,7050754,0,FALSE POSITIVE,0.615787196,131.71405,3.067,110.6,,0.25
K00952.04,9787239,1,CONFIRMED,2.896005211,133.61228,1.6776,614.1,,0.09654678404331207
K00306.01,6071903,1,CONFIRMED,24.30784323,178.36629,2.6054,677.1,,0.017863918095827103
K01197.01,3853673,0,FALSE POSITIVE,0.643794198,133.984483,1.5662,456.7,,0.25
K06556.01,5294739,0,FALSE POSITIVE,3.735993484,135.062493,17.4877,617987.0,,0.25
K08168.01,8766268,0,FALSE POSITIVE,5.29731736,135.5479,3.341,167.5,,0.1051160991191864
K03242.01,6928906,0,FALSE POSITIVE,1.54945486,132.47682,6.698,21.8,,0.25
K00486.01,12404305,1,CONFIRMED,22.18332255,169.49619,5.1364,748.1,,0.03859055042266846
K01867.01,8167996,1,CONFIRMED,2.549562652,132.60803,1.6999,495.1,,0.11112363636493683
K06622.01,5735878,0,FALSE POSITIVE,16.832079803,133.1746947,7.79748,48374.6,,0.0772085189819336
K00527.01,9636569,0,FALSE POSITIVE,10.63624422,171.69616,5.055,231.7,,0.07921028882265091
K02681.02,6878240,1,CONFIRMED,22.2508509,149.43326,1.745,618.7,,0.013070661574602127
K02402.01,8481129,1,CONFIRMED,16.3012727,133.79446,3.974,259.5,,0.0406307727098465
K03321.01,6859801,0,FALSE POSITIVE,10.882416555,132.677164,5.4674,16629.5,,0.08373446762561798
K06541.02,5211470,0,FALSE POSITIVE,0.938074536,132.26984,1.9618,575.9,,0.25
K04420.01,7031942,0,FALSE POSITIVE,0.566795467,131.84,4.712,38.2,,0.25
K00647.01,5531694,1,CONFIRMED,5.16949729,170.31339,4.5122,210.6,,0.1454751342535019
K00750.01,10662202,1,CONFIRMED,21.67699193,171.53594,3.4555,857.2,,0.026568107306957245
K00200.01,6046540,1,CONFIRMED,7.340714946,134.3457036,2.9987,8510.5,,0.0680837407708168
K06518.01,5095269,0,FALSE POSITIVE,18.611957253,133.8661994,4.24721,124833.0,,0.03803298622369766
K07164.01,9353182,0,FALSE POSITIVE,10.476258265,136.5282906,7.77203,120206.0,,0.12364513427019119
K00564.01,6786037,1,CONFIRMED,21.05349939,171.92457,7.1605,496.6,,0.0566849559545517
K00341.01,10878263,1,CONFIRMED,7.170710381,176.666844,2.9225,863.3,,0.067926786839962
K02098.01,6105462,1,CONFIRMED,25.0823402,134.13568,6.423,244.6,,0.042679429054260254
K03295.01,4466356,0,FALSE POSITIVE,14.12809896,137.11989,2.326,263.1,,0.027439408004283905
K01158.01,10352945,0,FALSE POSITIVE,6.47179275,356.38477,6.788,402.5,,0.17480988800525665
K00102.01,8456679,1,CONFIRMED,1.73513619,135.060047,2.2741,952.6,,0.21843627095222473
K00830.01,5358624,1,CONFIRMED,3.525632539,170.0479951,2.59959,22335.0,,0.12289000302553177
K01177.01,3547091,0,FALSE POSITIVE,3.305577989,180.68154,2.5903,17971.0,,0.13060247898101807
K01161.01,10426656,1,CONFIRMED,6.05729966,135.92756,3.7419,385.2,,0.10295841842889786
K00909.01,8256049,0,FALSE POSITIVE,16.37198661,172.75926,3.8449,4147.6,,0.03914104402065277
K01843.01,5080636,1,CONFIRMED,4.194496867,134.13511,1.7807,660.7,,0.07075540721416473
K04469.01,10006641,0,FALSE POSITIVE,0.894172544,131.51006,0.8302,86.2,,0.15474268794059753
K00706.01,9426071,0,FALSE POSITIVE,28.714216138,182.608668,6.0624,43701.9,,0.03518814593553543
K02308.01,3749978,1,CONFIRMED,28.5057217,132.92075,6.324,755.8,,0.036975033581256866
K00723.01,10002866,1,CONFIRMED,3.936993144,169.650592,1.887,1266.0,,0.07988329976797104
K07639.01,2854839,0,FALSE POSITIVE,1.05569286,131.5576,1.289,37.5,,0.20349983870983124
K00127.01,8359498,1,CONFIRMED,3.578780566,134.0304187,2.91089,11382.2,,0.135562464594841
K01261.02,8678594,1,CONFIRMED,15.19423359,142.73422,3.106,367.8,,0.03406994417309761
K04481.01,11912941,0,FALSE POSITIVE,3.74784374,134.19157,3.658,116.5,,0.1626713126897812
K00444.01,3847138,1,CONFIRMED,11.72291212,177.3196,4.2064,492.2,,0.05980311706662178
K07160.01,9328864,0,FALSE POSITIVE,0.645850521,131.88911,1.2082,54.9,,0.25
K06820.01,7105574,0,FALSE POSITIVE,20.726069913,143.201391,6.47393,118864.0,,0.05205947533249855
K07952.01,9643210,0,FALSE POSITIVE,3.850304552,132.1063696,1.5337,158.0,,0.06638868898153305
K01278.04,8609450,1,CONFIRMED,13.6396648,141.7301,5.425,162.7,,0.0662895068526268
K05814.01,10616656,0,FALSE POSITIVE,25.285232337,135.9662009,4.76313,63021.6,,0.03139599412679672
K07262.01,9953736,0,FALSE POSITIVE,0.50818743,131.63064,3.433,54.9,,0.25
K00450.01,6042214,0,FALSE POSITIVE,27.04627886,171.95525,2.666,900.8,,0.0164286307990551
K02135.03,9904006,1,CONFIRMED,8.48651582,138.01698,5.267,110.8,,0.103438600897789
K03732.01,8302302,0,FALSE POSITIVE,1.135930136,132.396556,4.5036,27247.4,,0.25
K00452.01,6291033,1,CONFIRMED,3.705991661,169.94286,5.1658,501.4,,0.2323174923658371
K03871.01,9752982,0,FALSE POSITIVE,0.716709897,132.050846,0.7466,932.5,,0.1736174374818802
K05353.01,7107567,0,FALSE POSITIVE,0.812592362,131.55642,1.5646,6945.8,,0.25
K05058.01,4365461,0,FALSE POSITIVE,1.714414962,131.8661453,5.17207,110132.0,,0.25
K00719.01,9950612,1,CONFIRMED,9.034190783,171.015329,1.5501,577.6,,0.028596917167305946
K06304.01,3102024,0,FALSE POSITIVE,13.782522208,139.480567,8.27762,248937.0,,0.10009802877902985
K07039.01,8429450,0,FALSE POSITIVE,1.352576807,132.0374311,5.49531,317484.0,,0.25
K05695.01,9591728,0,FALSE POSITIVE,11.03571773,137.28413,5.62958,144955.0,,0.08502060174942017
K01608.02,10055126,1,CONFIRMED,19.7383992,133.28544,4.894,168.1,,0.04132385179400444
K04298.02,2852941,0,FALSE POSITIVE,11.57958162,135.5195336,2.47,,,0.03555108234286308
K02030.01,8111919,0,FALSE POSITIVE,1.664980224,131.68433,1.7455,230.8,,0.17472679913043976
K06337.01,3458919,0,FALSE POSITIVE,0.892061734,131.815603,2.24307,75590.0,,0.25
K06031.01,6694186,0,FALSE POSITIVE,5.554227226,135.16203,4.77434,142313.0,,0.14326445758342743
K00167.01,11666881,1,CONFIRMED,4.919584997,134.602396,4.1988,425.7,,0.1422477662563324
K06364.01,3836439,0,FALSE POSITIVE,1.540395674,131.9963513,2.80168,70614.6,,0.25
K05752.01,10004772,0,FALSE POSITIVE,1.391716834,132.09937,1.421,41.0,,0.1701735109090805
K01037.01,6205468,0,FALSE POSITIVE,3.7228551,179.30315,12.8164,2969.2,,0.25
K04385.01,3645438,1,CONFIRMED,7.298142,137.85674,3.024,370.5,,0.06905867159366608
K00530.01,10266615,1,CONFIRMED,10.94026745,170.30551,2.3494,538.6,,0.03579132631421089
K00600.01,10718726,1,CONFIRMED,3.595769013,170.36915,3.1569,383.7,,0.1463247537612915
K03376.01,3098843,0,FALSE POSITIVE,29.9756697,135.45089,2.987,258.0,,0.016607914119958878
K02745.01,12456601,1,CONFIRMED,15.64588656,146.04926,3.959,572.1,,0.042172957211732864
K01493.01,9842906,0,FALSE POSITIVE,4.9883873,358.23526,9.059,507.6,,0.25
K00271.03,9451706,1,CONFIRMED,14.4359459,141.51253,3.414,107.3,,0.039415497332811356
K06350.01,3656700,0,FALSE POSITIVE,0.738527259,132.024142,1.2174,422.9,,0.25
K02876.02,4367854,0,FALSE POSITIVE,0.535224793,131.73629,3.3402,228.7,,0.25
K04707.01,4680772,0,FALSE POSITIVE,26.190289,143.22089,2.148,51.8,,0.013669189065694809
K00419.01,8219673,0,FALSE POSITIVE,20.131477716,189.390784,3.2806,8243.2,,0.027159787714481354
K00538.01,11090765,1,CONFIRMED,21.21712312,171.64936,5.89,636.0,,0.046267662197351456
K05962.01,12257851,0,FALSE POSITIVE,2.61594288,132.415,6.45,72.1,,0.25
K07423.01,11234677,0,FALSE POSITIVE,1.58742695,131.9849807,2.66475,76162.0,,0.25
K06240.01,11516930,0,FALSE POSITIVE,4.768540307,133.8648842,0.9938,347.6,,0.03473459929227829
K03750.01,7700590,0,FALSE POSITIVE,1.507101452,132.092456,5.2005,15847.0,,0.25
K02579.01,9896018,1,CONFIRMED,2.7296036,133.28661,2.721,145.6,,0.1661413460969925
K00162.01,8107380,1,CONFIRMED,14.00640392,142.20885,4.6919,716.4,,0.05583041533827782
K01306.03,10858691,1,CONFIRMED,5.9142668,133.49193,2.661,253.2,,0.07498816400766373
K02835.01,5436338,1,CONFIRMED,6.30922043,133.99677,1.3251,691.2,,0.035004325211048126
K03499.02,5471688,0,FALSE POSITIVE,0.96283264,132.20087,2.947,96.3,,0.25
K02591.01,5513897,0,FALSE POSITIVE,0.755109106,132.56239,2.967,106.0,,0.25
K00192.01,7950644,1,CONFIRMED,10.290994129,137.0220594,4.28889,9655.7,,0.06946025043725967
K00850.01,6291653,1,CONFIRMED,10.526294577,176.522462,2.5211,9768.0,,0.03991749882698059
K01394.01,8937021,0,FALSE POSITIVE,5.663621501,133.89009,1.2968,1225.0,,0.038161683827638626
K05218.01,5980354,0,FALSE POSITIVE,1.573020098,132.28063,15.574,292.2,,0.25
K06944.01,7971389,0,FALSE POSITIVE,13.174807933,136.4631739,3.37392,71070.9,,0.04268145561218262
K01991.01,5306720,0,FALSE POSITIVE,27.36432337,143.46464,3.545,2282.5,,0.021591374650597572
K06251.01,12470041,0,FALSE POSITIVE,14.66769462,139.161736,2.4462,29862.0,,0.027795778587460518
K07135.01,9119405,0,FALSE POSITIVE,18.646323091,139.0920079,8.853,231000.0,,0.0791308805346489
K00148.02,5735762,1,CONFIRMED,9.673958488,125.339418,3.2641,952.7,,0.056235168129205704
K04197.01,9777724,0,FALSE POSITIVE,1.33258458,132.03624,3.222,127.0,,0.25
K00186.01,12019440,1,CONFIRMED,3.24325988,133.6690203,3.03318,16450.9,,0.1558709442615509
K00662.01,6365156,1,CONFIRMED,10.21418792,170.70466,5.8201,303.8,,0.09496757388114929
K06729.01,6545018,0,FALSE POSITIVE,1.995728294,132.839699,6.43532,251876.0,,0.25
K02615.01,8025596,1,CONFIRMED,4.69505576,133.93643,3.058,240.0,,0.10855390876531601
K07170.01,9411943,0,FALSE POSITIVE,1.922009494,132.161285,3.101,6547.8,,0.25
K07494.01,11922648,0,FALSE POSITIVE,1.75643185,132.0575,2.397,51.6,,0.22744975984096527
K05997.01,4912991,0,FALSE POSITIVE,4.442517008,133.608114,2.43922,25341.5,,0.09151043742895126
K07343.01,10556578,0,FALSE POSITIVE,0.626431697,131.899296,2.0171,37224.0,,0.25
K01132.01,8330548,0,FALSE POSITIVE,1.914158508,134.644919,3.2917,7829.2,,0.25
K01806.01,9529744,0,FALSE POSITIVE,2.404556949,131.67616,7.4918,408.7,,0.25
K00488.01,2557816,1,CONFIRMED,9.3789167,176.45197,3.3427,563.5,,0.05940096080303192
K00072.01,11904151,1,CONFIRMED,0.837491225,131.574858,1.796,190.4,,0.25
K06771.01,6804648,0,FALSE POSITIVE,0.700606479,131.59767,0.993,23.5,,0.23622390627861023
K00336.01,10518725,0,FALSE POSITIVE,19.5148412,132.60757,3.096,102.7,,0.026441413909196854
K06991.01,8210721,0,FALSE POSITIVE,22.673145675,138.145641,6.6324,65410.8,,0.04875371232628822
K07318.01,10363300,0,FALSE POSITIVE,0.934926138,132.1779461,3.1925,131941.0,,0.25
K06533.01,5172274,0,FALSE POSITIVE,6.12650913,133.2391,15.43,2434.0,,0.25
K00720.03,9963524,1,CONFIRMED,18.36974658,131.86573,2.939,1143.3,,0.0266652200371027
K02279.01,3661886,1,CONFIRMED,27.0142622,132.52245,5.385,287.6,,0.033223189413547516
K00730.02,10227020,1,CONFIRMED,9.84824649,138.38845,5.7471,436.7,,0.0972609668970108
K07115.01,8957572,0,FALSE POSITIVE,1.5765874,132.4469,15.18,29.2,,0.25
K06576.01,5393558,0,FALSE POSITIVE,10.217121652,137.2457336,4.35647,205223.0,,0.07106485962867737
K02092.02,6696580,1,CONFIRMED,25.5638626,375.27811,4.685,1124.9,,0.030544418841600418
K02175.01,9022166,1,CONFIRMED,26.8475962,142.17023,10.068,254.1,,0.06250093877315521
K06349.01,3656322,0,FALSE POSITIVE,1.831829703,132.53923,7.289,40509.0,,0.25
K01557.02,5371776,1,CONFIRMED,9.65349016,134.85555,2.9029,1308.6,,0.05011831596493721
K00626.01,4478168,1,CONFIRMED,14.58649856,172.22185,4.0249,378.7,,0.04598887637257576
K02917.01,3228945,0,FALSE POSITIVE,0.730943372,131.49862,3.004,134.7,,0.25
K00143.01,4649305,0,FALSE POSITIVE,22.65117451,140.337593,3.6895,2250.0,,0.027147231623530388
K01000.01,2441728,0,FALSE POSITIVE,0.856895349,133.67521,1.3078,82.2,,0.25
K03535.01,7376500,0,FALSE POSITIVE,5.877122485,136.42083,4.71655,362900.0,,0.13375452160835266
K05419.01,7747197,0,FALSE POSITIVE,22.52907,142.2496,1.373,327.1,,0.010157247073948383
K06296.01,2860594,0,FALSE POSITIVE,5.499941793,132.816764,11.3096,47751.3,,0.25
K03652.01,8256044,0,FALSE POSITIVE,16.371883638,140.020073,3.44467,65927.0,,0.03506692871451378
K00945.01,9605514,1,CONFIRMED,25.8474958,188.874,5.985,537.4,,0.03859174624085426
K06667.01,6131659,0,FALSE POSITIVE,17.527826808,144.5700534,5.78491,347519.0,,0.05500691384077072
K00939.03,9466668,1,CONFIRMED,1.620467654,132.06388,2.1888,159.6,,0.2251202017068863
K01572.01,10004519,1,CONFIRMED,9.80321143,363.98686,4.4617,813.4,,0.07585439085960388
K00220.01,7132798,1,CONFIRMED,2.422084188,132.940079,2.5613,1871.8,,0.1762462854385376
K00829.02,5358241,1,CONFIRMED,9.75192101,138.78608,4.793,418.0,,0.081915482878685
K03774.01,6205481,0,FALSE POSITIVE,3.72277264,136.51757,15.869,1114.6,,0.25
K07694.01,4386607,0,FALSE POSITIVE,5.99321872,133.6359,3.92,203.2,,0.10901209712028503
K07006.01,8265990,0,FALSE POSITIVE,0.77996263,132.1472,3.369,25.7,,0.25
K04086.01,3836558,0,FALSE POSITIVE,1.54039744,131.99974,1.787,127.6,,0.19334836304187775
K06029.01,6614926,0,FALSE POSITIVE,3.026764871,133.3279059,4.32532,66719.9,,0.23817068338394165
K00284.02,6021275,1,CONFIRMED,6.41491277,169.64044,3.3629,121.0,,0.08737193048000336
K00880.04,7366258,1,CONFIRMED,2.382951591,135.080841,1.8876,391.6,,0.13202114403247833
K02301.01,11922722,0,FALSE POSITIVE,3.51289168,133.79619,3.313,131.0,,0.1571829468011856
K07738.01,5730380,0,FALSE POSITIVE,0.954873008,131.851983,1.0613,33.0,,0.18524278700351715
K01754.01,8651389,1,CONFIRMED,15.13590453,146.58371,2.236,255.7,,0.02462136745452881
K04953.01,2711123,0,FALSE POSITIVE,2.858879267,134.17606,2.3753,644.5,,0.13847501575946808
K00808.01,3838486,0,FALSE POSITIVE,2.99025443,171.9834,5.414,589.2,,0.25
K04455.01,9777200,0,FALSE POSITIVE,1.332580225,132.03999,2.057,46.3,,0.25
K01238.01,6383821,1,CONFIRMED,27.07237655,139.1127,6.9592,514.2,,0.042843177914619446
K05427.01,7800285,0,FALSE POSITIVE,0.533000886,131.735703,1.54684,4398.5,,0.25
K03928.01,4242692,1,CONFIRMED,1.138548215,132.46205,2.1482,66.2,,0.25
K00442.02,3745690,1,CONFIRMED,1.732346403,134.53123,2.2139,182.4,,0.21299627423286438
K06177.01,8265156,0,FALSE POSITIVE,0.978362973,132.126,1.206,37.1,,0.20544523000717163
K00601.02,10973664,1,CONFIRMED,11.67894236,131.5119,1.2641,1185.1,,0.018039589747786522
K06458.01,4840818,0,FALSE POSITIVE,5.024768971,133.120142,3.82433,53046.4,,0.12684927880764008
K07243.01,9899153,0,FALSE POSITIVE,1.33256167,132.0567,3.743,59.5,,0.25
K07098.01,8845221,0,FALSE POSITIVE,5.40346248,133.7451943,7.6494,261346.0,,0.2359413057565689
K03993.01,2970804,0,FALSE POSITIVE,0.686994057,131.661024,3.5252,2797.1,,0.25
K06785.01,6877871,0,FALSE POSITIVE,0.536869783,131.84557,4.164,221.7,,0.25
K00428.01,10418224,1,CONFIRMED,6.8731664,172.518826,6.8569,3753.8,,0.16627222299575806
K07526.01,12356914,0,FALSE POSITIVE,27.308150159,143.504361,4.43906,388005.0,,0.027092400938272476
K03829.01,4474637,0,FALSE POSITIVE,3.886730304,135.0201,16.1723,372425.0,,0.25
K07368.01,10736489,1,CONFIRMED,6.842939,137.0596,2.8,,,0.06819681823253632
K00543.01,11823054,1,CONFIRMED,4.302139338,173.438922,2.0289,747.2,,0.0786004289984703
K04102.01,2708278,0,FALSE POSITIVE,1.89124187,132.7082,4.415,105.8,,0.25
K00941.03,9480189,1,CONFIRMED,24.66461416,189.02031,2.8579,2398.8,,0.01931174285709858
K03803.01,6286155,0,FALSE POSITIVE,14.5417471,137.58734,5.6067,1088.6,,0.06425981968641281
K03747.01,9777087,0,FALSE POSITIVE,5.50811352,134.32603,2.9516,40380.0,,0.0893106758594513
K00117.04,10875245,1,CONFIRMED,7.95825328,137.80219,4.377,50.0,,0.0916658416390419
K00043.01,9025922,0,FALSE POSITIVE,11.32029599,177.08388,4.5866,4303.5,,0.06752768158912659
K00947.01,9710326,1,CONFIRMED,28.59914031,189.92667,3.6567,1585.1,,0.02131008170545101
K04860.01,3343281,0,FALSE POSITIVE,21.8660922,138.517,2.03,301.6,,0.01547296717762947
K02199.01,11705004,1,CONFIRMED,9.03326435,137.17738,2.857,610.7,,0.0527125783264637
K06757.01,6695889,0,FALSE POSITIVE,1.106560721,132.3745985,2.64151,253683.0,,0.25
K06881.01,7461314,0,FALSE POSITIVE,0.773595312,132.08776,0.781,93.0,,0.16826196014881134
K06942.01,7970629,0,FALSE POSITIVE,1.025534511,132.4990072,3.52048,110948.0,,0.25
K03716.02,8719324,0,FALSE POSITIVE,10.23273611,139.5844258,1.55,,,0.025245772674679756
K02601.01,7531677,0,FALSE POSITIVE,2.622134451,131.87323,4.735,128.2,,0.25
K02488.01,8559152,1,CONFIRMED,12.4128518,140.35679,4.298,108.1,,0.05770900472998619
K06032.01,6934587,0,FALSE POSITIVE,1.570919281,132.47362,3.2232,65124.0,,0.25
K06045.01,7841986,0,FALSE POSITIVE,10.73370737,141.11176,7.6706,6155.3,,0.1191045418381691
K07625.01,1868404,0,FALSE POSITIVE,6.12601169,134.83637,1.733,40.2,,0.047148674726486206
K02861.01,7815931,0,FALSE POSITIVE,1.868564038,132.51442,1.192,176.7,,0.10632050037384033
K07999.01,10322797,0,FALSE POSITIVE,1.213742728,131.74123,3.596,31.7,,0.25
K01344.01,4136466,1,CONFIRMED,4.48758768,133.36092,2.874,112.0,,0.1067388579249382
K00694.01,8802165,1,CONFIRMED,17.42115972,184.245906,4.9974,928.1,,0.047809675335884094
K02803.01,9898447,1,CONFIRMED,2.37752442,133.39854,2.307,32.1,,0.1617228388786316
K03899.01,3556229,0,FALSE POSITIVE,0.7967202,132.288291,4.25304,167719.0,,0.25
K00012.01,5812701,1,CONFIRMED,17.855221681,146.596466,7.41287,9065.2,,0.06919422745704651
K03610.01,7212066,0,FALSE POSITIVE,3.840485025,134.446386,2.8592,31353.0,,0.124081552028656
K01166.01,10351231,1,CONFIRMED,7.6746614,133.22431,1.9374,503.0,,0.04207351803779602
K06041.01,7695093,0,FALSE POSITIVE,4.032762189,133.3016604,4.14212,119350.0,,0.17118622362613678
K05157.01,5391911,0,FALSE POSITIVE,0.782068488,131.8940201,1.239,115.7,,0.25
K06488.01,5019567,0,FALSE POSITIVE,1.17430183,131.7601,9.587,64.5,,0.25
K07256.01,9934208,0,FALSE POSITIVE,9.058487716,137.3378842,4.14334,127971.0,,0.07623310387134552
K00013.01,9941662,1,CONFIRMED,1.763587535,120.5659254,3.16877,4590.6,,0.25
K00370.02,8494142,1,CONFIRMED,22.95062278,151.53259,4.4814,129.8,,0.03254377841949463
K00884.02,7434875,1,CONFIRMED,20.47748843,178.66786,2.8364,1382.4,,0.023085514083504677
K07017.01,8312222,0,FALSE POSITIVE,12.823275455,136.1765764,5.32062,121991.0,,0.06915315985679626
K00549.01,3437776,0,FALSE POSITIVE,10.29767658,131.73374,6.649,655.5,,0.10761327296495438
K02995.01,3848275,1,CONFIRMED,5.19492747,131.62458,3.167,272.9,,0.10160552710294724
K00669.01,6960445,0,FALSE POSITIVE,5.07437786,171.56544,5.942,605.7,,0.19516350328922272
K07867.01,8112324,0,FALSE POSITIVE,0.575925434,131.92458,2.4676,137404.0,,0.25
K02412.01,10419312,0,FALSE POSITIVE,2.493237866,132.63633,2.644,259.2,,0.1767447292804718
K00061.01,8248939,0,FALSE POSITIVE,1.63345402,181.8556,3.817,359.0,,0.25
K03231.01,10489539,0,FALSE POSITIVE,19.7639874,134.17,12.319,51.3,,0.10388423502445221
K04119.01,5513857,0,FALSE POSITIVE,0.755101928,131.81199,3.044,119.8,,0.25
K01460.01,7751571,0,FALSE POSITIVE,17.0421346,363.97428,7.507,3616.7,,0.0734160766005516
K03756.01,10352938,0,FALSE POSITIVE,6.47173281,136.35537,7.1964,6472.7,,0.18532903492450714
K00698.01,8891278,0,FALSE POSITIVE,12.718711489,172.995345,2.48998,8378.9,,0.03262883052229881
K01885.01,11413812,1,CONFIRMED,5.65378163,131.71154,1.9483,366.8,,0.057433534413576126
K06650.01,6042116,0,FALSE POSITIVE,5.407157086,136.5956575,5.8919,74653.3,,0.18160806596279144
K06109.01,4144236,0,FALSE POSITIVE,22.913446297,140.6466918,4.11699,251835.0,,0.02994595281779766
K04884.01,4750341,0,FALSE POSITIVE,1.97515457,132.6578,2.633,66.1,,0.2221767008304596
K06380.01,4067549,0,FALSE POSITIVE,7.698431197,137.868033,5.43677,42548.8,,0.11770298331975937
K00555.01,5709725,1,CONFIRMED,3.701765401,172.44778,2.6061,288.3,,0.11733590811491013
K05090.01,4815612,0,FALSE POSITIVE,1.928420823,131.58805,3.8253,191238.0,,0.25
K01360.03,7102227,1,CONFIRMED,0.764017553,132.2214,1.103,128.2,,0.24061401188373566
K03669.01,4356766,0,FALSE POSITIVE,1.731803197,132.887574,5.6803,44612.0,,0.25
K02441.01,4459924,0,FALSE POSITIVE,4.79176993,134.03502,4.52,116.6,,0.1572140008211136
K07048.01,8504570,0,FALSE POSITIVE,4.00770453,134.8009815,5.50884,168776.0,,0.2290937304496765
K00720.02,9963524,1,CONFIRMED,10.04157214,137.08442,2.6577,1114.0,,0.04411161690950394
K04539.01,3962872,0,FALSE POSITIVE,25.9554044,148.7989,8.491,122.7,,0.054523006081581116
K00168.02,11512246,1,CONFIRMED,15.27443889,147.57983,6.0765,206.7,,0.06630358099937439
K01489.01,9823487,1,CONFIRMED,16.00460392,140.47981,3.9475,831.9,,0.041107963770627975
K00490.01,3239945,1,CONFIRMED,4.393157678,172.867528,2.4455,447.2,,0.09277684986591339
K03604.01,6956216,0,FALSE POSITIVE,4.818863794,131.677655,6.2625,65936.5,,0.21659670770168304
K07563.01,5908086,0,FALSE POSITIVE,0.93705132,132.0238,4.808,51.5,,0.25
K00287.01,8703887,0,FALSE POSITIVE,14.170972781,175.60775,3.7316,13496.5,,0.04388783499598503
K02505.01,5471574,0,FALSE POSITIVE,0.962827066,132.20517,4.48,86.3,,0.25
K04868.01,6720773,0,FALSE POSITIVE,1.318347743,132.7886,0.871,113.2,,0.11011257767677307
K06913.01,7755741,0,FALSE POSITIVE,0.874236216,131.7986,2.352,58.4,,0.25
K01627.02,6543893,1,CONFIRMED,5.93919041,353.75537,2.285,424.5,,0.06412209570407867
K01150.01,8278371,1,CONFIRMED,0.677374687,133.94573,1.8361,76.7,,0.25
K07035.01,8414159,0,FALSE POSITIVE,11.931131598,142.8536843,5.56983,300506.0,,0.0778052806854248
K00238.02,7219825,1,CONFIRMED,26.6951944,143.9999,4.576,132.6,,0.028569437563419342
K00477.01,10934674,1,CONFIRMED,16.54295261,169.65031,3.8516,726.0,,0.038804035633802414
K06920.01,7816680,0,FALSE POSITIVE,4.292599454,131.7702811,4.73293,140032.0,,0.18376316130161285
K02376.01,11701407,1,CONFIRMED,18.8262877,134.70322,2.344,795.8,,0.02075112611055374
K00229.01,3847907,1,CONFIRMED,3.573202801,134.934397,2.88,2975.0,,0.1343332678079605
K07011.01,8294484,0,FALSE POSITIVE,1.012694226,132.44896,3.6017,108504.0,,0.25
K06307.01,3120320,0,FALSE POSITIVE,10.265613245,136.4886955,5.67553,150465.0,,0.0921446830034256
K00841.03,5792202,1,CONFIRMED,6.54626149,133.85964,2.75,655.9,,0.07001451402902603
K03200.01,11153259,0,FALSE POSITIVE,1.94468659,133.2347,18.22,455.5,,0.25
K01078.01,10166274,1,CONFIRMED,3.353732008,134.869597,1.4598,1264.7,,0.07254604995250702
K02398.01,6199056,0,FALSE POSITIVE,1.169010526,131.738567,1.1717,165.9,,0.16705010831356049
K02877.01,7019524,1,CONFIRMED,5.30873978,134.25061,3.018,127.5,,0.09474942088127136
K01779.01,9909735,1,CONFIRMED,4.66271902,134.08296,2.757,1630.6,,0.09854765236377716
K07962.01,9777089,0,FALSE POSITIVE,19.229478,132.5889,4.68,115.8,,0.04056272283196449
K00560.01,6501635,1,CONFIRMED,23.67513153,179.27676,4.647,980.4,,0.03271365165710449
K02221.01,6287313,1,CONFIRMED,10.62788695,137.81843,4.576,326.7,,0.07176089286804199
K06822.01,7115332,0,FALSE POSITIVE,0.566794934,131.84569,4.399,68.9,,0.25
K06928.01,7885518,0,FALSE POSITIVE,1.72933255,132.5413,3.631,29.7,,0.25
K07374.01,10809677,0,FALSE POSITIVE,3.521050679,134.218545,3.5323,4879.8,,0.16719914972782135
K06669.01,6147573,0,FALSE POSITIVE,25.836831272,137.3641956,6.32201,145045.0,,0.04078163951635361
K01554.01,9899355,0,FALSE POSITIVE,1.332564478,354.58908,6.0325,1071.5,,0.25
K00356.01,11624249,1,CONFIRMED,1.82708193,170.52583,1.96401,1164.7,,0.17915725708007812
K02650.02,8890150,1,CONFIRMED,7.05429483,136.18961,1.716,359.3,,0.04054267704486847
K02051.02,7265298,1,CONFIRMED,11.0317836,362.3431,4.753,182.3,,0.07180766761302948
K00312.02,7050989,1,CONFIRMED,16.39926461,131.96806,3.4108,220.8,,0.03466415777802467
K01089.02,3247268,1,CONFIRMED,12.21828097,140.321095,2.6969,1843.4,,0.03678777068853378
K07887.01,8460634,0,FALSE POSITIVE,6.35216475,134.1982,3.251,185.7,,0.08529900759458542
K00691.02,8480285,1,CONFIRMED,16.2254975,144.02673,6.471,120.4,,0.0664694532752037
K01408.01,9150827,1,CONFIRMED,14.53410833,145.42643,3.3094,510.6,,0.0379498116672039
K00572.01,8193178,1,CONFIRMED,10.64021008,179.77776,5.4381,455.3,,0.0851815864443779
K04382.01,6937529,1,CONFIRMED,2.94648935,132.42208,3.155,57.0,,0.1784609705209732
K01392.01,9040849,0,FALSE POSITIVE,4.118775582,357.261244,3.76,2647.7,,0.1521487832069397
K03572.01,4743508,0,FALSE POSITIVE,2.086076372,133.416141,2.4032,58858.0,,0.19200319051742554
K04127.01,5088400,1,CONFIRMED,8.82715783,139.73416,2.019,368.6,,0.03812098875641823
K05253.01,6263468,0,FALSE POSITIVE,10.1955065,140.26643,2.447,221.4,,0.040001280605793
K00314.01,7603200,1,CONFIRMED,13.78109471,177.852785,2.3188,756.0,,0.028043249621987343
K04905.01,12021811,0,FALSE POSITIVE,0.739404894,131.69907,1.753,246.8,,0.25
K05735.01,9934274,0,FALSE POSITIVE,4.99471597,136.1833,3.44,53.0,,0.11478797346353531
K03714.01,11564013,0,FALSE POSITIVE,0.875267982,132.03224,1.6038,11701.0,,0.25
K02907.01,2708885,0,FALSE POSITIVE,1.146934644,132.2666,1.7247,256.2,,0.25
K05636.01,9180282,0,FALSE POSITIVE,2.79123954,131.94858,2.843,154.8,,0.16975732147693634
K05686.01,9489348,0,FALSE POSITIVE,3.34465934,134.7267,10.796,57.6,,0.25
K07005.01,8265520,0,FALSE POSITIVE,6.2089181,136.6828,2.292,1664.0,,0.0615244060754776
K01994.01,3328026,0,FALSE POSITIVE,2.115498574,134.11259,6.738,444.2,,0.25
K00941.01,9480189,1,CONFIRMED,6.581477136,174.787814,3.0896,2318.9,,0.07823978364467621
K06505.01,5038469,0,FALSE POSITIVE,1.36840167,131.5320332,4.58,,,0.25
K00818.01,4913852,1,CONFIRMED,8.11437482,176.33968,2.2736,1558.0,,0.04669901728630066
K05571.01,8766285,0,FALSE POSITIVE,5.29730786,135.55681,4.02,190.8,,0.1264793425798416
K04683.01,4843592,0,FALSE POSITIVE,0.967073359,131.604602,2.4875,773.5,,0.25
K01573.01,5031857,1,CONFIRMED,24.81097206,156.506971,3.2245,2090.8,,0.021660443395376205
K00109.01,4752451,0,FALSE POSITIVE,6.41496453,132.86482,3.9015,201.2,,0.10136455297470093
K00320.01,8700558,0,FALSE POSITIVE,4.79179893,173.51679,2.9283,123.9,,0.10185109823942184
K06868.01,7366065,0,FALSE POSITIVE,0.566803738,131.79343,1.8481,100.6,,0.25
K01432.02,11014932,1,CONFIRMED,15.0549356,144.575,4.801,256.4,,0.053149789571762085
K03824.01,6516874,0,FALSE POSITIVE,0.916326699,131.80905,3.1427,96384.0,,0.25
K04732.01,7870282,0,FALSE POSITIVE,0.580725004,131.73303,2.071,105.2,,0.25
K07803.01,7031066,0,FALSE POSITIVE,0.566805514,131.8162,4.367,85.3,,0.25
K04652.01,5817685,0,FALSE POSITIVE,4.2059745,132.2828,8.006,41.2,,0.25
K00714.01,9702072,1,CONFIRMED,4.182001885,172.789576,2.2209,847.4,,0.08851024508476257
K06385.01,4076952,0,FALSE POSITIVE,9.761172507,133.7034265,11.4007,205866.0,,0.19466069340705872
K02919.01,10332213,1,CONFIRMED,2.522590567,131.64534,1.406,210.2,,0.09289392083883286
K03006.01,8758136,0,FALSE POSITIVE,0.998212785,131.81898,2.489,118.8,,0.25
K04724.01,8395860,0,FALSE POSITIVE,20.8822079,151.6953,4.556,1107.0,,0.03636269271373749
K03708.01,6314173,0,FALSE POSITIVE,1.433262401,132.822635,6.2205,428557.0,,0.25
K03025.01,9716391,1,CONFIRMED,13.1829329,141.82648,3.594,518.0,,0.045437537133693695
K03804.01,7831363,0,FALSE POSITIVE,2.81753381,132.8937,2.1551,3836.0,,0.12748146057128906
K00715.01,9834719,0,FALSE POSITIVE,1.621668852,170.358337,1.7517,7662.0,,0.18003058433532715
K02048.01,8956206,1,CONFIRMED,6.17998508,132.72278,2.1094,750.5,,0.056887947022914886
K07328.01,10454401,0,FALSE POSITIVE,12.180721266,139.3460044,4.15602,414950.0,,0.05686609074473381
K01797.01,10676014,1,CONFIRMED,16.78175788,139.79356,3.7386,908.0,,0.03712960332632065
K06658.01,6060580,0,FALSE POSITIVE,2.313367981,133.1999763,2.42645,13437.5,,0.1748136579990387
K04400.01,2831055,1,CONFIRMED,2.20923119,131.90288,2.392,59.8,,0.18045493960380554
K05875.01,11176166,1,CONFIRMED,9.8788502,134.3829,2.951,454.7,,0.04978649690747261
K00878.01,7303253,1,CONFIRMED,23.58917143,173.81994,5.073,1200.7,,0.035842716693878174
K00270.01,6528464,1,CONFIRMED,12.58229808,175.02129,6.375,118.7,,0.08444403111934662
K05894.01,11401845,0,FALSE POSITIVE,1.080695116,131.86822,7.449,312773.0,,0.25
K00934.02,9334289,1,CONFIRMED,12.41216347,142.54039,3.739,611.3,,0.050206128507852554
K06419.01,4484312,0,FALSE POSITIVE,2.24294107,133.47862,2.532,39.4,,0.18814583122730255
K07127.01,9049010,0,FALSE POSITIVE,0.687004402,131.86316,3.829,93.7,,0.25
K06675.01,6207053,0,FALSE POSITIVE,0.604755462,131.84831,1.3741,334.5,,0.25
K02277.01,2860793,0,FALSE POSITIVE,2.62982665,132.08013,6.213,126.4,,0.25
K01172.01,10341913,0,FALSE POSITIVE,0.933749106,134.31831,4.256,186.2,,0.25
K06870.01,7369523,0,FALSE POSITIVE,2.659418888,133.3208183,6.98414,305233.0,,0.25
K06595.01,5534476,0,FALSE POSITIVE,1.02547271,131.6002,1.996,27.0,,0.25
K04585.01,9009036,1,CONFIRMED,6.76289308,135.6771,6.204,50.9,,0.15289314091205597
K02885.01,11100670,0,FALSE POSITIVE,20.2340219,141.38622,3.674,193.6,,0.03026256151497364
K06871.01,7376982,0,FALSE POSITIVE,2.31610674,132.3383,3.347,33.6,,0.2408495843410492
K03667.01,11200767,0,FALSE POSITIVE,2.489549075,132.045037,2.4345,2829.7,,0.162981316447258
K01541.01,4840513,0,FALSE POSITIVE,2.379282197,133.651365,3.1729,48434.0,,0.22225891053676605
K00283.01,5695396,1,CONFIRMED,16.09196369,170.598832,2.8943,415.8,,0.029976660385727882
K03306.01,6615511,1,CONFIRMED,25.1593389,153.0404,5.198,358.1,,0.034433867782354355
K03938.01,3865595,0,FALSE POSITIVE,5.59187448,132.87618,1.6782,236.4,,0.05001900717616081
K03194.01,12004971,0,FALSE POSITIVE,10.81315417,131.65931,1.275,80.3,,0.01965199038386345
K02335.01,2990873,1,CONFIRMED,16.22378479,136.02454,2.5462,262.3,,0.026157069951295853
K06445.01,4753988,0,FALSE POSITIVE,7.304451735,135.0252768,4.09326,143628.0,,0.09339646995067596
K01151.03,8280511,1,CONFIRMED,5.24970432,135.46911,2.746,61.9,,0.0871795117855072
K06984.01,8178616,0,FALSE POSITIVE,1.01884975,132.0857,3.233,30.9,,0.25
K03516.01,9658118,0,FALSE POSITIVE,24.0612744,138.38747,19.9438,440146.0,,0.13814590871334076
K01451.01,9632895,0,FALSE POSITIVE,27.32204488,159.7472774,5.6716,77474.5,,0.03459721431136131
K04206.01,8487805,0,FALSE POSITIVE,0.530959357,131.73991,2.417,84.4,,0.25
K06509.01,5080346,0,FALSE POSITIVE,2.31169425,132.3203,8.689,38.4,,0.25
K02559.01,6605493,1,CONFIRMED,9.30991834,136.39785,3.455,114.5,,0.06185159832239151
K01252.01,8737796,0,FALSE POSITIVE,0.885747456,134.486834,4.4788,895.2,,0.25
K00142.01,5446285,1,CONFIRMED,10.916108342,133.009227,3.6496,1479.0,,0.055721934884786606
K07159.01,9328852,0,FALSE POSITIVE,0.64585177,131.889136,1.97644,308504.0,,0.25
K00937.01,9406990,1,CONFIRMED,20.83426731,176.58569,4.0454,988.4,,0.032361749559640884
K03868.01,9178185,0,FALSE POSITIVE,2.992704682,133.29518,1.2585,361.1,,0.07008710503578186
K00115.02,9579641,1,CONFIRMED,7.12594387,139.00492,3.0014,192.4,,0.07019888609647751
K07211.01,9641031,0,FALSE POSITIVE,1.089077111,132.024245,3.8834,304072.0,,0.25
K04741.01,8129005,0,FALSE POSITIVE,7.1403113,137.9994,5.891,112.1,,0.1375056803226471
K02299.01,9963265,1,CONFIRMED,16.48686712,139.20338,1.431,987.9,,0.014466059394180775
K00943.01,9513865,1,CONFIRMED,3.601465336,171.99184,2.2753,777.7,,0.1052951067686081
K02636.01,6198182,1,CONFIRMED,3.88148385,135.12314,2.679,36.3,,0.11503332853317261
K03725.01,3459199,0,FALSE POSITIVE,1.570518376,132.340523,3.2035,2213.2,,0.25
K03802.01,5020044,0,FALSE POSITIVE,2.119100054,132.59118,8.2163,1651.1,,0.25
K06324.01,3337438,0,FALSE POSITIVE,2.97606298,132.9637,4.124,72.2,,0.2309538871049881
K01106.01,3240158,1,CONFIRMED,7.42608123,139.90039,3.6379,443.3,,0.08164691925048828
K01820.02,8277797,1,CONFIRMED,1.653889476,132.18845,1.7242,124.4,,0.1737520396709442
K01570.01,8082001,1,CONFIRMED,6.33855946,354.85104,3.4617,721.7,,0.09102226048707962
K02749.01,8687088,0,FALSE POSITIVE,0.905037231,132.21703,1.4351,37.5,,0.25
K02849.01,10064256,1,CONFIRMED,5.95958637,135.00822,2.899,133.1,,0.08107385784387589
K02715.01,9837661,1,CONFIRMED,11.12827427,139.54417,2.6118,6057.0,,0.03911657631397247
K04606.01,4845862,0,FALSE POSITIVE,2.44926655,132.82121,2.988,108.2,,0.20332618057727814
K03793.01,4037163,0,FALSE POSITIVE,0.635441862,131.966607,1.9827,147609.0,,0.25
K00387.01,3733628,1,CONFIRMED,13.89963233,182.864454,3.5791,1121.7,,0.04291600361466408
K06940.01,7960547,0,FALSE POSITIVE,6.767341062,135.2655184,4.49213,244952.0,,0.11063256859779358
K04306.01,8149484,0,FALSE POSITIVE,1.489457454,131.99809,3.028,56.3,,0.25
K00658.03,6062088,1,CONFIRMED,11.32977062,133.96755,3.845,162.4,,0.056561898440122604
K03738.01,5478083,0,FALSE POSITIVE,15.85231085,142.52451,4.8707,437862.0,,0.05120914801955223
K06730.01,6548447,0,FALSE POSITIVE,10.768391927,137.679347,12.5252,107382.0,,0.19385747611522675
K06443.01,4739565,0,FALSE POSITIVE,0.898932836,131.81613,2.437,61.1,,0.25
K02608.01,6269070,1,CONFIRMED,2.7612237,131.6081,3.681,66.8,,0.22218409180641174
K00148.01,5735762,1,CONFIRMED,4.77800306,124.061465,2.7361,473.0,,0.09544084966182709
K01676.01,5443775,0,FALSE POSITIVE,3.307669761,131.56743,1.672,243.1,,0.08424863964319229
K05460.01,8016211,0,FALSE POSITIVE,3.1748772,133.7621,7.089,1741.0,,0.25
K02511.01,8429566,0,FALSE POSITIVE,3.732261,131.93795,2.054,153.6,,0.091722771525383
K00957.01,7661409,0,FALSE POSITIVE,3.14051153,178.4691,8.2806,1444.4,,0.25
K01827.01,10031707,0,FALSE POSITIVE,8.58966893,132.01936,6.962,429.6,,0.13508476316928864
K02541.02,12306058,1,CONFIRMED,20.4853893,146.9183,10.229,89.5,,0.0832219123840332
K01498.02,9636135,1,CONFIRMED,2.42150341,133.83517,2.965,171.5,,0.20407432317733765
K06828.01,7116236,0,FALSE POSITIVE,0.566793818,131.8298,4.929,100.3,,0.25
K07225.01,9711751,0,FALSE POSITIVE,0.855763492,132.351325,3.64361,131660.0,,0.25
K06723.01,6522353,0,FALSE POSITIVE,0.845097627,132.12136,1.873,86.5,,0.25
K00736.01,10340423,1,CONFIRMED,18.79418506,177.79426,3.2906,1529.0,,0.029181011021137238
K08059.01,11612241,0,FALSE POSITIVE,4.5647147,133.0763,13.395,99.3,,0.25
K06894.01,7622072,0,FALSE POSITIVE,6.373454978,136.899832,3.9377,6084.6,,0.10297136008739471
K00277.02,11401755,1,CONFIRMED,13.84984567,141.64914,7.2783,84.6,,0.08758581429719925
K03954.01,8030339,0,FALSE POSITIVE,0.65244373,132.05504,1.471,610.7,,0.25
K03846.01,7983756,0,FALSE POSITIVE,5.24078259,136.54913,5.238,592.6,,0.16657817363739014
K02278.02,3342794,1,CONFIRMED,4.92031063,135.40577,4.046,81.0,,0.13705097138881683
K03100.01,7107561,0,FALSE POSITIVE,0.812587678,131.56261,1.1144,62.9,,0.22857020795345306
K07491.01,11913052,0,FALSE POSITIVE,3.74785307,134.17465,3.444,145.9,,0.15315434336662292
K06300.01,2973509,0,FALSE POSITIVE,6.62761199,132.5466377,6.15281,227141.0,,0.15472666919231415
K06338.01,3542573,0,FALSE POSITIVE,3.471399214,133.7510303,5.07707,92284.9,,0.24375714361667633
K00993.02,1718189,1,CONFIRMED,13.0607936,137.63148,3.215,236.6,,0.04102609306573868
K06623.01,5736461,0,FALSE POSITIVE,7.346159047,136.8912771,6.5974,121807.0,,0.14967912435531616
K06334.01,3440230,0,FALSE POSITIVE,2.881100027,134.238752,9.43866,662832.0,,0.25
K01198.02,3447722,1,CONFIRMED,10.30067919,142.74251,4.885,271.8,,0.07904009521007538
K06593.01,5529560,0,FALSE POSITIVE,0.759755409,131.79602,2.734,70.0,,0.25
K06389.01,4150703,0,FALSE POSITIVE,8.6532378,134.3027,2.974,126.0,,0.05728106200695038
K00672.03,7115785,0,FALSE POSITIVE,0.56680081,131.81737,3.6116,127.7,,0.25
K06845.01,7203179,0,FALSE POSITIVE,2.245738777,133.2650421,8.61629,483487.0,,0.25
K00233.01,5023956,0,FALSE POSITIVE,1.824649,147.482662,4.2285,3218.5,,0.25
K01207.01,3732821,1,CONFIRMED,13.73474071,142.32752,2.769,746.4,,0.03360092639923096
K04537.01,4848115,0,FALSE POSITIVE,0.969602551,131.93121,1.728,111.0,,0.25
K05510.01,8380743,0,FALSE POSITIVE,1.018861199,132.07252,6.5005,291214.0,,0.25
K07955.01,9651155,0,FALSE POSITIVE,1.07383154,132.0326,4.846,31355.0,,0.25
K00708.01,9530945,1,CONFIRMED,17.40665216,171.00688,6.864,586.9,,0.06572200357913971
K07379.01,10847907,0,FALSE POSITIVE,0.535493486,131.743209,2.57,54.0,,0.25
K04171.01,10858785,0,FALSE POSITIVE,0.952371227,132.34095,3.926,352.5,,0.25
K03070.01,6072593,0,FALSE POSITIVE,5.07538255,133.92978,1.7,163.1,,0.055825021117925644
K01270.02,8564587,1,CONFIRMED,11.60908533,133.99324,2.2603,489.3,,0.03245015814900398
K06036.01,7362852,0,FALSE POSITIVE,3.518356021,131.8005089,6.90375,316750.0,,0.25
K07828.01,7210749,0,FALSE POSITIVE,17.5859472,138.7798,3.815,509.5,,0.036155764013528824
K07473.01,11706658,0,FALSE POSITIVE,1.407937865,132.26921,1.585,50793.0,,0.1876266449689865
K03995.01,7418173,0,FALSE POSITIVE,0.780632043,132.190835,1.4109,736.5,,0.25
K04956.01,2850321,0,FALSE POSITIVE,25.2218929,143.6316,14.84,,,0.09806295484304428
K00708.02,9530945,1,CONFIRMED,7.69363627,176.5035,5.0324,295.1,,0.10901650786399841
K02565.01,12216278,0,FALSE POSITIVE,2.01948607,132.9238,5.248,275.4,,0.25
K06628.01,5802470,0,FALSE POSITIVE,3.79187443,134.134368,3.5521,230736.0,,0.1561277061700821
K05270.02,6363560,0,FALSE POSITIVE,0.907818056,131.91608,1.679,29.5,,0.25
K00837.01,5531576,1,CONFIRMED,7.953547,174.66224,2.6312,875.4,,0.055136825889348984
K02815.01,9665922,0,FALSE POSITIVE,1.545388842,132.63059,3.037,52.8,,0.25
K04029.01,11569475,0,FALSE POSITIVE,1.31723412,132.13735,7.284,422.7,,0.25
K04243.01,9777757,0,FALSE POSITIVE,1.33254212,132.0554,3.848,37.4,,0.25
K06462.01,4851356,0,FALSE POSITIVE,1.23513471,132.0046,5.44,42.8,,0.25
K02573.01,8256453,0,FALSE POSITIVE,1.347512632,132.127858,1.9817,2651.8,,0.24510592222213745
K01937.01,10190777,1,CONFIRMED,1.411230023,132.641925,1.4325,388.2,,0.16917864978313446
K02106.01,12017109,1,CONFIRMED,9.75374033,134.06014,2.348,430.8,,0.04012136161327362
K00475.01,10577994,1,CONFIRMED,8.1808949,176.69885,2.7546,723.5,,0.05611855536699295
K03184.02,4735826,1,CONFIRMED,11.3220104,142.7143,5.86,17.1,,0.08626265078783035
K07801.01,7013923,0,FALSE POSITIVE,2.21396079,132.5689,3.452,119.4,,0.25
K07357.01,10662021,0,FALSE POSITIVE,1.23140522,131.7715,3.338,51.3,,0.25
K00800.01,3342970,1,CONFIRMED,2.711504086,170.03417,3.0099,837.5,,0.18500801920890808
K02952.01,8243283,0,FALSE POSITIVE,1.7592691,132.07552,2.381,140.4,,0.22556716203689575
K06313.01,3241662,0,FALSE POSITIVE,1.70332915,132.47294,1.663,98.5,,0.16272056102752686
K07826.01,7203326,0,FALSE POSITIVE,9.087508013,137.2042403,2.7597,140.6,,0.050613436847925186
K04380.01,7777818,0,FALSE POSITIVE,5.78159956,136.77178,2.222,72.8,,0.06405378133058548
K05584.01,8935352,0,FALSE POSITIVE,10.90962154,135.36692,17.8024,499921.0,,0.25
K00432.01,10858832,1,CONFIRMED,5.263415218,174.351207,2.1446,1030.7,,0.06790900975465775
K07196.01,9592855,0,FALSE POSITIVE,0.609662423,131.946514,4.24033,140917.0,,0.25
K07929.01,9159198,0,FALSE POSITIVE,3.04463691,132.4477,6.656,47.0,,0.25
K02235.01,8076630,0,FALSE POSITIVE,0.861643331,131.80744,2.4318,232.5,,0.25
K00703.01,9162741,0,FALSE POSITIVE,1.368617188,169.95175,1.6235,126.9,,0.19770564138889313
K04141.01,3241248,0,FALSE POSITIVE,0.978046982,131.68639,2.6137,838.8,,0.25
K00877.01,7287995,1,CONFIRMED,5.95489993,170.955871,2.3892,1410.7,,0.06686930358409882
K06230.01,10735988,0,FALSE POSITIVE,1.927177921,132.571474,2.7742,136135.0,,0.2399190366268158
K07060.01,8565900,0,FALSE POSITIVE,1.64125844,131.9294,4.51,,,0.25
K03162.01,9752973,0,FALSE POSITIVE,0.716709761,132.05103,0.6969,68.4,,0.16206002235412598
K06834.01,7132015,0,FALSE POSITIVE,6.99510404,136.6223392,1.7556,71.8,,0.04182925447821617
K02053.02,2307415,1,CONFIRMED,4.6126736,132.7757,3.0643,133.2,,0.11072031408548355
K01410.01,9391506,1,CONFIRMED,15.74958583,150.24579,4.6672,659.5,,0.049389660358428955
K06001.01,5385150,0,FALSE POSITIVE,12.4288476,141.2012,16.43,165.4,,0.22032077610492706
K08004.01,10383729,0,FALSE POSITIVE,0.734548624,132.16826,2.207,58.6,,0.25
K00803.01,3554600,0,FALSE POSITIVE,7.544039,171.7982,6.222,322.6,,0.13745951652526855
K07367.01,10736223,0,FALSE POSITIVE,1.105094098,132.5461998,4.38191,730498.0,,0.25
K01233.01,6545358,0,FALSE POSITIVE,1.171536413,178.597581,1.5878,1132.7,,0.22588570415973663
K00105.01,8711794,1,CONFIRMED,8.981014925,136.649307,1.8478,1059.3,,0.0342908538877964
K03847.01,7289165,0,FALSE POSITIVE,5.26641416,131.69998,2.4404,223.8,,0.07723154872655869
K02230.01,8914779,0,FALSE POSITIVE,0.987338654,131.88155,2.591,26.5,,0.25
K02944.01,6781548,0,FALSE POSITIVE,9.12209336,138.83306,4.347,906.8,,0.07942255586385727
K01831.04,11601584,1,CONFIRMED,13.97945055,142.33829,1.2325,356.1,,0.01469418779015541
K04031.01,3228986,0,FALSE POSITIVE,0.730949487,132.22503,2.367,87.3,,0.25
K01815.01,9872283,1,CONFIRMED,3.126861192,133.724959,1.1926,794.6,,0.06356747448444366
K04067.01,5530112,1,CONFIRMED,9.6887216,131.8295,2.0,655.5,,0.03440426290035248
K03840.01,5467102,0,FALSE POSITIVE,2.845739012,134.279738,11.9327,24391.8,,0.25
K07308.01,10294608,0,FALSE POSITIVE,1.854491777,132.4915806,5.14771,383431.0,,0.25
K07132.01,9098810,0,FALSE POSITIVE,8.258181993,131.5010463,3.9122,311858.0,,0.07895603775978088
K02262.01,6634133,0,FALSE POSITIVE,9.94221873,133.84961,2.453,486.5,,0.04112093523144722
K00305.01,6063220,1,CONFIRMED,4.603575293,171.840124,2.3499,440.4,,0.08507517725229263
K01833.03,11853878,1,CONFIRMED,5.70940795,137.12208,1.622,586.7,,0.0473487488925457
K02346.01,8561231,1,CONFIRMED,28.6853212,159.87094,6.307,689.1,,0.03664475679397583
K01961.01,7269493,1,CONFIRMED,1.907810683,131.63784,1.8707,120.5,,0.16342467069625854
K06057.01,8458207,0,FALSE POSITIVE,3.530164642,134.77535,4.11466,69923.0,,0.19426195323467255
K06909.01,7707736,0,FALSE POSITIVE,0.758355704,131.863972,4.4135,9568.3,,0.25
K01930.04,5511081,1,CONFIRMED,9.34145925,132.38581,6.18,81.7,,0.11026114225387573
K04006.02,5471690,0,FALSE POSITIVE,0.962815183,132.21629,2.581,20.7,,0.25
K02888.01,12023078,0,FALSE POSITIVE,0.623441939,131.990423,1.4053,128.1,,0.25
K07972.01,9899256,0,FALSE POSITIVE,1.33254024,132.0784,3.16,35.8,,0.25
K06024.01,6191945,0,FALSE POSITIVE,6.8072842,135.5474,1.9477,14578.0,,0.04768666252493858
K04112.01,3348090,0,FALSE POSITIVE,2.43585046,132.89661,2.088,60.5,,0.14286591112613678
K02378.01,10813132,1,CONFIRMED,4.76702759,132.69368,2.013,163.4,,0.07037928700447083
K04944.01,2569488,0,FALSE POSITIVE,1.52327807,132.3306,3.813,924.2,,0.25
K07937.01,9429631,0,FALSE POSITIVE,4.18587282,132.41733,1.998,99.4,,0.07955329865217209
K01922.01,9411166,1,CONFIRMED,1.954525966,132.29679,2.0944,392.8,,0.17859402298927307
K04089.01,11972872,0,FALSE POSITIVE,0.531106622,131.906467,3.0293,5133.6,,0.25
K00149.01,3835670,1,CONFIRMED,14.55730897,145.095012,7.7643,956.9,,0.08889348804950714
K06257.01,2012722,0,FALSE POSITIVE,2.32539968,132.12985,16.791,288.1,,0.25
K03598.01,2437149,0,FALSE POSITIVE,18.79862195,138.028268,7.4782,380204.0,,0.06630095839500427
K06227.01,10614158,0,FALSE POSITIVE,4.46255312,133.64977,14.0957,22720.0,,0.25
K06058.01,8580438,0,FALSE POSITIVE,6.496031958,135.4687416,5.21924,108889.0,,0.13390842080116272
K06000.01,5385139,0,FALSE POSITIVE,12.4297161,141.2846,15.078,192.7,,0.2021767795085907
K03944.01,4864734,0,FALSE POSITIVE,1.845610523,131.80574,2.337,374.1,,0.21104127168655396
K01336.02,4077526,1,CONFIRMED,15.573637,132.44282,5.326,468.1,,0.056998033076524734
K02438.01,5078939,0,FALSE POSITIVE,1.958577398,132.26115,2.388,453.0,,0.20320871472358704
K06051.01,8153568,0,FALSE POSITIVE,3.60727417,133.77548,14.0841,841897.0,,0.25
K01212.01,3749134,1,CONFIRMED,11.30123036,134.91855,4.022,277.1,,0.05931507423520088
K02181.01,8591173,1,CONFIRMED,12.2885046,141.61869,2.807,342.1,,0.038070809096097946
K06714.01,6449552,0,FALSE POSITIVE,20.148807707,135.8116283,8.52557,526949.0,,0.07052170485258102
K01719.01,9899483,0,FALSE POSITIVE,1.332561398,132.0511,4.103,150.6,,0.25
K01131.01,8435247,0,FALSE POSITIVE,0.696125302,354.767068,2.0054,14966.0,,0.25
K06466.01,4863753,0,FALSE POSITIVE,1.000012952,131.7614,1.221,36.0,,0.20349736511707306
K03977.01,3245661,0,FALSE POSITIVE,0.7088055,132.168239,3.6789,17575.0,,0.25
K02491.01,9229657,1,CONFIRMED,2.66831274,131.68823,2.4141,266.2,,0.15078817307949066
K00959.01,10002261,0,FALSE POSITIVE,12.713794177,175.0725677,2.44093,36718.7,,0.03199844807386398
K02529.01,8463346,1,CONFIRMED,16.79716262,134.0417,3.83,1023.8,,0.03800245001912117
K04473.01,7133294,1,CONFIRMED,13.6471211,132.2552,8.331,75.0,,0.10174307227134705
K01270.01,8564587,1,CONFIRMED,5.729317577,138.559971,1.1816,865.4,,0.03437291458249092
K06123.01,4990977,0,FALSE POSITIVE,2.649026189,133.379281,2.4698,52172.0,,0.1553904414176941
K07966.01,9838537,0,FALSE POSITIVE,1.33257715,132.0367,5.158,27.1,,0.25
K07751.01,5895083,0,FALSE POSITIVE,2.25161215,131.54653,2.1,23.9,,0.1554441750049591
K06544.01,5218014,0,FALSE POSITIVE,10.845286549,138.334343,4.3876,7473.8,,0.0674271434545517
K00677.01,7466863,0,FALSE POSITIVE,11.9710626,171.08425,2.7607,421.8,,0.038435742259025574
K07748.01,5887393,0,FALSE POSITIVE,1.55090374,131.61966,3.028,11.3,,0.25
K00781.01,11923270,1,CONFIRMED,11.59822233,180.395376,2.5237,2804.5,,0.03626561537384987
K07198.01,9596187,0,FALSE POSITIVE,0.953299962,131.699309,1.69478,2236.6,,0.25
K01699.01,7137725,0,FALSE POSITIVE,2.253551793,132.4798,3.66,119.6,,0.25
K07721.01,5201593,0,FALSE POSITIVE,0.50727675,131.77681,2.32,214.7,,0.25
K01731.02,8266276,0,FALSE POSITIVE,0.837898153,131.98187,2.104,268.9,,0.25
K02393.02,4665571,1,CONFIRMED,0.766691517,132.19667,1.2638,244.0,,0.25
K01349.01,6847018,0,FALSE POSITIVE,16.66216657,142.186468,3.8762,27442.0,,0.03877246752381325
K02234.01,9635510,0,FALSE POSITIVE,2.35197616,131.90696,5.304,268.0,,0.25
K04164.01,8254882,0,FALSE POSITIVE,0.92565941,132.11002,1.488,30.0,,0.25
K01515.02,7871954,1,CONFIRMED,7.06117322,136.27344,1.0406,481.7,,0.024561546742916107
K02549.01,10679583,0,FALSE POSITIVE,3.54789928,133.78212,2.861,185.3,,0.13439877331256866
K01911.01,9965957,1,CONFIRMED,5.75321539,136.75617,1.7948,733.8,,0.051994115114212036
K00547.03,12116489,1,CONFIRMED,12.3860474,132.8175,2.604,151.3,,0.035039424896240234
K07569.01,6527050,0,FALSE POSITIVE,0.87985197,131.7662713,1.3,,,0.24625355005264282
K05991.01,3869326,0,FALSE POSITIVE,8.58599537,136.21367,2.4078,818.0,,0.04673890396952629
K06367.01,3851193,0,FALSE POSITIVE,1.341078755,131.8392432,3.86492,112151.0,,0.25
K02473.01,8753896,1,CONFIRMED,3.24417541,132.94014,1.992,371.9,,0.10233725607395172
K06735.01,6591789,0,FALSE POSITIVE,5.08840787,134.3553111,4.77204,386682.0,,0.15630429983139038
K08073.01,12004656,0,FALSE POSITIVE,2.52123022,132.8709,4.739,145.9,,0.25
K04783.01,4645833,0,FALSE POSITIVE,0.743495989,132.18904,2.255,172.8,,0.25
K04897.01,9910828,0,FALSE POSITIVE,8.48032079,135.85214,5.791,170.7,,0.11381252110004425
K06831.01,7118545,0,FALSE POSITIVE,14.797219157,144.6959608,7.61037,252699.0,,0.08571846783161163
K05318.01,6707260,0,FALSE POSITIVE,13.4256161,144.7838,11.781,142.3,,0.14625027775764465
K06737.01,6594972,0,FALSE POSITIVE,10.819169459,132.9864665,5.50262,437142.0,,0.08476652204990387
K04139.01,9956082,1,CONFIRMED,3.74031708,134.70305,2.394,165.6,,0.10667544603347778
K04493.01,3953173,0,FALSE POSITIVE,2.41795911,132.5063,2.727,100.5,,0.1879684329032898
K02084.01,3967326,1,CONFIRMED,4.19577385,135.17605,2.1557,874.2,,0.08562981337308884
K02783.01,5709889,0,FALSE POSITIVE,0.526887517,131.86561,0.8971,119.9,,0.25
K02246.01,9458343,1,CONFIRMED,11.89520436,132.8908,3.433,184.3,,0.04810061678290367
K02965.01,8429415,0,FALSE POSITIVE,1.352564873,132.04752,3.469,56.7,,0.25
K07303.01,10274244,0,FALSE POSITIVE,13.68369259,135.2108067,4.22504,185514.0,,0.05146076902747154
K03090.02,6609270,0,FALSE POSITIVE,15.0367776,133.6558,3.042,503.5,,0.033717330545186996
K02090.01,11348997,1,CONFIRMED,5.132486123,132.15985,1.4575,908.4,,0.047329239547252655
K02685.01,9612825,0,FALSE POSITIVE,2.846517614,133.24348,4.228,2154.4,,0.24755394458770752
K03959.01,9282769,0,FALSE POSITIVE,1.332567005,132.0492,6.3373,401.3,,0.25
K01883.01,11758544,1,CONFIRMED,2.7073064,132.43068,3.4378,69.5,,0.21163716912269592
K02420.01,7107802,1,CONFIRMED,10.41728722,137.45784,4.125,210.4,,0.06599606573581696
K00767.01,11414511,1,CONFIRMED,2.816504904,170.9676846,2.50587,16813.7,,0.14828485250473022
K00569.01,8008206,1,CONFIRMED,20.72904234,185.43113,2.8066,561.7,,0.02256576344370842
K03623.01,7732791,0,FALSE POSITIVE,1.032068851,131.8383,2.1344,121993.0,,0.25
K07027.01,8378656,0,FALSE POSITIVE,3.62944008,134.701164,5.94104,130083.0,,0.25
K02054.01,9156585,0,FALSE POSITIVE,22.32423657,134.44763,3.669,1299.3,,0.02739175409078598
K02284.01,3851130,0,FALSE POSITIVE,2.69787749,133.65962,1.915,116.8,,0.11830287426710129
K04888.01,8288741,0,FALSE POSITIVE,0.659299289,131.738727,0.6908,1118.5,,0.17462985217571259
K07458.01,11560447,0,FALSE POSITIVE,0.527678272,131.8133693,2.33166,247744.0,,0.25
K04600.01,2694632,0,FALSE POSITIVE,0.92225589,131.8088,4.227,33.0,,0.25
K00408.04,5351250,1,CONFIRMED,3.42806306,132.36268,2.417,178.4,,0.11751048266887665
K00537.01,11073351,1,CONFIRMED,2.820190603,170.787705,2.554,467.5,,0.15093542635440826
K00996.01,3858824,0,FALSE POSITIVE,25.9518536,154.88278,14.755,2017.9,,0.09475880861282349
K03828.01,10031907,0,FALSE POSITIVE,8.58965725,132.01852,8.9793,1161.5,,0.17422696948051453
K03084.01,3324986,0,FALSE POSITIVE,1.540411479,131.99239,1.703,107.1,,0.1842581331729889
K02280.01,2439243,1,CONFIRMED,26.0203329,154.5286,4.965,1164.4,,0.03180205449461937
K03747.02,9777087,0,FALSE POSITIVE,19.226055,132.6309,2.949,3266.0,,0.025564266368746758
K02765.01,11188249,0,FALSE POSITIVE,2.75505467,133.42201,3.426,85.5,,0.20725540816783905
K06899.01,7668648,0,FALSE POSITIVE,27.81892382,158.10282,8.3777,238224.0,,0.05019185319542885
K03729.01,9674592,0,FALSE POSITIVE,6.87366398,136.13966,7.0845,9766.9,,0.1717788428068161
K07831.01,7282168,0,FALSE POSITIVE,0.56681727,131.7715,1.779,35.9,,0.25
K02409.01,10024051,1,CONFIRMED,0.577369336,132.425795,1.0852,400.4,,0.25
K02483.01,9851662,1,CONFIRMED,15.0539886,135.53329,4.422,221.5,,0.04895712435245514
K03644.01,12216706,0,FALSE POSITIVE,1.471060209,132.27522,4.3708,148439.0,,0.25
K00435.06,11709124,1,CONFIRMED,9.91937693,136.87361,4.326,186.7,,0.07268601655960083
K03001.01,11709423,0,FALSE POSITIVE,0.768934934,131.740302,1.216,846.8,,0.25
K02926.02,10122538,1,CONFIRMED,5.53609368,131.88286,2.2942,1223.3,,0.06906795501708984
K01803.02,4349442,0,FALSE POSITIVE,12.720298433,140.3669017,2.4599,283.6,,0.03223063796758652
K06619.01,5716244,0,FALSE POSITIVE,1.330333096,132.785555,5.045,61867.0,,0.25
K02732.02,9886361,1,CONFIRMED,13.61165024,144.16808,7.617,95.5,,0.09326568990945816
K01880.01,10332883,1,CONFIRMED,1.151166776,133.231766,1.0907,578.4,,0.1579122543334961
K03008.01,9070666,1,CONFIRMED,2.99792926,131.76579,4.398,45.4,,0.24450209736824036
K01203.02,3962243,1,CONFIRMED,14.12847677,142.8971,3.685,628.7,,0.043470125645399094
K04477.02,6276791,1,CONFIRMED,9.32867952,135.87513,1.572,354.4,,0.028085432946681976
K07107.01,8890996,0,FALSE POSITIVE,1.50650745,132.98683,2.622,27.8,,0.25
K00863.01,6784235,1,CONFIRMED,3.167893418,172.147959,2.1814,781.2,,0.11476606875658035
K02307.01,7661065,0,FALSE POSITIVE,4.150297119,134.9355,1.2058,593.4,,0.04842223599553108
K01610.01,5474733,0,FALSE POSITIVE,0.883778461,133.60599,1.6339,120.1,,0.25
K01561.01,4940438,0,FALSE POSITIVE,9.08590495,182.08162,2.0718,2121.3,,0.038003917783498764
K01031.01,2584163,1,CONFIRMED,14.5598556,135.95038,5.624,290.6,,0.06437792629003525
K00274.02,8077137,1,CONFIRMED,22.8030252,153.37541,4.768,62.9,,0.03484917804598808
K01290.01,10874226,0,FALSE POSITIVE,11.973605044,144.779315,4.3117,3822.9,,0.060016732662916183
K04180.01,6938264,0,FALSE POSITIVE,1.121634781,132.31311,1.155,71.5,,0.17162449657917023
K00782.01,11960862,1,CONFIRMED,6.575315881,173.634044,4.3084,2793.3,,0.1092064157128334
K04011.01,11969988,0,FALSE POSITIVE,2.19068738,132.01727,4.41,66.3,,0.25
K01060.03,5880320,1,CONFIRMED,20.4972755,147.43894,8.536,242.9,,0.06940759718418121
K07100.01,8848104,0,FALSE POSITIVE,0.824851807,131.6271509,1.93637,30099.2,,0.25
K06692.01,6364200,0,FALSE POSITIVE,5.2441517,132.6668,9.69,90.1,,0.25
K06852.01,7281229,0,FALSE POSITIVE,0.566813319,131.78768,3.752,129.1,,0.25
K00642.01,5181817,0,FALSE POSITIVE,4.350413063,171.43565,1.7694,192.5,,0.06778666377067566
K07009.01,8285970,0,FALSE POSITIVE,0.562498925,131.750623,0.6743,420.1,,0.1997929811477661
K04172.01,9640907,0,FALSE POSITIVE,1.089088292,132.0149343,1.8599,141.7,,0.25
K06055.01,8230809,0,FALSE POSITIVE,4.078355243,132.160073,6.4649,36133.0,,0.25
K03741.01,8780959,0,FALSE POSITIVE,2.617280959,132.391963,9.661,3089.9,,0.25
K00944.01,9595686,0,FALSE POSITIVE,3.108251172,170.244566,2.5048,1867.7,,0.13430918753147125
K00616.01,9714696,0,FALSE POSITIVE,1.433339604,169.85606,1.3665,305.2,,0.15889465808868408
K07373.01,10794405,0,FALSE POSITIVE,0.952377862,132.335117,4.0869,2122.3,,0.25
K01831.02,11601584,1,CONFIRMED,4.38536428,139.22548,2.5126,198.5,,0.09549187868833542
K01580.01,5193400,0,FALSE POSITIVE,21.3781146,147.2124,19.359,556.1,,0.1509253829717636
K02148.02,6021193,1,CONFIRMED,7.54235832,132.96117,4.73,132.5,,0.10452079772949219
K00628.01,4644604,1,CONFIRMED,14.48584765,175.00624,3.1365,457.1,,0.03608694672584534
K00774.01,11656840,0,FALSE POSITIVE,7.442652004,169.9717797,2.3078,24446.2,,0.05167960748076439
K04468.01,4157052,0,FALSE POSITIVE,0.791771167,131.523083,2.4463,509.2,,0.25
K00520.02,8037145,1,CONFIRMED,5.433132902,138.36644,2.4012,328.2,,0.07365915924310684
K04244.01,5097454,0,FALSE POSITIVE,1.288066288,133.273187,6.4616,10082.6,,0.25
K07290.01,10156064,0,FALSE POSITIVE,2.427967843,133.598772,4.7847,126975.0,,0.25
K03353.01,7091432,1,CONFIRMED,11.55532445,134.12977,3.499,250.0,,0.0504673570394516
K05209.01,5905728,0,FALSE POSITIVE,7.87173698,132.35405,2.619,34.7,,0.05545154958963394
K06453.01,4773155,0,FALSE POSITIVE,25.706001174,156.644215,10.969,464960.0,,0.07111828029155731
K00986.01,2854698,1,CONFIRMED,8.18739443,260.86931,3.0472,517.6,,0.06203031539916992
K03425.01,9117416,1,CONFIRMED,20.034708,145.4541,6.49,124.4,,0.05398964136838913
K00112.02,10984090,1,CONFIRMED,3.709214104,133.98318,2.6302,131.1,,0.11818316578865051
K03098.01,9959589,0,FALSE POSITIVE,1.332557603,132.05691,6.043,225.3,,0.25
K00709.01,9578686,1,CONFIRMED,21.3851584,178.78285,4.0819,663.9,,0.03181255981326103
K03542.01,3964545,0,FALSE POSITIVE,3.012476415,132.2466206,3.31903,198402.0,,0.18362689018249512
K04190.01,12505503,1,CONFIRMED,3.4327371,132.92055,4.001,63.2,,0.19425703585147858
K01813.01,9455325,1,CONFIRMED,9.76785911,139.43968,2.1649,585.4,,0.03693917766213417
K01338.01,4466677,1,CONFIRMED,3.222975318,178.0701,2.9247,232.7,,0.1512422412633896
K04106.01,11017094,0,FALSE POSITIVE,0.708563091,132.10298,6.347,414.5,,0.25
K03000.01,5702939,0,FALSE POSITIVE,18.3980827,144.9175,4.438,145.0,,0.04020346328616142
K04593.01,8295671,0,FALSE POSITIVE,0.981399749,132.12493,0.5051,158.3,,0.08577883988618851
K00571.01,8120608,1,CONFIRMED,7.26731094,174.31292,2.2691,659.1,,0.05203896388411522
K04604.01,2853889,0,FALSE POSITIVE,24.1876477,145.8464,2.654,194.8,,0.018287571147084236
K01900.01,9353314,1,CONFIRMED,5.18498961,131.8814,2.1397,430.1,,0.06877866387367249
K04338.01,9240664,0,FALSE POSITIVE,10.78438513,141.40685,1.408,233.6,,0.02175985649228096
K06682.01,6283224,0,FALSE POSITIVE,0.76647343,132.034804,2.46345,199901.0,,0.25
K01596.01,10027323,1,CONFIRMED,5.92365747,134.68361,2.6302,406.5,,0.074002705514431
K03157.01,8738244,0,FALSE POSITIVE,0.683082998,131.73271,4.409,143.3,,0.25
K07731.01,5513861,0,FALSE POSITIVE,0.755105584,131.8133513,5.02374,250026.0,,0.25
K00244.02,4349452,1,CONFIRMED,6.238535444,171.706325,3.5255,401.6,,0.09418610483407974
K00328.01,9895004,0,FALSE POSITIVE,2.250826647,170.321819,1.536,534.4,,0.11373598873615265
K05105.01,4927738,0,FALSE POSITIVE,19.545185,147.733,1.597,40.2,,0.013618017546832561
K00478.01,10990886,1,CONFIRMED,11.023474798,171.114662,1.4814,1795.5,,0.022397655993700027
K02576.01,4551663,0,FALSE POSITIVE,12.07760884,140.46287,2.233,151.0,,0.030814599245786667
K00511.02,6451936,1,CONFIRMED,4.26374378,133.72073,2.2725,182.0,,0.0888303816318512
K01354.01,6891543,0,FALSE POSITIVE,1.752567456,134.47196,5.4993,607.3,,0.25
K01703.01,7380829,0,FALSE POSITIVE,3.17463577,132.24293,10.988,405.9,,0.25
K04097.01,5688683,1,CONFIRMED,2.790643481,133.1555,0.6871,202.0,,0.041035935282707214
K00139.02,8559644,1,CONFIRMED,3.341799486,141.35472,2.9254,178.2,,0.1458994448184967
K02634.01,1995519,1,CONFIRMED,19.9401211,142.34849,4.283,758.9,,0.035798847675323486
K01532.01,11656246,1,CONFIRMED,18.11473813,147.4904,5.2706,241.5,,0.04849274083971977
K06555.01,5288543,0,FALSE POSITIVE,3.457078812,131.8058069,5.24058,315517.0,,0.25
K04263.01,8572168,0,FALSE POSITIVE,1.662710314,132.44469,1.83,85.9,,0.18343544006347656
K04294.01,7681230,0,FALSE POSITIVE,0.962590772,132.421278,1.2569,1021.6,,0.2176245003938675
K07312.01,10340228,0,FALSE POSITIVE,0.93371313,131.5534,2.971,66.0,,0.25
K01220.01,4043190,1,CONFIRMED,6.40087137,136.8824,2.5561,133.6,,0.06655604392290115
K06336.01,3448323,0,FALSE POSITIVE,0.513482156,131.75477,2.732,91.6,,0.25
K06087.01,11519226,0,FALSE POSITIVE,22.16127178,148.46378,3.699,5259.0,,0.027818800881505013
K01629.01,8685497,1,CONFIRMED,4.4096675,132.45003,2.1418,132.7,,0.08095092326402664
K02303.01,4458082,1,CONFIRMED,4.89336495,133.6449,3.485,138.3,,0.11869814246892929
K04951.01,2708270,0,FALSE POSITIVE,1.89125883,132.687,4.656,274.5,,0.25
K00219.01,6305192,1,CONFIRMED,8.025118521,132.469133,5.3694,3120.4,,0.11151237040758133
K06332.01,3427776,0,FALSE POSITIVE,4.01668015,134.240703,2.2828,38007.0,,0.09472167491912842
K05448.01,7938499,0,FALSE POSITIVE,7.2269859,136.1514,14.241,160.3,,0.25
K03571.01,5113053,0,FALSE POSITIVE,3.185090259,133.294014,4.80188,423276.0,,0.25
K07363.01,10686876,0,FALSE POSITIVE,2.618414643,134.044367,4.99923,200864.0,,0.25
K00748.01,10583180,0,FALSE POSITIVE,2.696370652,170.73769,3.6129,397.9,,0.22331871092319489
K02397.01,9269042,1,CONFIRMED,12.00089667,142.04182,3.266,420.7,,0.04535772278904915
K02406.01,5007345,1,CONFIRMED,7.01074295,138.4027,2.1787,222.8,,0.05179432034492493
K03860.01,9641008,0,FALSE POSITIVE,2.178154774,132.02433,3.5302,662.6,,0.25
K00246.01,11295426,1,CONFIRMED,5.398752862,173.858666,3.4303,346.5,,0.10589791089296341
K07158.01,9304561,0,FALSE POSITIVE,1.219049953,132.09455,1.477,53.5,,0.20193320512771606
K00190.01,5771719,0,FALSE POSITIVE,12.264867364,139.304999,4.7366,11310.9,,0.06436541676521301
K00226.01,5959753,1,CONFIRMED,8.30865307,138.10788,3.2747,836.1,,0.06568854302167892
K04677.01,9838608,0,FALSE POSITIVE,1.33259494,132.0286,2.783,92.7,,0.25
K06146.01,6362386,0,FALSE POSITIVE,4.592401261,133.139791,4.96038,87426.1,,0.1800212860107422
K01164.01,10341831,0,FALSE POSITIVE,0.933749941,133.38422,6.606,415.3,,0.25
K07709.01,4840156,0,FALSE POSITIVE,2.69487041,131.59964,2.553,62.1,,0.15789256989955902
K03518.01,8589754,0,FALSE POSITIVE,8.939461148,133.013944,6.19136,357832.0,,0.11543126404285431
K04175.01,9640931,0,FALSE POSITIVE,2.17815196,132.02208,2.445,245.0,,0.18708519637584686
K01406.01,9271752,1,CONFIRMED,11.36113254,136.92584,4.1886,569.5,,0.06144633889198303
K01924.01,5108214,0,FALSE POSITIVE,2.11913005,132.59,4.141,28.7,,0.25
K08098.01,5128966,0,FALSE POSITIVE,0.505322676,131.542732,5.2727,77349.2,,0.25
K06021.01,6146418,0,FALSE POSITIVE,22.44620704,149.1595,7.5491,1626.8,,0.056053269654512405
K01346.01,7199774,0,FALSE POSITIVE,4.70818628,137.0593,3.278,56545.0,,0.11603902280330658
K03599.01,9715925,0,FALSE POSITIVE,6.30828538,134.379945,2.48633,113526.0,,0.06568953394889832
K00068.01,8669092,0,FALSE POSITIVE,1.000840564,121.293771,1.3292,2714.4,,0.22134727239608765
K01823.02,10092312,0,FALSE POSITIVE,1.096587245,132.51421,3.0287,541.2,,0.25
K01895.02,4263293,1,CONFIRMED,17.28116957,136.00718,2.829,1562.8,,0.027284033596515656
K00729.01,10225800,0,FALSE POSITIVE,1.423799421,169.67436,1.4866,2008.4,,0.17401795089244843
K02372.01,12254909,1,CONFIRMED,5.349791,133.8836,4.279,88.8,,0.13330738246440887
K02462.01,5042210,1,CONFIRMED,12.14684625,131.55623,6.197,70.7,,0.08502893149852753
K01996.01,4736569,1,CONFIRMED,10.13200555,132.91155,3.1683,911.6,,0.05211702734231949
K00384.01,3353050,1,CONFIRMED,5.0800579,174.42853,5.207,222.8,,0.17083138227462769
K01624.01,6233890,0,FALSE POSITIVE,2.99540439,132.78128,6.172,223.2,,0.25
K01696.01,6891366,0,FALSE POSITIVE,1.752564549,132.71889,3.503,116.6,,0.25
K02920.01,7090524,1,CONFIRMED,6.73968289,132.29296,4.183,142.0,,0.10344205796718597
K07123.01,9007953,0,FALSE POSITIVE,1.38718209,132.8579,2.595,45.5,,0.25
K06226.01,10601549,0,FALSE POSITIVE,1.463773705,132.807589,1.9123,64776.0,,0.21773630380630493
K01188.01,3860441,0,FALSE POSITIVE,2.988085455,133.27252,3.68,802.8,,0.20525963604450226
K07442.01,11391181,0,FALSE POSITIVE,8.61733907,139.0692516,4.05563,185861.0,,0.07843933254480362
K00232.02,4833421,1,CONFIRMED,5.766165573,134.01725,3.8314,364.8,,0.11074372380971909
K00577.02,8558011,1,CONFIRMED,0.638162933,131.74826,1.2313,109.7,,0.25
K03113.01,7676423,1,CONFIRMED,2.46050095,133.61605,1.861,276.8,,0.12605834007263184
K06540.01,5199978,0,FALSE POSITIVE,0.550509602,131.86731,1.1836,123.5,,0.25
K02033.01,2304320,1,CONFIRMED,16.54081386,133.95274,2.5996,370.0,,0.02619379386305809
K01377.01,7211469,1,CONFIRMED,11.29689442,134.57233,4.623,198.5,,0.06820458173751831
K06258.01,2013883,0,FALSE POSITIVE,0.764597756,131.69552,1.119,16.6,,0.24391910433769226
K02442.02,11080405,1,CONFIRMED,12.3101351,141.8765,3.797,263.7,,0.051407504826784134
K06950.01,8008128,0,FALSE POSITIVE,14.854415674,136.5597829,5.13753,77410.4,,0.05764313042163849
K02614.01,5807769,1,CONFIRMED,7.99022379,132.268,3.273,165.9,,0.06827092915773392
K02013.01,4056616,1,CONFIRMED,2.41434868,132.42878,1.2701,191.0,,0.08767720311880112
K03457.01,9834257,0,FALSE POSITIVE,15.65134872,132.81191,4.1553,3104.0,,0.044248584657907486
K06633.01,5894825,0,FALSE POSITIVE,1.36293943,132.7485,10.32,54.4,,0.25
K03771.01,10555365,0,FALSE POSITIVE,5.80184753,131.77347,3.9551,22143.0,,0.11361610889434814
K00568.02,7595157,1,CONFIRMED,2.358952404,132.68957,1.593,94.1,,0.11254996061325073
K05994.01,4049124,0,FALSE POSITIVE,4.804469712,136.0047256,3.51946,132624.0,,0.12208978086709976
K07771.01,6199716,0,FALSE POSITIVE,0.805267592,132.09128,0.887,146.6,,0.1835828721523285
K01952.03,7747425,1,CONFIRMED,5.19559398,132.72178,3.748,116.0,,0.12023007869720459
K02433.01,11968463,1,CONFIRMED,15.1622287,144.474,7.332,479.8,,0.08059500902891159
K00973.01,12366681,0,FALSE POSITIVE,13.33386985,263.78932,6.51,,,0.0813717246055603
K02316.01,7504778,1,CONFIRMED,17.1369408,141.01497,6.416,362.1,,0.06239931285381317
K00117.02,10875245,1,CONFIRMED,4.90144976,138.60548,4.1654,140.7,,0.1416383683681488
K01241.02,6448890,1,CONFIRMED,10.5007712,135.6479,14.522,183.4,,0.2304910123348236
K04130.01,10858803,0,FALSE POSITIVE,0.952374508,132.33436,3.006,204.8,,0.25
K07189.01,9541163,0,FALSE POSITIVE,0.5366497,131.71771,2.887,105.4,,0.25
K00846.01,6061119,1,CONFIRMED,27.807566216,186.713552,4.21587,25391.1,,0.02526812255382538
K02151.01,7989422,0,FALSE POSITIVE,7.47763833,133.40976,2.5693,110.0,,0.057266298681497574
K02038.02,8950568,1,CONFIRMED,12.51353325,139.42461,4.301,430.8,,0.0572846457362175
K06124.01,5034333,0,FALSE POSITIVE,6.932281325,134.876198,11.0301,6405.9,,0.25
K06655.01,6048106,0,FALSE POSITIVE,1.559360638,132.53955,5.4458,280066.0,,0.25
K01057.01,6066416,0,FALSE POSITIVE,1.303859704,134.21201,2.8239,36.7,,0.25
K07336.01,10491031,0,FALSE POSITIVE,2.199069234,133.0633498,6.30646,225250.0,,0.25
K02552.01,8757824,1,CONFIRMED,3.65690909,134.95269,2.064,107.4,,0.0940685123205185
K02847.01,12935144,0,FALSE POSITIVE,1.099291188,131.50242,1.765,282.6,,0.25
K02075.01,10857519,1,CONFIRMED,2.053341891,134.51606,2.596,65.5,,0.21071340143680573
K01581.01,7939330,1,CONFIRMED,29.5422566,137.57837,13.902,879.9,,0.07843002676963806
K04234.01,11611275,1,CONFIRMED,6.94245216,135.95819,3.491,160.8,,0.0838080421090126
K07629.01,2302758,0,FALSE POSITIVE,0.542122617,131.98408,1.283,88.3,,0.25
K07286.01,10095512,0,FALSE POSITIVE,3.008602107,132.923023,4.34296,120272.0,,0.24058571457862854
K03695.01,8043052,0,FALSE POSITIVE,2.244600029,133.46529,1.9204,8611.0,,0.14259406924247742
K01747.02,7032421,0,FALSE POSITIVE,0.56683399,131.7800607,0.75,,,0.22052311897277832
K07150.01,9243795,0,FALSE POSITIVE,14.443127448,139.3903174,8.33598,41685.3,,0.09619315713644028
K02111.02,8612275,1,CONFIRMED,7.18644594,136.62345,1.4972,402.0,,0.03472277149558067
K02367.01,9086251,1,CONFIRMED,6.89213244,131.63179,1.725,82.0,,0.04171422868967056
K06287.01,2708172,0,FALSE POSITIVE,1.89114441,132.7545,8.724,49.9,,0.25
K07181.01,9509207,0,FALSE POSITIVE,14.199840087,135.748091,5.98531,214604.0,,0.07025090605020523
K00702.01,9053112,0,FALSE POSITIVE,1.274840187,169.86973,14.833,229.2,,0.25
K01889.01,11074178,1,CONFIRMED,14.30517579,135.06301,4.535,863.4,,0.052836354821920395
K01792.03,8552719,1,CONFIRMED,9.10969334,133.06566,5.3181,126.4,,0.09729745984077454
K00931.01,9166862,1,CONFIRMED,3.855603916,170.6787843,3.2179,16652.7,,0.1391005665063858
K00718.01,9884104,1,CONFIRMED,4.585466941,169.86095,3.4437,383.5,,0.12516719102859497
K02265.01,3337432,0,FALSE POSITIVE,2.97600846,132.98121,4.274,103.2,,0.23935863375663757
K04350.01,11872139,0,FALSE POSITIVE,1.75649346,132.01087,3.429,27.5,,0.25
K01051.01,6131236,1,CONFIRMED,6.79685353,138.11324,3.1702,393.1,,0.07773695141077042
K07332.01,10471113,0,FALSE POSITIVE,0.933728196,131.5336,3.441,67.7,,0.25
K01100.01,3228824,0,FALSE POSITIVE,0.73093905,355.90306,2.8437,451.1,,0.25
K07817.01,7117710,0,FALSE POSITIVE,0.56679641,131.8085,2.324,26.7,,0.25
K02342.01,10212441,1,CONFIRMED,15.0447098,133.20895,5.823,97.9,,0.06450772285461426
K06715.01,6452742,0,FALSE POSITIVE,0.687772143,131.8669185,2.56725,40368.3,,0.25
K00505.02,5689351,1,CONFIRMED,6.1954595,134.71507,2.952,296.4,,0.07941299676895142
K02188.01,10518424,0,FALSE POSITIVE,2.69633621,132.99538,5.238,238.6,,0.25
K01895.01,4263293,1,CONFIRMED,8.45746636,133.87132,2.2906,1320.3,,0.045139603316783905
K07045.01,8479107,0,FALSE POSITIVE,0.76757669,131.819082,2.04757,157612.0,,0.25
K06996.01,8231877,0,FALSE POSITIVE,1.307761491,131.777769,2.22271,13941.0,,0.25
K00612.01,6587002,1,CONFIRMED,20.73989406,173.21912,3.1505,616.1,,0.02531755156815052
K00885.01,7436215,0,FALSE POSITIVE,25.58546721,177.07745,2.28,,,0.014852181077003479
K00483.01,11497977,1,CONFIRMED,4.79860021,173.257466,3.0384,817.4,,0.10553077608346939
K01835.02,9471268,1,CONFIRMED,2.248288213,133.425805,2.0361,263.2,,0.1509370505809784
K06639.01,5962514,0,FALSE POSITIVE,0.790046373,132.1225,4.9939,149304.0,,0.25
K05445.01,7916058,0,FALSE POSITIVE,7.1091096,133.4379,10.67,156.7,,0.25
K07963.01,9777990,0,FALSE POSITIVE,14.3400358,140.9329,5.7,1706.0,,0.0662480890750885
K07323.01,10407464,0,FALSE POSITIVE,0.93373711,131.5293,3.151,12.9,,0.25
K01977.01,9412760,1,CONFIRMED,9.38740646,137.38383,1.6165,384.6,,0.02869979850947857
K01909.02,10130039,1,CONFIRMED,5.47033376,131.49548,3.1441,112.0,,0.09579245001077652
K01744.01,6364327,0,FALSE POSITIVE,5.24372504,132.7225,17.136,234.4,,0.25
K01111.01,3120276,0,FALSE POSITIVE,10.26547688,136.49663,3.733,399.6,,0.0606076717376709
K02366.01,11342416,1,CONFIRMED,25.3690868,143.68699,4.746,110.1,,0.031179679557681084
K01481.01,9597806,1,CONFIRMED,5.101375725,357.48217,2.595,894.6,,0.08478105068206787
K00065.01,10223615,0,FALSE POSITIVE,27.25471993,176.52949,0.73,,,0.004464058671146631
K02361.01,11566256,1,CONFIRMED,5.78387049,135.5798,1.3966,413.3,,0.040244102478027344
K02570.02,10812504,0,FALSE POSITIVE,4.4296786,133.1491002,1.96,,,0.0737450048327446
K02741.01,5513893,0,FALSE POSITIVE,0.755103143,131.81388,2.885,43.8,,0.25
K01332.01,4455231,1,CONFIRMED,19.30581662,373.18998,4.2902,709.1,,0.0370371975004673
K02450.01,7289317,1,CONFIRMED,16.83203175,140.53041,4.031,326.0,,0.039913978427648544
K00063.01,11554435,1,CONFIRMED,9.43414171,177.84346,2.8112,3977.0,,0.04966358840465546
K02787.01,4365442,0,FALSE POSITIVE,1.714410345,131.86549,3.336,50.4,,0.25
K02472.01,9395719,1,CONFIRMED,2.607545159,131.83453,1.3916,351.5,,0.08894700556993484
K07294.01,10198109,0,FALSE POSITIVE,17.918743061,146.3929572,4.36387,118355.0,,0.04058943688869476
K02160.01,5546761,1,CONFIRMED,17.6700291,131.60103,6.693,348.4,,0.0631294921040535
K03719.01,9837083,0,FALSE POSITIVE,0.623393802,131.599128,1.40392,30192.2,,0.25
K00590.01,9782691,1,CONFIRMED,11.38840217,174.55377,3.6949,438.0,,0.05407401919364929
K03459.01,2717158,1,CONFIRMED,13.2226149,144.295,4.337,261.7,,0.05466644465923309
K07961.01,9770983,0,FALSE POSITIVE,7.02932339,134.66434,2.853,81.6,,0.06764519959688187
K00512.01,6838050,1,CONFIRMED,6.51003001,172.91588,3.3095,602.8,,0.08472823351621628
K02131.01,10549023,1,CONFIRMED,14.36270451,141.435,4.564,349.4,,0.05296124145388603
K03039.01,5445681,1,CONFIRMED,20.3504704,142.7588,7.225,101.8,,0.059171441942453384
K00376.02,12643589,0,FALSE POSITIVE,1.411627439,178.263426,1.0814,515.2,,0.12767769396305084
K06310.01,3230206,0,FALSE POSITIVE,7.04715073,132.7471,1.434,282.5,,0.033914417028427124
K00331.01,10285631,1,CONFIRMED,18.68405716,170.83245,6.9329,381.5,,0.061843276023864746
K01437.01,11599038,1,CONFIRMED,7.01733571,133.90592,3.567,255.5,,0.08471876382827759
K04887.01,4059887,0,FALSE POSITIVE,1.018347376,131.69633,4.386,47.8,,0.25
K07699.01,4670267,0,FALSE POSITIVE,1.003049079,132.372429,7.9657,219273.0,,0.25
K00569.02,8008206,1,CONFIRMED,1.632916419,134.54956,1.5599,209.2,,0.1592141091823578
K03568.01,9773869,0,FALSE POSITIVE,15.65129028,132.81543,6.7631,398641.0,,0.07201855629682541
K06519.01,5097278,0,FALSE POSITIVE,0.73240662,131.5735,4.33,329.0,,0.25
K07221.01,9665503,0,FALSE POSITIVE,11.567974732,137.3409726,5.96595,416030.0,,0.08595497906208038
K07891.01,8524110,0,FALSE POSITIVE,0.79708975,131.8481,3.301,19.3,,0.25
K02966.01,5014903,0,FALSE POSITIVE,7.72768833,136.19387,2.06,404.8,,0.044428981840610504
K02730.01,8415200,1,CONFIRMED,4.52158614,133.21804,3.4702,106.2,,0.12791234254837036
K06424.01,4565985,0,FALSE POSITIVE,17.51191534,134.39065,5.678,728.8,,0.05403939634561539
K00277.01,11401755,1,CONFIRMED,16.23191704,171.67758,7.461,501.6,,0.0766083300113678
K01576.01,5299459,1,CONFIRMED,10.41572666,143.04774,2.7719,825.3,,0.0443544015288353
K02542.01,6183511,1,CONFIRMED,0.727331746,132.37007,0.8323,357.4,,0.19071993231773376
K06512.01,5083252,0,FALSE POSITIVE,2.500560859,131.6761907,7.5902,20.4,,0.25
K04092.01,4850961,1,CONFIRMED,24.4972683,133.92177,5.43,449.1,,0.036942895501852036
K04845.01,11456405,0,FALSE POSITIVE,0.814278961,131.64806,2.087,72.0,,0.25
K03841.01,8651551,0,FALSE POSITIVE,1.527491117,132.259806,7.9136,33546.0,,0.25
K01448.01,9705459,0,FALSE POSITIVE,2.48658617,134.110364,2.7189,42122.0,,0.18223780393600464
K00133.01,11673674,0,FALSE POSITIVE,4.618767792,133.386535,5.9957,4399.1,,0.21635279059410095
K06943.01,7970760,0,FALSE POSITIVE,7.64941291,132.1070518,6.56935,236246.0,,0.14313407242298126
K00232.01,4833421,1,CONFIRMED,12.466004437,134.003258,5.0066,2232.1,,0.06693670898675919
K04510.01,11671579,1,CONFIRMED,5.17624997,133.7381,5.261,78.7,,0.16939547657966614
K00983.01,11607193,0,FALSE POSITIVE,7.1548608,266.04847,7.694,780.4,,0.17922547459602356
K05714.01,9786017,0,FALSE POSITIVE,2.249000963,132.651415,9.6022,58776.2,,0.25
K00323.01,9139084,1,CONFIRMED,5.83599485,169.87446,2.062,553.3,,0.05888741835951805
K02413.01,3234598,1,CONFIRMED,12.90467523,144.32009,3.28,412.4,,0.04236190766096115
K03136.01,6945786,1,CONFIRMED,2.39161966,133.07956,1.906,189.2,,0.13282491266727448
K06063.01,9048145,0,FALSE POSITIVE,8.667826242,137.3415297,5.06514,43491.0,,0.09739350527524948
K07956.01,9656547,0,FALSE POSITIVE,1.27228771,132.49945,2.099,82.9,,0.25
K01157.01,10342065,0,FALSE POSITIVE,0.93374614,133.388153,6.551,1717.5,,0.25
K02996.01,12021625,1,CONFIRMED,15.9314412,141.81212,2.435,556.7,,0.025473736226558685
K02646.01,6044553,0,FALSE POSITIVE,0.532086296,131.9134,4.023,495.8,,0.25
K00464.02,8890783,1,CONFIRMED,5.350156114,195.761347,2.2647,764.8,,0.07054934650659561
K00758.01,10987985,1,CONFIRMED,16.01308419,176.3608,3.2554,1121.9,,0.033882707357406616
K02973.01,5091016,0,FALSE POSITIVE,5.76556718,134.96501,3.138,213.3,,0.09071093797683716
K06584.01,5471141,0,FALSE POSITIVE,12.4253812,141.5493,19.781,115.3,,0.25
K03272.01,4948730,0,FALSE POSITIVE,23.0295222,151.14686,7.96,548.2,,0.05760721489787102
K01765.01,8043714,0,FALSE POSITIVE,6.814984472,134.212391,3.05409,23915.3,,0.0746905580163002
K07993.01,10219288,0,FALSE POSITIVE,3.381607,132.92656,7.627,440.6,,0.25
K01039.01,5802486,0,FALSE POSITIVE,1.073917869,177.924088,2.4305,1926.6,,0.25
K00327.01,9881662,1,CONFIRMED,3.254277742,172.66256,2.9903,159.9,,0.1531471461057663
K03512.01,6182849,0,FALSE POSITIVE,6.399107136,134.7016363,5.21981,376769.0,,0.13595151901245117
K00848.01,6267425,0,FALSE POSITIVE,3.166465862,172.002627,2.9381,4357.2,,0.15464664995670319
K06412.01,4380283,0,FALSE POSITIVE,0.872359598,132.0311474,3.74512,267053.0,,0.25
K06244.01,11724210,0,FALSE POSITIVE,5.746017234,132.042549,3.6347,29236.3,,0.10542664676904678
K01073.01,8262210,0,FALSE POSITIVE,1.613001111,178.52846,2.394,104.1,,0.24736498296260834
K02823.01,10341917,0,FALSE POSITIVE,0.93375241,131.5113,6.352,518.0,,0.25
K06407.01,4367544,0,FALSE POSITIVE,1.19563447,131.5506,5.3934,8245.0,,0.25
K02585.01,7673841,1,CONFIRMED,5.34182466,136.3186,3.577,70.5,,0.11160356551408768
K04689.01,10292540,0,FALSE POSITIVE,1.085229874,132.10036,0.652,238.1,,0.10013239830732346
K00566.01,7119481,1,CONFIRMED,25.85499978,192.57484,3.8737,610.5,,0.02497066929936409
K01205.01,3869014,1,CONFIRMED,8.63847391,139.94684,5.4566,395.9,,0.10527708381414413
K00416.01,6508221,1,CONFIRMED,18.20795835,185.84306,3.7965,1596.9,,0.0347512885928154
K00413.02,5791986,1,CONFIRMED,24.67458244,146.77261,3.2648,650.6,,0.022052383050322533
K02881.01,7812455,0,FALSE POSITIVE,0.903583394,131.877566,1.5942,1027.1,,0.25
K04199.01,5340878,1,CONFIRMED,0.539915033,131.55207,1.1466,97.0,,0.25
K06535.01,5174920,0,FALSE POSITIVE,0.950487062,131.73468,2.9283,11.5,,0.25
K05150.01,5289857,0,FALSE POSITIVE,26.524553,156.16784,2.359,174.5,,0.014822743833065033
K04211.02,5078025,0,FALSE POSITIVE,0.696290095,131.52676,3.839,120.5,,0.25
K01692.01,6616218,1,CONFIRMED,5.960400011,137.265171,2.8617,828.3,,0.08001979440450668
K03187.01,4663658,0,FALSE POSITIVE,0.705891195,131.62062,5.281,15.0,,0.25
K03875.01,11911561,0,FALSE POSITIVE,8.870415578,137.481093,1.2864,873.1,,0.024170231074094772
K07238.01,9850387,0,FALSE POSITIVE,1.374249107,131.662968,5.3181,136655.0,,0.25
K07248.01,9899583,0,FALSE POSITIVE,1.33258375,132.0362,4.081,60.9,,0.25
K06851.01,7281217,0,FALSE POSITIVE,0.566810701,131.80761,6.19,200.0,,0.25
K04372.01,9702006,1,CONFIRMED,6.24564633,137.16241,2.459,212.0,,0.06561904400587082
K03809.01,9097892,0,FALSE POSITIVE,1.674690886,132.172107,2.0179,527.4,,0.2008231282234192
K06387.01,4142768,0,FALSE POSITIVE,13.99585365,131.65924,5.0308,19681.0,,0.059908218681812286
K03548.01,10215869,0,FALSE POSITIVE,5.017239915,134.490136,4.36126,144642.0,,0.14487580955028534
K00343.01,10982872,1,CONFIRMED,4.761705895,170.335759,3.3061,497.1,,0.11571833491325378
K01432.01,11014932,1,CONFIRMED,6.88595222,138.40761,4.148,428.5,,0.10039763897657394
K06366.01,3851134,0,FALSE POSITIVE,0.91849333,131.8481,2.399,58.7,,0.25
K00070.04,6850504,1,CONFIRMED,6.09855603,135.92906,2.9815,84.4,,0.08148103952407837
K02317.01,10684670,1,CONFIRMED,3.78861833,134.61419,2.808,143.4,,0.1235278844833374
K05190.01,5653163,0,FALSE POSITIVE,2.40435325,133.2257,6.825,349.6,,0.25
K01334.01,4150624,0,FALSE POSITIVE,8.6531216,134.30147,4.39,654.8,,0.0845552310347557
K05742.01,9954225,0,FALSE POSITIVE,1.340649911,132.05521,5.0912,627633.0,,0.25
K04589.01,10491525,0,FALSE POSITIVE,1.09844642,132.4402,1.528,45.0,,0.23184259235858917
K02880.01,9825174,1,CONFIRMED,0.740926358,131.91163,1.0163,195.5,,0.22861021757125854
K03947.01,5952366,0,FALSE POSITIVE,0.905679492,132.196318,2.1164,2299.0,,0.25
K00904.02,8150320,1,CONFIRMED,27.9541337,178.73791,3.95,942.5,,0.023550482466816902
K07570.01,6590362,0,FALSE POSITIVE,0.592618966,132.09892,0.811,91.4,,0.22808359563350677
K02276.01,3458028,1,CONFIRMED,1.442592305,134.07188,2.9698,166.0,,0.25
K06344.01,3556742,0,FALSE POSITIVE,0.823014905,132.160787,3.5426,850.5,,0.25
K02635.01,4914566,1,CONFIRMED,22.2420032,144.72364,7.532,63.5,,0.05643976107239723
K02514.01,4391348,0,FALSE POSITIVE,1.96433113,131.65195,2.381,139.1,,0.2020195722579956
K07844.01,7618364,0,FALSE POSITIVE,1.302061421,132.56436,1.8238,1046.1,,0.23345032334327698
K04825.01,4764774,0,FALSE POSITIVE,1.29019586,132.11311,3.741,86.5,,0.25
K02360.01,7515670,0,FALSE POSITIVE,2.30367952,133.76909,3.0898,136.4,,0.22354093194007874
K05582.01,8904714,0,FALSE POSITIVE,5.2362026,133.7395,3.148,2019.5,,0.10019984096288681
K04625.01,11519187,1,CONFIRMED,2.440839436,133.8407,0.968,509.5,,0.06609747558832169
K02771.01,11456382,0,FALSE POSITIVE,0.814280672,131.64736,2.326,134.9,,0.25
K05118.01,5032842,0,FALSE POSITIVE,18.40783671,139.3507372,1.55,,,0.014033878222107887
K00434.01,11656302,0,FALSE POSITIVE,22.264806569,173.103028,8.7941,19372.6,,0.06582959741353989
K00649.01,5613330,1,CONFIRMED,23.44970494,182.92295,8.6567,315.6,,0.061526715755462646
K02446.01,9850957,0,FALSE POSITIVE,8.48031302,135.86745,5.988,107.0,,0.11768433451652527
K01381.01,9451127,0,FALSE POSITIVE,5.117401517,134.586518,4.3056,62929.0,,0.14022742211818695
K05544.01,8561192,0,FALSE POSITIVE,2.742590902,132.6997,10.4143,680398.0,,0.25
K01701.01,7222086,0,FALSE POSITIVE,2.43902575,133.58474,1.1598,82.5,,0.07925295829772949
K06891.01,7597703,0,FALSE POSITIVE,4.608901433,133.9949845,8.73393,378548.0,,0.25
K06826.01,7116043,0,FALSE POSITIVE,0.566799725,131.8211,4.097,46.7,,0.25
K00678.01,7509886,1,CONFIRMED,6.0404622,172.59327,1.98,241.0,,0.05463157966732979
K01146.01,8351704,1,CONFIRMED,7.09712124,136.34514,2.1059,369.5,,0.04945432394742966
K08006.01,10397315,0,FALSE POSITIVE,2.17812769,132.02922,1.645,61.7,,0.1258726269006729
K00876.01,7270230,0,FALSE POSITIVE,6.998099523,171.898913,2.0488,20285.0,,0.04879419878125191
K05700.01,9602595,0,FALSE POSITIVE,3.55650976,133.5221921,12.7364,687454.0,,0.25
K04185.01,7257966,1,CONFIRMED,3.035206175,132.3291,0.6182,696.9,,0.03394607454538345
K03110.01,11285870,1,CONFIRMED,4.48494315,135.01836,2.752,134.9,,0.10226811468601227
K07691.01,4355503,0,FALSE POSITIVE,0.570828503,131.58958,0.915,174.4,,0.25
K06101.01,3230787,0,FALSE POSITIVE,17.734020239,143.9226707,7.27595,186680.0,,0.06838034093379974
K00280.01,4141376,1,CONFIRMED,11.87290814,180.895933,2.5342,332.7,,0.03557398542761803
K01462.01,11913013,0,FALSE POSITIVE,3.74781242,355.31325,5.241,5367.0,,0.2330693006515503
K02866.01,4138951,1,CONFIRMED,1.291233083,131.99105,1.855,66.0,,0.23943521082401276
K00521.01,8162789,1,CONFIRMED,10.161023528,172.000736,3.1627,1653.9,,0.051876336336135864
K01156.01,10514770,0,FALSE POSITIVE,1.872421727,134.366162,1.5261,3018.9,,0.13584011793136597
K08045.01,11152950,0,FALSE POSITIVE,4.17363793,134.20036,2.738,49.7,,0.10933706909418106
K01065.01,8242681,0,FALSE POSITIVE,4.020628573,133.638478,4.4085,20901.0,,0.1827450543642044
K01424.01,11611600,1,CONFIRMED,1.219568047,133.460233,1.5681,494.9,,0.21429719030857086
K02344.01,8247771,1,CONFIRMED,1.118547814,132.84826,1.5534,234.8,,0.2314608246088028
K07518.01,12268220,0,FALSE POSITIVE,4.42158021,134.395447,10.4532,61032.0,,0.25
K04727.01,8377197,0,FALSE POSITIVE,1.215181097,131.50904,1.295,39.7,,0.17761412262916565
K07852.01,7879648,0,FALSE POSITIVE,1.020713389,132.20309,0.873,102.3,,0.1425473541021347
K07964.01,9813678,0,FALSE POSITIVE,0.505079006,131.930776,1.36737,28077.9,,0.25
K01194.01,3554031,1,CONFIRMED,8.70798309,363.05638,2.4904,1419.6,,0.047665074467659
K02715.03,9837661,1,CONFIRMED,5.72084599,134.66576,2.744,1316.0,,0.07994155585765839
K03164.01,3127911,0,FALSE POSITIVE,0.542498653,132.0117,4.257,54.9,,0.25
K01250.01,8620565,0,FALSE POSITIVE,0.782045734,134.0214,1.7945,16185.0,,0.25
K01278.03,8609450,1,CONFIRMED,9.2207691,138.0072,4.907,140.0,,0.08869469910860062
K03904.01,5480736,0,FALSE POSITIVE,8.56751264,136.06104,5.449,347.9,,0.10600120574235916
K03116.01,11720424,1,CONFIRMED,23.9107056,150.5394,4.996,294.0,,0.034824009984731674
K01056.01,5964985,0,FALSE POSITIVE,1.851409163,133.17995,10.232,232.5,,0.25
K04001.01,9851943,0,FALSE POSITIVE,1.081935491,131.52874,5.136,202.9,,0.25
K06875.01,7385478,0,FALSE POSITIVE,1.655472351,133.126106,5.09197,174198.0,,0.25
K02500.01,10407054,0,FALSE POSITIVE,0.933754669,132.44306,4.048,89.3,,0.25
K01782.01,8678664,0,FALSE POSITIVE,15.420409367,133.516609,2.3707,14759.2,,0.02562296949326992
K02197.01,6525249,0,FALSE POSITIVE,1.710316235,131.60973,3.614,409.4,,0.25
K00510.02,6422155,1,CONFIRMED,6.38899658,175.4761,3.5032,543.3,,0.09138628840446472
K00567.03,7445445,1,CONFIRMED,29.02235217,198.37025,4.0263,637.6,,0.02312183380126953
K00153.01,12252424,1,CONFIRMED,8.925079516,139.71389,2.6766,977.5,,0.04998274892568588
K03813.01,5386904,0,FALSE POSITIVE,4.8591441,132.6666,3.8588,2183.6,,0.13235527276992798
K03012.01,7109851,0,FALSE POSITIVE,1.086486129,131.96598,0.8383,66.0,,0.12859497964382172
K01955.04,9892816,1,CONFIRMED,26.2347447,141.99379,3.536,196.5,,0.022463848814368248
K01404.01,8874090,1,CONFIRMED,13.32389352,135.24585,3.2208,781.3,,0.040288522839546204
K03016.01,10617638,0,FALSE POSITIVE,0.710894157,132.05192,1.0183,122.6,,0.23873689770698547
K02191.01,5601258,1,CONFIRMED,8.84784273,140.15085,2.0572,460.2,,0.03875144198536873
K01301.01,10538176,1,CONFIRMED,12.69905011,184.9868,2.9899,797.4,,0.03924046829342842
K04936.01,2305543,0,FALSE POSITIVE,0.681137796,131.57697,2.7287,105189.0,,0.25
K06824.01,7115597,0,FALSE POSITIVE,0.566791946,131.8145,2.77,125.7,,0.25
K03594.01,4079530,0,FALSE POSITIVE,17.72722648,144.070402,4.1376,147144.0,,0.03890061378479004
K03003.01,11255231,0,FALSE POSITIVE,13.6550963,137.52651,4.117,196.3,,0.0502498596906662
K03227.01,8975368,0,FALSE POSITIVE,2.42649862,133.70347,2.014,29.2,,0.1383337527513504
K06073.01,9714358,0,FALSE POSITIVE,6.474202359,134.3950738,3.35989,203491.0,,0.0864943116903305
K04535.01,3547760,0,FALSE POSITIVE,9.8480917,136.80247,3.079,141.9,,0.05210823565721512
K01484.01,11760959,0,FALSE POSITIVE,3.47021401,356.09943,2.289,1105.2,,0.10993558168411255
K05260.01,6289897,0,FALSE POSITIVE,1.55935718,132.54264,2.892,49.7,,0.25
K02176.01,8501062,0,FALSE POSITIVE,24.40213373,149.47431,12.57,,,0.08585314452648163
K03298.01,8151055,1,CONFIRMED,29.9632816,149.94353,2.6,893.2,,0.014462145045399666
K03293.01,3858851,0,FALSE POSITIVE,25.95198823,154.88102,14.602,5103.3,,0.09377573430538177
K00743.01,10464078,0,FALSE POSITIVE,19.40393776,172.484253,12.2155,8918.7,,0.10492286086082458
K01240.02,6690082,1,CONFIRMED,4.807103254,134.640371,0.9393,450.5,,0.03256639093160629
K01576.02,5299459,1,CONFIRMED,13.08424286,132.63129,3.0401,662.0,,0.03872469812631607
K01011.01,5728283,0,FALSE POSITIVE,6.198273591,183.3731434,7.53837,47302.6,,0.20270079374313354
K08079.01,12419303,0,FALSE POSITIVE,0.608074963,131.66689,0.879,117.5,,0.24092423915863037
K07337.01,10535807,0,FALSE POSITIVE,1.481655821,132.699429,3.4913,59134.0,,0.25
K00906.02,8226994,1,CONFIRMED,17.64830851,133.54533,2.0873,763.3,,0.019711993634700775
K06701.01,6390236,0,FALSE POSITIVE,0.89879279,131.6716,1.031,26.6,,0.19118236005306244
K01618.01,7215603,1,CONFIRMED,2.36436762,132.25007,3.372,28.4,,0.23769569396972656
K05717.01,9838414,0,FALSE POSITIVE,1.33261458,132.0098,5.161,1335.3,,0.25
K03121.01,10934313,0,FALSE POSITIVE,1.926888595,131.63323,1.235,130.0,,0.10682160407304764
K01091.01,3098184,0,FALSE POSITIVE,15.2384539,369.56902,19.292,7019.0,,0.21100127696990967
K08145.01,7811537,0,FALSE POSITIVE,16.9341628,145.9902,3.94,207.8,,0.03877762705087662
K00732.01,10265898,1,CONFIRMED,1.260258822,170.408984,1.8594,1130.7,,0.24590186774730682
K00339.02,10587105,1,CONFIRMED,12.8344771,138.32626,3.846,281.0,,0.049943599849939346
K02067.01,9304101,1,CONFIRMED,13.24503482,142.00573,4.4078,156.1,,0.05546480789780617
K06901.01,7670617,0,FALSE POSITIVE,24.70361995,136.13429,6.9719,217538.0,,0.04703696444630623
K02773.01,3130548,0,FALSE POSITIVE,0.878855771,131.49524,1.1014,269.7,,0.208870068192482
K03962.01,5479717,0,FALSE POSITIVE,0.697996932,132.136059,4.3323,9094.6,,0.25
K06056.01,8364115,0,FALSE POSITIVE,7.73590441,137.98785,4.4389,465.3,,0.09563415497541428
K02281.01,9221517,1,CONFIRMED,0.769854899,132.51944,1.0243,109.6,,0.22175174951553345
K02836.01,11414465,1,CONFIRMED,2.94194296,133.1044,2.056,278.0,,0.11647631227970123
K01291.01,10661771,0,FALSE POSITIVE,1.231364189,133.036618,5.8574,1097.1,,0.25
K03912.01,4058881,0,FALSE POSITIVE,7.77241144,132.58122,5.272,286.9,,0.11304942518472672
K01313.01,10785538,0,FALSE POSITIVE,0.522457732,133.751976,0.8907,143.8,,0.25
K00834.03,5436502,1,CONFIRMED,6.15560285,134.81656,4.9843,285.0,,0.13495293259620667
K00502.01,5282051,0,FALSE POSITIVE,5.91037674,171.15166,3.421,256.9,,0.09646875411272049
K00150.02,7626506,1,CONFIRMED,28.5742692,143.8315,4.9427,824.9,,0.028829550370573997
K04872.01,11496490,0,FALSE POSITIVE,1.035268597,131.73249,0.5663,112.2,,0.09116796404123306
K04314.01,8128067,0,FALSE POSITIVE,12.4285576,133.7175,13.98,620.1,,0.18747147917747498
K07405.01,11071207,0,FALSE POSITIVE,8.04963472,138.6541935,6.00488,279647.0,,0.12433028221130371
K06023.01,6182019,0,FALSE POSITIVE,3.664964374,134.152879,3.9058,90827.0,,0.1776188313961029
K01332.02,4455231,1,CONFIRMED,6.09747233,354.05919,3.431,217.6,,0.09378203004598618
K06794.01,6947837,0,FALSE POSITIVE,1.17033848,132.4153,11.56,17.3,,0.25
K06864.01,7362534,0,FALSE POSITIVE,0.566789763,131.81846,4.008,25.4,,0.25
K00253.02,11752906,1,CONFIRMED,20.6180348,145.51232,3.267,769.5,,0.02640891820192337
K00988.02,2302548,1,CONFIRMED,24.5709023,135.87209,3.587,764.2,,0.024330947548151016
K06614.01,5696909,0,FALSE POSITIVE,0.643002821,131.689685,1.02608,2671.5,,0.25
K00951.01,9775938,1,CONFIRMED,13.19720694,171.545479,3.4872,2141.4,,0.04403962194919586
K00046.01,10905239,1,CONFIRMED,3.487688776,170.932217,3.83661,1298.8,,0.18334060907363892
K05569.01,8747222,0,FALSE POSITIVE,1.667482003,133.17729,1.5931,545.5,,0.15923210978507996
K00831.01,5370302,0,FALSE POSITIVE,3.9043425,173.393734,3.831,16228.4,,0.16353586316108704
K02374.01,9364290,1,CONFIRMED,5.26211833,136.37566,3.244,194.5,,0.10274696350097656
K05242.01,6143819,0,FALSE POSITIVE,28.1117095,138.30651,1.689,119.4,,0.010013621300458908
K00528.03,9941859,1,CONFIRMED,20.55280311,145.02837,2.2013,727.3,,0.017850767821073532
K04484.01,9898017,1,CONFIRMED,2.29794819,131.49826,2.84,83.2,,0.20598085224628448
K03374.01,6705026,1,CONFIRMED,9.5084871,140.5602,4.372,97.9,,0.07663328945636749
K04474.01,4381429,1,CONFIRMED,16.473474,142.68604,4.201,470.5,,0.04250267148017883
K04744.01,5709906,0,FALSE POSITIVE,3.39155966,134.1211,3.87,28.4,,0.19017799198627472
K06225.01,10483644,0,FALSE POSITIVE,5.110771787,133.315344,2.48392,50681.0,,0.08100277185440063
K02793.01,9823519,1,CONFIRMED,4.49686066,134.20642,1.7306,1932.5,,0.06414104253053665
K00544.01,11913012,0,FALSE POSITIVE,3.74782314,171.66634,5.133,423.4,,0.22826583683490753
K00864.02,6849310,1,CONFIRMED,20.0504494,188.08821,4.556,840.9,,0.037871137261390686
K00817.01,4725681,1,CONFIRMED,23.96793669,186.22182,3.827,1182.3,,0.026611940935254097
K00481.02,11192998,1,CONFIRMED,1.55400389,169.830304,1.7664,465.8,,0.1894461214542389
K02722.02,7673192,1,CONFIRMED,11.24284815,136.32084,4.241,136.0,,0.062869593501091
K04930.01,2015013,0,FALSE POSITIVE,27.8923345,146.02135,2.204,139.6,,0.013169687241315842
K00285.02,6196457,1,CONFIRMED,26.723169,147.93696,8.501,195.0,,0.05301891267299652
K07652.01,3345973,0,FALSE POSITIVE,15.3466028,143.8142,4.966,238.5,,0.0539315901696682
K07420.01,11228612,0,FALSE POSITIVE,2.980479588,134.40206,3.72527,375343.0,,0.208314910531044
K07945.01,9579753,0,FALSE POSITIVE,1.08908149,132.0192,2.262,130.7,,0.25
K00503.01,5340644,1,CONFIRMED,8.22241355,172.95657,2.71,1468.6,,0.0549311526119709
K00754.01,10848459,0,FALSE POSITIVE,1.736952453,170.307565,2.40641,8079.2,,0.23090346157550812
K01590.02,5542466,1,CONFIRMED,2.35574505,177.88824,1.796,266.9,,0.1270652562379837
K02988.01,1725415,0,FALSE POSITIVE,2.43731228,132.06982,1.89,,,0.1292407214641571
K00313.01,7419318,1,CONFIRMED,18.73577127,177.634372,3.0356,567.2,,0.02700360305607319
K04343.01,8087812,1,CONFIRMED,27.2106807,132.3793,10.515,99.4,,0.06440486013889313
K07459.01,11601357,0,FALSE POSITIVE,3.55027051,133.7711,1.879,212.7,,0.08820924162864685
K01714.01,9655129,0,FALSE POSITIVE,2.743978797,133.76412,6.442,39994.0,,0.25
K06074.01,9851123,0,FALSE POSITIVE,8.4803048,135.85228,7.5348,2672.9,,0.14808429777622223
K03707.01,5130380,0,FALSE POSITIVE,19.979098,137.14659,10.5638,38418.0,,0.08812376111745834
K02708.01,5175986,1,CONFIRMED,0.868386354,132.06741,1.066,488.5,,0.20459403097629547
K05980.01,12736658,0,FALSE POSITIVE,0.855294909,131.6579596,2.89112,6771.6,,0.25
K04565.01,8453851,0,FALSE POSITIVE,2.78801663,132.5612,17.354,14.0,,0.25
K06522.01,5112198,0,FALSE POSITIVE,3.21559054,133.5375,16.261,202.4,,0.25
K01449.01,7802136,0,FALSE POSITIVE,10.980246199,137.1376073,3.74464,50078.0,,0.05683904141187668
K00695.01,8805348,1,CONFIRMED,29.90721859,175.29337,4.8475,588.0,,0.027014102786779404
K01860.01,4157325,1,CONFIRMED,6.31943553,132.22892,3.3422,581.1,,0.08814606070518494
K00241.03,11288051,1,CONFIRMED,3.41045981,131.58062,2.866,136.2,,0.14005932211875916
K06979.01,8155584,0,FALSE POSITIVE,26.0164225,157.37769,4.1768,41109.0,,0.026757458224892616
K06990.01,8196180,0,FALSE POSITIVE,3.671661096,132.0909174,4.29947,129243.0,,0.19516462087631226
K00910.01,8414716,1,CONFIRMED,5.392026903,171.72707,2.9804,1151.4,,0.09212367236614227
K00839.01,5649215,0,FALSE POSITIVE,2.446737317,170.66951,4.7211,1177.9,,0.25
K01608.01,10055126,1,CONFIRMED,9.17617167,138.71393,4.2642,206.9,,0.07745060324668884
K03056.01,7216284,1,CONFIRMED,6.69958851,134.1468,2.831,253.7,,0.07042720913887024
K07109.01,8938628,0,FALSE POSITIVE,3.431126546,133.593104,2.7986,40248.0,,0.135941743850708
K00222.02,4249725,1,CONFIRMED,12.7945474,130.7668,3.4197,816.7,,0.04454632103443146
K01860.03,4157325,1,CONFIRMED,3.07644709,353.7643,2.6326,216.7,,0.1426212340593338
K03920.01,2437488,0,FALSE POSITIVE,14.46993942,141.81105,7.455,1235.3,,0.08586767315864563
K06832.01,7125636,0,FALSE POSITIVE,6.49066214,132.0676273,3.47128,195090.0,,0.08913522958755493
K06169.01,8043882,0,FALSE POSITIVE,0.779609509,131.67843,4.013,88.5,,0.25
K04321.01,12418891,0,FALSE POSITIVE,0.760941405,131.62978,1.773,186.6,,0.25
K02447.01,3946023,0,FALSE POSITIVE,1.045492348,132.27517,2.933,28.7,,0.25
K00892.01,7678434,1,CONFIRMED,10.37168928,172.61729,3.035,1254.9,,0.04877058416604996
K07260.01,9944421,0,FALSE POSITIVE,7.09520543,135.3715105,3.69044,232683.0,,0.0866885855793953
K06009.01,5471192,0,FALSE POSITIVE,12.4262889,141.4617,18.764,94.2,,0.25
K08022.01,10535897,0,FALSE POSITIVE,0.93372008,131.544,2.591,17.0,,0.25
K01050.01,5809890,1,CONFIRMED,1.269091415,133.343682,1.4647,340.9,,0.1923554688692093
K03716.01,8719324,0,FALSE POSITIVE,10.23335969,139.7882155,7.55,,,0.12296385318040848
K00801.01,3351888,1,CONFIRMED,1.625522174,170.8266564,2.38963,7969.0,,0.24501152336597443
K06758.01,6697716,0,FALSE POSITIVE,0.721624431,131.859672,2.54242,157754.0,,0.25
K03125.01,8751796,1,CONFIRMED,4.45342418,133.09066,3.654,46.6,,0.13674870133399963
K02184.01,12885212,0,FALSE POSITIVE,2.057499811,133.31318,2.569,325.6,,0.20810046792030334
K02073.02,8164257,1,CONFIRMED,6.47539108,137.5825,2.7048,530.6,,0.06961742043495178
K00879.01,7351237,0,FALSE POSITIVE,25.64384513,177.41892,5.05,,,0.03282139077782631
K01916.01,6037581,1,CONFIRMED,20.67876365,151.69245,4.6395,323.9,,0.03739343583583832
K01321.01,4480676,0,FALSE POSITIVE,0.711966971,134.223486,2.0221,6227.5,,0.25
K06727.01,6531801,0,FALSE POSITIVE,0.515875396,131.7013,1.21,1773.0,,0.25
K00238.01,7219825,1,CONFIRMED,17.23232894,135.0922,4.5568,509.8,,0.04407219961285591
K07916.01,8953296,0,FALSE POSITIVE,0.784294574,132.2265109,4.18831,212526.0,,0.25
K06961.01,8094140,0,FALSE POSITIVE,0.706428634,132.1461749,1.75182,372128.0,,0.25
K08295.01,11923074,0,FALSE POSITIVE,1.75647084,132.02757,2.538,69.5,,0.24082380533218384
K00670.01,7033671,1,CONFIRMED,9.48965527,171.92604,3.587,262.2,,0.06299842149019241
K04529.01,6610064,0,FALSE POSITIVE,0.584148495,131.84461,1.6192,66.2,,0.25
K03461.02,2437112,0,FALSE POSITIVE,3.18740907,132.8032,6.19,137.5,,0.25
K01970.01,9650808,1,CONFIRMED,21.96401646,133.03586,2.7509,693.4,,0.02087429352104664
K02851.01,6697605,1,CONFIRMED,3.42064689,132.30629,1.767,356.8,,0.08609482645988464
K05280.01,6387887,0,FALSE POSITIVE,0.650701055,131.830637,0.89164,371061.0,,0.22837932407855988
K01306.02,10858691,1,CONFIRMED,3.468073,136.00831,2.361,243.9,,0.11346358805894852
K02352.02,8013439,1,CONFIRMED,5.62904396,134.74679,3.7295,39.5,,0.11042431741952896
K06973.01,8123937,0,FALSE POSITIVE,0.503201954,131.78436,0.167,43.0,,0.05531245097517967
K00137.01,8644288,1,CONFIRMED,7.641567589,135.407564,3.41018,2269.7,,0.07437784224748611
K02942.02,4385148,1,CONFIRMED,24.2758992,152.43133,4.59,702.2,,0.03151273727416992
K03414.01,6023859,0,FALSE POSITIVE,27.009807384,141.2897316,1.96698,67898.0,,0.012137442827224731
K02693.02,5185897,1,CONFIRMED,11.41941928,142.11859,3.3075,150.5,,0.048273034393787384
K04228.01,9535881,0,FALSE POSITIVE,0.960842633,131.777663,2.6441,2022.9,,0.25
K03438.01,6599975,1,CONFIRMED,14.5565618,141.03671,4.554,103.8,,0.05214143171906471
K00500.01,4852528,1,CONFIRMED,7.053527145,176.474146,2.3982,1480.1,,0.05666668340563774
K01364.02,6962977,1,CONFIRMED,7.0556584,181.91205,3.0479,705.6,,0.07199659198522568
K06084.01,11021252,0,FALSE POSITIVE,3.269176601,133.257825,2.7233,59095.0,,0.13883720338344574
K04650.01,9824928,0,FALSE POSITIVE,1.69999106,131.6296,3.289,95.6,,0.25
K04642.01,4664743,0,FALSE POSITIVE,1.27839331,132.0902,6.343,19.5,,0.25
K01004.01,2309585,0,FALSE POSITIVE,1.838514968,352.72266,2.7391,2721.7,,0.24830728769302368
K01218.01,3442055,1,CONFIRMED,29.6193891,133.68205,4.9595,314.7,,0.027906833216547966
K01614.01,10514429,0,FALSE POSITIVE,20.7191626,143.30626,3.912,184.4,,0.031468454748392105
K03101.01,11508644,1,CONFIRMED,14.2563272,133.40971,4.796,206.1,,0.056068673729896545
K00257.01,5514383,1,CONFIRMED,6.88341278,172.66227,2.0674,487.4,,0.050057534128427505
K03659.01,4386047,0,FALSE POSITIVE,2.900613144,133.422871,3.7357,165475.0,,0.2146500200033188
K06917.01,7798259,0,FALSE POSITIVE,1.734221252,132.833439,2.4577,289817.0,,0.23619630932807922
K01839.01,5856571,1,CONFIRMED,9.59068586,132.68264,3.452,544.6,,0.05998875945806503
K07533.01,12418816,0,FALSE POSITIVE,0.760935268,131.6357605,2.77023,370600.0,,0.25
K00995.01,3858949,0,FALSE POSITIVE,25.9518461,154.88212,14.581,1058.5,,0.09364137798547745
K00442.01,3745690,1,CONFIRMED,13.54057461,171.67762,4.4673,461.0,,0.05498658865690231
K00733.02,10271806,1,CONFIRMED,11.34934848,134.31805,3.1101,1249.8,,0.0456722266972065
K00171.01,7831264,1,CONFIRMED,5.968724048,137.158607,3.651,510.6,,0.1019480898976326
K03585.01,2019076,0,FALSE POSITIVE,3.564614021,131.86235,3.44204,94342.0,,0.16093561053276062
K00260.03,8292840,1,CONFIRMED,21.86965714,140.29513,5.5177,125.5,,0.04204988852143288
K01306.01,10858691,1,CONFIRMED,1.796320953,133.33662,1.9139,210.9,,0.17757591605186462
K01673.01,5271608,0,FALSE POSITIVE,2.49047468,133.44225,2.2003,222.2,,0.14724770188331604
K03650.01,6227560,0,FALSE POSITIVE,2.401751509,133.711919,2.0835,25044.0,,0.14458198845386505
K02461.01,9837685,1,CONFIRMED,13.71218522,135.51875,2.437,786.7,,0.029620856046676636
K07176.01,9468296,0,FALSE POSITIVE,5.748815953,132.28021,1.9216,11657.0,,0.055710021406412125
K07229.01,9777062,0,FALSE POSITIVE,19.230038188,132.5814956,7.04412,266180.0,,0.06105136126279831
K07401.01,11027270,0,FALSE POSITIVE,0.533628226,132.00331,5.772,81.8,,0.25
K06317.01,3248332,0,FALSE POSITIVE,7.363572395,138.70442,5.7545,129696.0,,0.13024701178073883
K00654.01,5941160,1,CONFIRMED,8.59481851,171.62781,3.254,336.5,,0.06310003250837326
K01850.01,8826168,1,CONFIRMED,11.55103848,134.90803,3.3601,402.8,,0.048481933772563934
K02883.01,5209845,1,CONFIRMED,11.95401876,140.26226,2.656,855.9,,0.03703078255057335
K02128.01,7019489,0,FALSE POSITIVE,24.2598301,132.47982,3.897,1540.3,,0.026772651821374893
K07034.01,8411947,0,FALSE POSITIVE,0.898837525,132.13405,3.5342,399778.0,,0.25
K00188.01,5357901,1,CONFIRMED,3.797018259,133.508776,2.2608,14431.2,,0.09923576563596725
K00021.01,10125352,0,FALSE POSITIVE,4.288515468,121.97268,2.2959,3456.7,,0.08922667801380157
K03600.01,9529733,0,FALSE POSITIVE,4.80912667,134.07939,7.9331,134093.0,,0.25
K03645.01,5816806,0,FALSE POSITIVE,4.45543346,134.453921,5.116,245681.0,,0.19137682020664215
K03648.01,3097352,0,FALSE POSITIVE,4.029803201,134.422433,4.4301,191073.0,,0.18322235345840454
K01538.01,9963461,0,FALSE POSITIVE,10.581581895,183.008458,6.66929,112642.0,,0.10504557192325592
K02827.01,7428736,1,CONFIRMED,7.06321927,132.52395,2.411,207.2,,0.05689096078276634
K05032.01,3973549,0,FALSE POSITIVE,1.389947459,132.266549,1.193,1213.8,,0.14305096864700317
K06869.01,7368103,0,FALSE POSITIVE,2.182515126,132.354186,6.8413,114931.0,,0.25
K06865.01,7362632,0,FALSE POSITIVE,0.566811926,131.79708,4.181,82.6,,0.25
K02660.01,9893318,1,CONFIRMED,18.0161227,145.24169,4.016,499.5,,0.03715190663933754
K02327.01,10730703,1,CONFIRMED,5.60013327,135.96495,2.6508,329.2,,0.07889097929000854
K03558.01,9965206,0,FALSE POSITIVE,16.227548674,136.6397289,5.08666,192688.0,,0.05224305018782616
K06203.01,9394605,0,FALSE POSITIVE,0.87683182,132.06142,1.96,,,0.25
K00321.01,8753657,1,CONFIRMED,2.426304127,170.455517,2.6624,185.4,,0.18288446962833405
K07334.01,10486425,0,FALSE POSITIVE,5.274819905,136.708908,4.6688,108965.0,,0.14751847088336945
K00828.01,5287983,0,FALSE POSITIVE,2.507089906,171.002455,2.0067,1339.2,,0.13340167701244354
K03859.01,9692336,0,FALSE POSITIVE,0.687898282,131.595979,3.96401,293505.0,,0.25
K05096.01,4863260,0,FALSE POSITIVE,0.987069622,131.9133173,1.0092,384.8,,0.1704033762216568
K06859.01,7285616,0,FALSE POSITIVE,0.566802891,131.79487,1.861,49.2,,0.25
K05252.01,6206470,0,FALSE POSITIVE,1.80455062,132.4262,2.166,39.7,,0.20004980266094208
K02035.01,9790806,1,CONFIRMED,1.93155546,131.76708,1.614,504.9,,0.1392659991979599
K00744.02,10480982,0,FALSE POSITIVE,2.03746414,131.54567,2.895,138.8,,0.2368139773607254
K01518.01,7549209,1,CONFIRMED,27.5071114,151.84775,5.907,580.7,,0.03579074516892433
K00749.02,10601284,1,CONFIRMED,3.94105221,136.08662,2.5984,363.3,,0.1098860502243042
K06048.02,8019043,0,FALSE POSITIVE,0.80489537,132.0521644,0.92,,,0.19050094485282898
K03839.01,10095484,0,FALSE POSITIVE,0.677761275,131.625946,3.7085,877.9,,0.25
K06461.01,4851338,0,FALSE POSITIVE,1.23516416,131.99301,4.713,64.6,,0.25
K04766.02,4919550,0,FALSE POSITIVE,2.45261841,133.60879,1.9,85.5,,0.12911371886730194
K03998.01,7707742,0,FALSE POSITIVE,0.758354475,132.623984,4.56811,581782.0,,0.25
K04305.01,5536715,0,FALSE POSITIVE,0.935086665,131.52593,1.12,71.2,,0.19962498545646667
K06523.01,5113809,0,FALSE POSITIVE,1.547426532,132.8859128,16.1346,532.9,,0.25
K04805.01,8960918,0,FALSE POSITIVE,1.19087362,131.71838,1.785,67.5,,0.24981659650802612
K03204.01,11456279,0,FALSE POSITIVE,0.572937573,131.69432,2.576,80.8,,0.25
K01598.03,10004738,1,CONFIRMED,13.93068791,134.42851,2.312,186.5,,0.027660753577947617
K02674.03,8022489,1,CONFIRMED,2.53573284,133.01581,3.989,68.0,,0.25
K07015.01,8302473,0,FALSE POSITIVE,2.44200193,132.1295,3.146,128.6,,0.21471454203128815
K07713.01,5009688,0,FALSE POSITIVE,1.381257093,131.84079,1.125,92.3,,0.13574591279029846
K01920.01,8218379,1,CONFIRMED,16.57099265,133.90704,2.9052,644.9,,0.0292197335511446
K02711.01,5272233,1,CONFIRMED,9.02436414,133.54199,3.011,214.6,,0.05560871958732605
K06499.01,5026187,0,FALSE POSITIVE,3.58966681,134.56621,18.534,421.3,,0.25
K06912.01,7751562,0,FALSE POSITIVE,17.042155208,142.4257555,7.80412,55165.0,,0.07632172107696533
K02485.02,11125613,1,CONFIRMED,3.60082855,134.037,1.938,296.3,,0.0897015780210495
K08130.01,6953281,0,FALSE POSITIVE,0.566799395,131.79717,1.5368,231.2,,0.25
K01241.01,6448890,1,CONFIRMED,21.4054422,147.08981,11.721,409.3,,0.0912618413567543
K03790.01,7296094,0,FALSE POSITIVE,0.890745373,131.884401,1.9215,120034.0,,0.25
K03883.01,9592850,0,FALSE POSITIVE,1.219324537,131.94673,4.7501,379055.0,,0.25
K07008.01,8285254,0,FALSE POSITIVE,7.535894184,137.781231,8.3059,172126.0,,0.18369640409946442
K01523.01,9850893,0,FALSE POSITIVE,8.48039789,135.85018,6.249,259.7,,0.12281263619661331
K00604.01,3970233,0,FALSE POSITIVE,8.254912972,174.43554,6.8822,19242.4,,0.1389515995979309
K02561.01,7259298,1,CONFIRMED,3.23941775,133.98383,2.569,77.4,,0.13217395544052124
K01957.02,10028352,0,FALSE POSITIVE,1.75147897,132.47509,7.89,76.7,,0.25
K03159.01,5200084,0,FALSE POSITIVE,2.9039446,133.8526,10.542,13.1,,0.25
K07881.01,8345473,0,FALSE POSITIVE,2.2502073,133.6127,2.203,260.1,,0.16317015886306763
K05335.01,6891512,0,FALSE POSITIVE,1.752562808,132.7222455,6.1245,368004.0,,0.25
K00605.01,4832837,1,CONFIRMED,2.628117322,169.718913,1.8289,936.8,,0.11598289757966995
K01983.01,12691412,0,FALSE POSITIVE,6.90522317,137.02059,3.533,420.3,,0.0852736160159111
K01179.01,3655332,0,FALSE POSITIVE,15.06649901,140.654788,5.9885,36348.0,,0.06624520570039749
K01405.01,9264949,1,CONFIRMED,11.41911886,186.30498,5.135,509.2,,0.07494740933179855
K01530.01,11954842,1,CONFIRMED,12.98494603,139.78207,3.4497,257.2,,0.04427819699048996
K00760.01,11138155,1,CONFIRMED,4.959319244,172.2585292,2.22739,9802.0,,0.07485536485910416
K00514.01,7602070,0,FALSE POSITIVE,11.75560012,176.07519,4.7,648.8,,0.06663490831851959
K00691.01,8480285,1,CONFIRMED,29.66631669,189.36948,8.412,668.0,,0.04725898429751396
K07422.01,11233911,0,FALSE POSITIVE,2.479948394,133.643169,5.7219,150682.0,,0.25
K04355.04,4571004,0,FALSE POSITIVE,28.5463574,159.2763,9.29,153.3,,0.05423926189541817
K01907.01,7094486,1,CONFIRMED,11.35010642,134.04612,2.2792,1221.0,,0.03346811607480049
K01605.01,5009189,0,FALSE POSITIVE,4.93913074,135.05172,1.362,382.9,,0.04595950245857239
K00749.03,10601284,1,CONFIRMED,8.10904807,132.8031,3.596,217.4,,0.0739092081785202
K07202.01,9602431,0,FALSE POSITIVE,3.5565617,133.522,6.691,68.0,,0.25
K01108.02,3218908,1,CONFIRMED,1.475323222,131.83272,2.3155,154.9,,0.25
K01533.01,7808587,1,CONFIRMED,6.24145791,134.88892,3.0998,163.7,,0.08277446031570435
K00346.01,11100383,1,CONFIRMED,12.92489803,170.78679,2.6811,959.0,,0.03457280620932579
K02117.01,4140813,1,CONFIRMED,13.36019864,131.81481,2.788,699.9,,0.03477992117404938
K01781.02,11551692,1,CONFIRMED,3.005156911,137.103362,2.0747,691.6,,0.11506331712007523
K00473.01,10155434,1,CONFIRMED,12.70636123,180.63164,2.395,871.7,,0.031414709985256195
K01371.01,6878167,0,FALSE POSITIVE,0.833980196,133.68304,1.756,261.2,,0.25
K00230.01,3862246,0,FALSE POSITIVE,4.702495974,136.308468,2.3421,4787.3,,0.08300910890102386
K02111.01,8612275,1,CONFIRMED,3.289726319,131.75522,2.3274,234.9,,0.11791254580020905
K02113.01,7207061,1,CONFIRMED,15.94248453,146.33157,3.4894,1093.7,,0.03647904843091965
K03145.01,1717722,1,CONFIRMED,4.53702121,132.1846,1.813,504.4,,0.06660023331642151
K01894.01,11673802,1,CONFIRMED,5.28790754,135.36119,8.5274,343.9,,0.25
K06078.01,10288922,0,FALSE POSITIVE,10.157715971,139.442275,2.9526,9520.1,,0.0484459288418293
K01769.01,8444552,0,FALSE POSITIVE,0.589049151,132.1792702,2.25397,61953.4,,0.25
K03861.01,8588377,0,FALSE POSITIVE,0.99466172,131.63284,1.576,1370.5,,0.25
K06811.01,7032383,0,FALSE POSITIVE,0.566797404,131.83652,4.109,69.4,,0.25
K03033.01,7186665,0,FALSE POSITIVE,8.55935323,137.22854,4.303,148.8,,0.08378748595714569
K01114.01,3337425,0,FALSE POSITIVE,7.04710032,139.79737,2.926,400.9,,0.0692010372877121
K02439.01,6867555,1,CONFIRMED,5.19103699,135.21628,4.222,290.1,,0.13555416464805603
K02924.01,7609553,1,CONFIRMED,2.279523364,133.3576,1.6202,126.8,,0.11846043914556503
K03560.01,4848423,0,FALSE POSITIVE,1.501760172,131.5669078,5.85519,387905.0,,0.25
K07855.01,7891264,0,FALSE POSITIVE,25.166806,150.271,2.111,1350.0,,0.01398005522787571
K00476.01,10599206,1,CONFIRMED,18.42794957,178.43963,2.9264,706.6,,0.02646704390645027
K00711.02,9597345,1,CONFIRMED,3.619309734,135.44164,3.0504,206.6,,0.1404687762260437
K03124.01,4076976,0,FALSE POSITIVE,4.8807805,133.705,9.4,79.0,,0.25
K00355.01,11621223,1,CONFIRMED,4.903321801,172.900587,2.8887,334.5,,0.09818854182958603
K01378.01,7375795,0,FALSE POSITIVE,19.30112039,133.35614,6.0752,232.3,,0.05245982110500336
K03989.01,5551504,0,FALSE POSITIVE,1.204529346,131.93613,1.62,86.9,,0.22415393590927124
K03855.01,2558370,0,FALSE POSITIVE,0.546248198,131.585311,2.1081,114528.0,,0.25
K04342.01,7211879,0,FALSE POSITIVE,0.594310785,131.7595,0.9994,112.5,,0.25
K07216.01,9652166,0,FALSE POSITIVE,0.646523404,131.6881,3.917,25.2,,0.25
K00169.01,6185711,0,FALSE POSITIVE,11.70219638,151.13414,2.6658,639.7,,0.03796723112463951
K06323.01,3335816,0,FALSE POSITIVE,3.711013336,132.4882537,3.31024,24989.1,,0.14866739511489868
K02806.01,7047824,1,CONFIRMED,24.7543849,140.20732,3.39,593.3,,0.0228242389857769
K07505.01,12013615,0,FALSE POSITIVE,8.202869679,138.5109062,7.29811,345937.0,,0.1482836753129959
K02777.01,6545051,0,FALSE POSITIVE,1.99566293,132.8585,4.514,197.0,,0.25
K04070.01,10186945,0,FALSE POSITIVE,0.793663156,131.79065,0.8244,186.2,,0.17312130331993103
K00650.01,5786676,1,CONFIRMED,11.95474513,178.721694,2.1433,903.4,,0.029880743473768234
K07768.01,6187888,0,FALSE POSITIVE,0.789171236,132.12333,1.734,73.4,,0.25
K02279.02,3661886,1,CONFIRMED,12.50945798,136.99217,3.479,155.3,,0.0463515967130661
K06486.01,5017058,0,FALSE POSITIVE,1.161947482,132.2121368,4.46886,129896.0,,0.25
K06799.01,6962018,0,FALSE POSITIVE,0.634946497,132.074576,2.40541,426554.0,,0.25
K02929.01,8358012,0,FALSE POSITIVE,10.06478627,135.24121,2.86,285.7,,0.04735983908176422
K00520.03,8037145,1,CONFIRMED,25.75274977,136.43851,2.7678,738.9,,0.017912650480866432
K02586.02,9827149,0,FALSE POSITIVE,5.9703813,356.5416,0.669,210.3,,0.01867552474141121
K06183.01,8590780,0,FALSE POSITIVE,4.326946311,132.1921929,5.55905,409031.0,,0.21412521600723267
K00474.01,10460984,1,CONFIRMED,10.94577783,176.71834,3.0937,532.8,,0.04710644483566284
K03051.02,9959492,0,FALSE POSITIVE,1.33258772,132.0314,5.187,70.8,,0.25
K07254.01,9913798,0,FALSE POSITIVE,2.14344093,133.497247,3.9741,133317.0,,0.25
K00574.01,8355239,1,CONFIRMED,20.13490007,171.36734,3.7962,1035.2,,0.03142305091023445
K02383.01,9395024,1,CONFIRMED,4.37033233,131.92696,2.845,177.8,,0.10849671065807343
K00989.02,10743597,0,FALSE POSITIVE,0.817026268,132.835239,2.0799,1145.5,,0.25
K07102.01,8868657,0,FALSE POSITIVE,4.4473549,133.8362,18.99,203.6,,0.25
K05115.01,5016163,0,FALSE POSITIVE,2.6228301,131.8572135,7.29719,409714.0,,0.25
K00427.01,10189546,1,CONFIRMED,24.61480613,191.741225,2.6602,1798.0,,0.018012193962931633
K04679.01,6543645,0,FALSE POSITIVE,1.19550618,132.3006,3.337,26.9,,0.25
K01725.01,10905746,1,CONFIRMED,9.8786461,138.41159,1.8915,1472.7,,0.031912267208099365
K04788.01,9396760,0,FALSE POSITIVE,2.17811908,132.02334,1.468,74.0,,0.11232933402061462
K00786.01,12110942,1,CONFIRMED,3.689920099,170.36571,2.6557,426.7,,0.11995291709899902
K01467.01,7770450,0,FALSE POSITIVE,1.157808038,354.74488,3.6705,866.7,,0.25
K05483.01,8179747,0,FALSE POSITIVE,17.946328114,136.9472719,8.15905,102994.0,,0.07577269524335861
K02711.02,5272233,1,CONFIRMED,17.3408735,138.96694,3.398,159.0,,0.03265887126326561
K07788.01,6679504,0,FALSE POSITIVE,0.798467681,132.04627,0.86,120.7,,0.17951050400733948
K02168.02,11308499,1,CONFIRMED,12.51610549,135.03333,4.853,263.0,,0.0646234005689621
K05293.01,6525196,0,FALSE POSITIVE,1.710299164,131.6153344,3.92227,157266.0,,0.25
K07431.01,11285625,0,FALSE POSITIVE,5.39525573,131.542553,7.8377,104242.0,,0.2421170324087143
K01955.01,9892816,1,CONFIRMED,15.17026921,132.6655,4.3311,224.8,,0.0475832037627697
K02673.01,10747445,0,FALSE POSITIVE,4.593595496,134.88971,2.7468,45034.0,,0.0996604934334755
K06606.01,5621294,0,FALSE POSITIVE,0.938905082,131.8411582,5.00453,358893.0,,0.25
K04043.01,5112567,0,FALSE POSITIVE,1.6156052,131.4952,14.55,1582.0,,0.25
K02467.01,11818607,1,CONFIRMED,5.05661302,134.39648,3.926,137.9,,0.12940150499343872
K01599.01,5474613,1,CONFIRMED,20.4074846,140.1821,8.839,363.4,,0.07218756526708603
K05607.01,9049697,0,FALSE POSITIVE,1.3274511,131.59052,3.465,123.6,,0.25
K02369.01,5602588,1,CONFIRMED,11.01819178,139.87858,4.635,545.7,,0.07011131942272186
K02304.01,8042453,1,CONFIRMED,11.17392077,134.70626,3.307,324.8,,0.04932616651058197
K02034.01,3657758,1,CONFIRMED,3.609313059,133.79024,1.7752,1375.1,,0.0819731205701828
K01785.01,9366989,0,FALSE POSITIVE,1.219034472,132.100235,2.151,6923.8,,0.25
K02315.01,6062929,1,CONFIRMED,22.1334224,152.18405,2.049,654.6,,0.015429154969751835
K03093.01,5096590,1,CONFIRMED,29.6099055,137.3316,7.433,120.1,,0.041838474571704865
K03129.01,6964159,0,FALSE POSITIVE,25.503628,139.3578,3.913,204.4,,0.02557152509689331
K06922.01,7838639,0,FALSE POSITIVE,2.113197701,132.3310213,3.46341,57315.5,,0.25
K01646.01,11046025,1,CONFIRMED,3.72020708,133.41684,1.892,156.9,,0.08476230502128601
K00053.01,2445975,0,FALSE POSITIVE,3.388887193,172.259054,2.4475,11267.8,,0.12036891281604767
K00755.01,10854555,1,CONFIRMED,2.525591777,171.59555,1.6545,603.3,,0.10918233543634415
K03268.01,8379021,0,FALSE POSITIVE,11.52482874,134.08163,1.724,577.6,,0.02493167854845524
K01583.01,12602568,1,CONFIRMED,8.04727721,137.2073,5.159,486.0,,0.10684773325920105
K04212.01,1724719,1,CONFIRMED,5.79179934,133.35814,3.474,118.5,,0.09996893256902695
K03317.01,7130418,0,FALSE POSITIVE,15.52861675,145.70184,2.131,500.0,,0.022871751338243484
K00363.01,2438070,0,FALSE POSITIVE,2.442945167,171.09721,4.0145,677.9,,0.25
K02532.01,5174858,1,CONFIRMED,7.9709719,134.0507,1.2893,488.4,,0.02695823460817337
K00362.01,1571511,0,FALSE POSITIVE,14.022451457,177.5952096,8.08619,20082.9,,0.096110038459301
K01418.01,11100657,0,FALSE POSITIVE,8.344104633,361.839209,1.8014,9695.0,,0.03598149120807648
K00741.01,10418797,0,FALSE POSITIVE,23.355341391,169.8339432,4.60672,38524.0,,0.03287413716316223
K02878.01,5106313,1,CONFIRMED,3.89524296,131.85929,1.689,189.0,,0.07226763665676117
K00860.01,6680177,0,FALSE POSITIVE,16.61474421,177.04832,2.77,,,0.027786564081907272
K07134.01,9101208,0,FALSE POSITIVE,1.81139053,132.9689,8.64,77.5,,0.25
K04211.01,5078025,0,FALSE POSITIVE,0.696286519,131.87824,3.194,120.8,,0.25
K04373.01,6778008,0,FALSE POSITIVE,0.945829261,132.09286,1.715,98.2,,0.25
K00671.04,7040629,1,CONFIRMED,11.1317901,134.42272,4.051,95.5,,0.06065211817622185
K07304.01,10275887,0,FALSE POSITIVE,9.726748645,139.4774644,19.4093,393412.0,,0.25
K01747.01,7032421,0,FALSE POSITIVE,20.55848388,133.00401,1.449,677.3,,0.011746975593268871
K00784.02,12066335,1,CONFIRMED,10.06524317,136.28906,1.369,1053.3,,0.02266876772046089
K01992.02,11450414,1,CONFIRMED,27.3214242,154.29833,4.836,279.6,,0.029500657692551613
K01591.01,10028140,1,CONFIRMED,19.65639342,140.29937,3.226,843.2,,0.02735327184200287
K03745.01,2437783,0,FALSE POSITIVE,7.45306683,131.76434,4.7617,46552.0,,0.1064818948507309
K02831.01,9692557,0,FALSE POSITIVE,0.571940563,131.71371,0.9031,54.3,,0.25
K01781.01,11551692,1,CONFIRMED,7.834433676,135.222143,2.89,2018.1,,0.061480727046728134
K02159.02,8804455,0,FALSE POSITIVE,2.392630668,133.7861,1.3705,101.5,,0.095466747879982
K02562.01,10415227,0,FALSE POSITIVE,2.9322509,133.7648,2.931,181.2,,0.16659556329250336
K03290.01,4936990,0,FALSE POSITIVE,10.31453308,132.53723,3.6641,2004.1,,0.05920610576868057
K03676.01,5738506,0,FALSE POSITIVE,9.50158045,131.97492,5.0701,443400.0,,0.08893432468175888
K00010.01,6922244,1,CONFIRMED,3.522498429,121.1194228,3.19843,9145.7,,0.15133340656757355
K00296.01,11802615,1,CONFIRMED,28.86236571,178.48498,5.4033,449.2,,0.031201530247926712
K07944.01,9541094,0,FALSE POSITIVE,0.536654028,131.70663,2.783,41.0,,0.25
K00181.01,12504988,0,FALSE POSITIVE,5.093938816,139.7178386,3.93144,25026.7,,0.12863130867481232
K06066.01,9221398,0,FALSE POSITIVE,13.787520532,136.762097,2.55435,12978.3,,0.03087756037712097
K00495.01,4049108,0,FALSE POSITIVE,4.804469031,169.63529,3.4587,744.4,,0.1199820414185524
K07892.01,8540376,1,CONFIRMED,10.692115,141.116,4.657,408.4,,0.07259243726730347
K04165.01,6042031,0,FALSE POSITIVE,0.537110149,131.55982,1.7976,92.0,,0.25
K01347.01,7037540,0,FALSE POSITIVE,14.405857436,360.3847471,5.48509,30430.6,,0.06345902383327484
K01017.01,8174625,1,CONFIRMED,17.44486016,141.6802,4.445,826.9,,0.0424671396613121
K06524.01,5115178,0,FALSE POSITIVE,12.851722103,132.8395131,5.71731,42518.6,,0.07414453476667404
K01702.01,7304449,1,CONFIRMED,1.538180949,131.822823,1.2635,841.0,,0.13690413534641266
K03698.01,4372765,0,FALSE POSITIVE,15.64064161,140.08502,6.4524,273309.0,,0.06875676661729813
K03996.01,3228804,0,FALSE POSITIVE,0.730947169,132.22192,4.396,248.0,,0.25
K03131.01,11455181,1,CONFIRMED,10.9294815,141.5034,5.893,196.9,,0.08986397832632065
K00051.01,6056992,0,FALSE POSITIVE,10.431146765,133.936337,3.8853,29375.6,,0.062078505754470825
K04156.01,5881120,1,CONFIRMED,4.85018974,135.31157,5.676,64.5,,0.1950439214706421
K01877.01,10454632,1,CONFIRMED,20.16037858,144.34281,4.13,343.6,,0.0341428779065609
K06229.01,10728219,0,FALSE POSITIVE,3.371796653,134.876289,3.4421,366901.0,,0.17014174163341522
K00689.01,8361905,1,CONFIRMED,15.87360981,182.40408,3.5246,415.6,,0.037006914615631104
K03924.01,1433980,0,FALSE POSITIVE,1.592634161,132.328769,8.9488,155156.0,,0.25
K06621.01,5731312,0,FALSE POSITIVE,7.946367138,135.0947711,2.58667,278086.0,,0.05425267294049263
K00938.01,9415172,1,CONFIRMED,9.94602357,171.70192,3.3862,994.5,,0.056742943823337555
K00880.01,7366258,1,CONFIRMED,26.44439337,194.12074,3.9783,1843.5,,0.025073368102312088
K03130.02,10252275,1,CONFIRMED,5.65245733,136.97891,2.062,121.0,,0.06079951673746109
K02114.01,6921944,1,CONFIRMED,4.421566535,132.18465,2.1229,684.0,,0.08002065867185593
K02926.03,10122538,1,CONFIRMED,20.9569985,139.07664,3.493,1917.9,,0.02777910605072975
K01048.01,5820218,0,FALSE POSITIVE,3.411758679,133.18086,3.158,570.6,,0.15427038073539734
K04006.01,5471690,0,FALSE POSITIVE,12.4247333,134.0338,16.828,40.5,,0.22573255002498627
K00262.01,11807274,1,CONFIRMED,7.81285862,172.6138,4.098,117.3,,0.08741998672485352
K02808.01,3730335,0,FALSE POSITIVE,0.596087893,131.82296,0.7159,105.1,,0.2001662254333496
K01434.01,11493431,1,CONFIRMED,2.343230566,133.20732,2.0424,246.5,,0.14526952803134918
K01502.01,12061238,0,FALSE POSITIVE,1.876406096,133.12761,1.531,433.8,,0.13598690927028656
K01119.01,3003992,0,FALSE POSITIVE,7.24476126,139.10497,2.3145,58.0,,0.05324536934494972
K06821.01,7115200,0,FALSE POSITIVE,0.566801447,131.79977,2.352,16.2,,0.25
K01419.01,11125936,0,FALSE POSITIVE,1.336109338,178.258786,1.7419,2204.3,,0.21728511154651642
K03780.01,6775985,0,FALSE POSITIVE,27.961084,133.1759,3.8741,6268.2,,0.02309221401810646
K03525.01,4073707,0,FALSE POSITIVE,6.282033445,131.590793,8.3777,181787.0,,0.22226613759994507
K05827.01,10777591,1,CONFIRMED,6.10968225,133.80253,5.735,60.3,,0.1564456671476364
K00196.01,9410930,1,CONFIRMED,1.855557556,137.181028,2.35672,10570.1,,0.21168120205402374
K07807.01,7031898,0,FALSE POSITIVE,0.566792595,131.817,2.637,19.9,,0.25
K08015.01,10470993,0,FALSE POSITIVE,0.93374417,132.44559,3.385,31.3,,0.25
K00700.02,8962094,1,CONFIRMED,9.36059705,171.97292,3.2069,236.5,,0.05709927901625633
K01589.02,5301750,1,CONFIRMED,12.88291395,135.18736,5.676,460.5,,0.07343059033155441
K04224.01,1724513,0,FALSE POSITIVE,1.975208831,131.63127,1.513,76.3,,0.12766583263874054
K06228.01,10717220,1,CONFIRMED,21.0907909,133.96316,4.751,417.6,,0.03754403069615364
K00787.02,12366084,1,CONFIRMED,11.37936986,133.84992,2.6255,1023.5,,0.0384540930390358
K04661.01,5962262,1,CONFIRMED,8.61742738,133.50863,2.713,154.9,,0.05247119069099426
K05272.01,6364143,0,FALSE POSITIVE,5.2433865,132.786,12.472,65.4,,0.25
K03372.01,9785921,1,CONFIRMED,26.7575866,137.28717,5.858,455.3,,0.03648809343576431
K01265.01,8552583,0,FALSE POSITIVE,1.061934816,133.84801,3.2551,437.2,,0.25
K07994.01,10226343,0,FALSE POSITIVE,0.660655454,131.6909,7.111,566.9,,0.25
K02566.01,9159242,0,FALSE POSITIVE,3.04468229,132.464,5.951,71.4,,0.25
K07975.01,9899623,0,FALSE POSITIVE,1.33259095,132.0329,4.947,105.5,,0.25
K02360.02,7515670,0,FALSE POSITIVE,1.1518407,132.6197092,2.53,,,0.25
K00632.01,4827723,1,CONFIRMED,7.23858162,171.21912,3.1199,268.2,,0.0718349739909172
K01539.01,8081482,0,FALSE POSITIVE,2.819453322,133.870141,4.4127,71867.0,,0.25
K06571.01,5385469,0,FALSE POSITIVE,12.422524,141.875,13.55,33.9,,0.1817934364080429
K07996.01,10266860,0,FALSE POSITIVE,2.17813954,132.02972,2.063,28.6,,0.15785643458366394
K04475.01,11912916,0,FALSE POSITIVE,3.74788322,134.17324,3.45,242.6,,0.15341994166374207
K01944.02,2438513,0,FALSE POSITIVE,8.3606759,138.81934,6.287,194.8,,0.12532877922058105
K04561.01,7747457,1,CONFIRMED,1.5184181,132.138,2.842,196.8,,0.25
K06116.01,4547480,0,FALSE POSITIVE,4.426942241,133.564383,1.6116,2896.6,,0.06067393347620964
K02254.01,5607631,0,FALSE POSITIVE,20.5696575,140.25123,4.263,401.5,,0.03454116731882095
K01447.02,7622486,0,FALSE POSITIVE,2.27999662,133.640649,5.7777,12831.0,,0.25
K01750.01,6209677,1,CONFIRMED,7.76845639,138.06602,3.689,217.8,,0.07914485037326813
K05179.01,5563057,0,FALSE POSITIVE,1.049468616,132.26871,4.848,22.0,,0.25
K07743.01,5823557,0,FALSE POSITIVE,2.4044122,133.2244,4.575,42.7,,0.25
K01078.02,10166274,1,CONFIRMED,6.877446033,132.08426,1.3692,1632.3,,0.03318092226982117
K07571.01,6628740,0,FALSE POSITIVE,0.532854237,131.93754,3.231,50.9,,0.25
K00129.01,11974540,1,CONFIRMED,24.669192732,132.864236,7.03515,7382.3,,0.047529928386211395
K00778.01,11853255,1,CONFIRMED,2.243380573,170.679233,1.1196,821.7,,0.08317804336547852
K08018.01,10471204,0,FALSE POSITIVE,0.93371631,131.5435,4.344,61.3,,0.25
K00248.02,5364071,1,CONFIRMED,10.91274065,169.85247,2.1801,1387.2,,0.03329594433307648
K03661.01,7910148,0,FALSE POSITIVE,4.252082243,134.299947,2.7543,8290.5,,0.10795886814594269
K06492.01,5022900,0,FALSE POSITIVE,1.05680287,131.682,5.748,82.3,,0.25
K03987.01,10407020,0,FALSE POSITIVE,0.933747751,131.52218,3.9236,76.6,,0.25
K02961.01,10471515,1,CONFIRMED,3.7847507,133.50785,2.924,33.5,,0.12876233458518982
K06360.01,3830820,0,FALSE POSITIVE,15.582794732,135.112903,3.76683,52760.0,,0.04028834402561188
K05016.01,3848948,0,FALSE POSITIVE,0.523632451,131.76512,1.99,8.1,,0.25
K05900.02,11453930,0,FALSE POSITIVE,0.687739345,131.73999,0.1866,37.6,,0.045220620930194855
K00930.01,9159275,0,FALSE POSITIVE,3.044770796,172.01916,10.0134,1695.0,,0.25
K00635.01,5020319,1,CONFIRMED,16.71987303,171.40143,3.317,523.1,,0.03306444734334946
K01668.01,5103942,0,FALSE POSITIVE,10.10176739,131.80667,2.1267,601.7,,0.03508792072534561
K02302.01,7542813,1,CONFIRMED,16.8600805,139.84916,5.557,273.4,,0.05493251606822014
K06510.01,5080652,0,FALSE POSITIVE,2.072177815,133.095727,4.54864,293717.0,,0.25
K01064.01,8218274,0,FALSE POSITIVE,1.187352427,133.465454,4.999,20703.0,,0.25
K06716.01,6464285,0,FALSE POSITIVE,0.843651274,131.9478111,2.80468,305452.0,,0.25
K03888.01,8260198,0,FALSE POSITIVE,0.955297055,132.179352,1.7405,846.1,,0.25
K04598.01,5476671,0,FALSE POSITIVE,0.824180121,132.10276,2.839,208.1,,0.25
K08014.01,10470882,0,FALSE POSITIVE,0.9337491,132.449,3.842,98.1,,0.25
K03956.01,5471059,0,FALSE POSITIVE,2.636899795,132.07629,0.9105,426.2,,0.0575486421585083
K06193.01,9119652,0,FALSE POSITIVE,1.1080999,131.7222,3.3542,380934.0,,0.25
K00510.01,6422155,1,CONFIRMED,2.940304817,169.90496,2.7226,472.4,,0.1543264091014862
K03713.01,8127648,0,FALSE POSITIVE,1.023470248,131.703274,2.3804,129526.0,,0.25
K03246.01,9885417,1,CONFIRMED,0.689967868,131.63498,1.1688,122.9,,0.25
K01201.01,4061149,1,CONFIRMED,2.757584622,133.05017,0.9267,563.1,,0.056009162217378616
K06363.01,3836413,0,FALSE POSITIVE,1.540396094,131.996172,2.8044,55123.0,,0.25
K05996.01,4753561,0,FALSE POSITIVE,4.944927575,131.61124,3.4648,1028.7,,0.11677960306406021
K00247.01,11852982,1,CONFIRMED,13.81504449,181.12621,2.3244,1032.6,,0.028041893616318703
K06394.01,4180396,0,FALSE POSITIVE,3.684337918,132.61121,2.1931,76.7,,0.09920823574066162
K03794.01,12557548,1,CONFIRMED,0.65355361,132.058957,1.63,4595.9,,0.25
K01688.01,6310636,1,CONFIRMED,0.921030497,132.03171,2.6077,101.5,,0.25
K00790.01,12470844,1,CONFIRMED,8.47237911,174.16212,2.7245,1123.5,,0.05359572917222977
K02345.01,5629538,1,CONFIRMED,15.18727049,134.05495,4.509,292.5,,0.049482230097055435
K07428.01,11250867,0,FALSE POSITIVE,2.252822538,131.6331462,3.41062,269847.0,,0.25
K06207.01,9576197,0,FALSE POSITIVE,7.964440392,136.194674,9.1701,68454.0,,0.1918967217206955
K07381.01,10849244,0,FALSE POSITIVE,24.261683827,147.2417593,7.1617,192283.0,,0.04919760301709175
K07443.01,11401869,0,FALSE POSITIVE,2.16146908,131.8342,3.643,84.8,,0.25
K00958.01,1026957,1,CONFIRMED,21.76129812,166.540438,1.243,1300.7,,0.00951995886862278
K00284.03,6021275,1,CONFIRMED,6.17817366,168.8626,3.2601,101.9,,0.08794670552015305
K01358.02,7376983,1,CONFIRMED,8.74292005,358.59286,2.6277,779.5,,0.05009195953607559
K02583.01,10387742,1,CONFIRMED,3.03267135,134.0668,1.774,42.4,,0.09749380499124527
K00872.02,7109675,1,CONFIRMED,6.76652928,138.0637,2.9004,450.7,,0.07143987715244293
K00122.01,8349582,1,CONFIRMED,11.523067458,131.969055,3.8757,507.3,,0.056057121604681015
K02723.01,3346154,1,CONFIRMED,1.952711161,133.160986,0.872,403.0,,0.07442643493413925
K02870.01,4861791,0,FALSE POSITIVE,5.62950902,136.8607,6.542,297.5,,0.1936817765235901
K04057.01,3757407,0,FALSE POSITIVE,9.089151782,132.0565248,3.1886,110.1,,0.05846896767616272
K06627.01,5802285,0,FALSE POSITIVE,1.208524388,131.985195,1.8478,4759.6,,0.25
K00351.05,11442793,1,CONFIRMED,8.71980135,139.52134,3.7454,160.4,,0.07158802449703217
K04254.01,8487645,0,FALSE POSITIVE,0.530967987,131.72336,1.812,26.9,,0.25
K02218.01,12058204,1,CONFIRMED,5.53533152,132.76087,2.793,260.6,,0.08409613370895386
K06099.01,3003991,0,FALSE POSITIVE,7.244778994,131.8598491,3.3873,99147.1,,0.07792508602142334
K06306.01,3115480,0,FALSE POSITIVE,3.693702974,135.194906,3.37146,25208.0,,0.1521264761686325
K03057.01,3234843,1,CONFIRMED,29.72722,134.6581,3.45,1010.2,,0.019342541694641113
K01867.03,8167996,1,CONFIRMED,5.21230171,132.71052,2.098,430.0,,0.0670848861336708
K05346.01,7022603,0,FALSE POSITIVE,21.12752693,142.67722,2.253,51.8,,0.01777302287518978
K00881.01,7373451,1,CONFIRMED,21.02250608,207.67593,4.1072,1772.5,,0.032561928033828735
K02788.01,9943435,0,FALSE POSITIVE,0.777663575,131.52537,1.1741,134.3,,0.25
K07326.01,10422852,0,FALSE POSITIVE,1.398890216,132.16558,4.9641,66012.0,,0.25
K03424.01,8356054,0,FALSE POSITIVE,17.081202417,134.296431,7.20617,134143.0,,0.07031286507844925
K07531.01,12403968,0,FALSE POSITIVE,0.589753355,131.83147,0.606,216.0,,0.17125803232192993
K00124.01,11086270,1,CONFIRMED,12.69104387,137.12594,3.7727,252.1,,0.04954543709754944
K02086.01,6768394,1,CONFIRMED,7.1329472,135.99259,4.368,145.0,,0.10206159949302673
K04258.01,7115925,0,FALSE POSITIVE,0.566801617,131.80435,2.75,24.9,,0.25
K03656.01,6312521,0,FALSE POSITIVE,3.01551943,132.943637,3.1713,159584.0,,0.17527660727500916
K06391.01,4160669,0,FALSE POSITIVE,2.183517999,132.692938,4.2703,1321.6,,0.25
K04584.01,8443265,0,FALSE POSITIVE,0.614701901,132.08465,0.947,131.6,,0.25
K02710.01,6350476,0,FALSE POSITIVE,1.110599919,131.57274,1.3493,157.6,,0.20248815417289734
K07493.01,11918482,0,FALSE POSITIVE,0.94754848,132.266431,1.7347,11348.0,,0.25
K01441.01,11356260,1,CONFIRMED,8.50698069,134.64421,2.938,295.5,,0.057560570538043976
K04538.01,5991765,0,FALSE POSITIVE,9.25801294,132.88335,2.854,88.1,,0.05137891694903374
K06421.01,4489844,0,FALSE POSITIVE,0.822314545,131.7125281,3.3374,32.7,,0.25
K06223.01,10385682,0,FALSE POSITIVE,3.103730697,132.8744585,6.93402,369228.0,,0.25
K04572.01,6929285,0,FALSE POSITIVE,4.60690612,135.19221,4.176,137.5,,0.1510775238275528
K06277.01,2557430,0,FALSE POSITIVE,0.648868342,131.842892,2.82428,34769.5,,0.25
K05011.01,3836509,0,FALSE POSITIVE,1.540389045,131.99987,1.8325,485.7,,0.19827242195606232
K00137.03,8644288,1,CONFIRMED,3.504691252,133.511941,1.9811,315.1,,0.09421181678771973
K02982.01,8360640,1,CONFIRMED,4.0223109,135.17298,0.853,227.8,,0.035344526171684265
K03066.01,4067925,1,CONFIRMED,24.2204192,146.42459,3.271,806.3,,0.02250855602324009
K02909.01,7461307,0,FALSE POSITIVE,0.77359329,132.09232,1.7603,80.6,,0.25
K07344.01,10583181,0,FALSE POSITIVE,2.696354974,132.9926416,5.39585,245988.0,,0.25
K00582.03,9020160,1,CONFIRMED,9.93962361,131.58267,3.432,300.1,,0.05754745006561279
K02466.01,8544992,1,CONFIRMED,3.17323012,133.69979,1.9094,204.5,,0.10028687864542007
K07165.01,9357275,0,FALSE POSITIVE,1.588298157,132.1833032,4.37027,165034.0,,0.25
K07020.01,8330575,0,FALSE POSITIVE,0.957079167,131.7737065,3.85011,48673.6,,0.25
K08025.01,10536177,0,FALSE POSITIVE,0.93372261,131.5423,3.052,31.2,,0.25
K07640.01,2859299,0,FALSE POSITIVE,0.643703667,131.984908,0.801,172.0,,0.2073935717344284
K01042.02,5816811,0,FALSE POSITIVE,4.45540935,134.4555812,4.14,,,0.15486793220043182
K00805.01,3734868,0,FALSE POSITIVE,10.328035714,174.581054,7.7915,16917.7,,0.12573382258415222
K00338.01,10552611,1,CONFIRMED,7.0106324,174.57542,3.0688,327.3,,0.07295585423707962
K00717.02,9873254,1,CONFIRMED,0.900375925,133.11787,1.257,41.4,,0.23268058896064758
K02286.01,8973129,1,CONFIRMED,24.1738244,135.62471,3.056,532.6,,0.021069621667265892
K03061.01,4857058,1,CONFIRMED,7.32851947,132.12857,1.211,277.8,,0.02754080668091774
K03753.01,8620561,0,FALSE POSITIVE,0.782046543,131.674244,1.9874,340464.0,,0.25
K00116.01,8395660,1,CONFIRMED,13.57078281,136.279194,3.3539,511.7,,0.04119020700454712
K02289.02,3867615,1,CONFIRMED,20.0983676,207.57757,5.207,157.8,,0.04317929595708847
K01152.01,10287248,0,FALSE POSITIVE,4.722254104,178.243313,3.451,82670.0,,0.12179917842149734
K03540.01,3865298,0,FALSE POSITIVE,9.53040216,138.232917,5.95809,321541.0,,0.10419444739818573
K00934.01,9334289,1,CONFIRMED,5.826657508,173.011411,2.9183,1539.1,,0.08347553014755249
K02356.01,11461844,1,CONFIRMED,13.6823798,139.18611,4.153,179.6,,0.050588179379701614
K07178.01,9474969,0,FALSE POSITIVE,21.570508432,151.7931354,13.8604,134176.0,,0.10709375143051147
K02793.02,9823519,1,CONFIRMED,1.766789509,133.08336,1.3345,1009.8,,0.12588746845722198
K06204.01,9471755,0,FALSE POSITIVE,0.953734449,132.413233,1.7616,1240.4,,0.25
K00624.01,3541946,1,CONFIRMED,17.79001678,182.43745,4.4116,871.4,,0.04133029654622078
K00295.01,11547513,1,CONFIRMED,5.317440164,171.875619,2.9331,292.5,,0.09193333238363266
K04753.01,4544628,0,FALSE POSITIVE,0.729724346,132.04276,2.699,23.0,,0.25
K04290.01,5868793,1,CONFIRMED,4.83809469,135.1562,1.096,1544.0,,0.03775591030716896
K04223.01,11188254,0,FALSE POSITIVE,2.754024,133.731,4.15,172.2,,0.25
K06732.01,6584167,0,FALSE POSITIVE,0.733724504,132.02461,2.208,45.9,,0.25
K02123.01,8591693,1,CONFIRMED,29.4557841,154.17062,3.451,533.8,,0.019526442512869835
K04040.01,11444952,0,FALSE POSITIVE,0.678349364,132.16318,3.092,486.0,,0.25
K02086.02,6768394,1,CONFIRMED,8.91901228,140.0777,4.141,180.6,,0.07738151401281357
K02593.01,8212002,1,CONFIRMED,14.7966306,142.74484,5.613,56.1,,0.06322385370731354
K06842.01,7200102,0,FALSE POSITIVE,14.665759784,139.5741023,3.65814,336981.0,,0.041572343558073044
K06596.01,5534702,0,FALSE POSITIVE,1.025465924,131.6091403,3.71841,152685.0,,0.25
K03877.01,9159265,0,FALSE POSITIVE,3.04476607,132.43708,9.568,272.6,,0.25
K01240.01,6690082,1,CONFIRMED,2.1395563,133.65392,2.0678,266.1,,0.16107700765132904
K07906.01,8703491,0,FALSE POSITIVE,0.616343903,132.086508,0.7656,161.4,,0.20702727138996124
K03286.01,8016691,1,CONFIRMED,18.1373788,136.8106,3.844,310.8,,0.03532300144433975
K06095.01,2707097,0,FALSE POSITIVE,0.692807507,131.88094,1.49242,25338.3,,0.25
K00178.01,11455491,0,FALSE POSITIVE,6.14281498,135.16169,4.624,122.0,,0.125458225607872
K03088.01,9020114,1,CONFIRMED,3.48412874,134.5504,1.422,161.6,,0.06802274286746979
K03838.01,8042789,0,FALSE POSITIVE,4.618309224,135.85023,3.6752,1191.0,,0.13263151049613953
K07838.01,7431709,0,FALSE POSITIVE,0.572513875,131.776,2.353,49.3,,0.25
K01437.02,11599038,0,FALSE POSITIVE,9.27989,133.7457,3.33,164.3,,0.059806741774082184
K02133.01,8219268,1,CONFIRMED,6.24667547,136.38688,11.261,396.8,,0.25
K07153.01,9284741,0,FALSE POSITIVE,20.729255112,134.55034,7.53677,341973.0,,0.06059688702225685
K06019.01,6117415,0,FALSE POSITIVE,19.741616041,136.446922,3.07231,88821.5,,0.025937676429748535
K04806.01,4647662,0,FALSE POSITIVE,1.06484622,131.5817,3.287,42.4,,0.25
K06137.02,5816144,0,FALSE POSITIVE,7.384681,132.1721,3.548,142.8,,0.08007567375898361
K00180.01,9573539,1,CONFIRMED,10.04556377,129.09371,3.2027,671.4,,0.053136225789785385
K04929.01,2010607,0,FALSE POSITIVE,18.622214,141.6268,4.42,5832.0,,0.03955848887562752
K01738.01,4365645,1,CONFIRMED,4.16787814,135.28334,2.2136,168.1,,0.08851826190948486
K02209.01,8168187,1,CONFIRMED,18.3027235,142.89166,8.262,186.7,,0.07523470371961594
K07371.01,10753734,0,FALSE POSITIVE,19.40669392,149.807826,5.27765,464521.0,,0.04532499611377716
K00123.01,5094751,1,CONFIRMED,6.481633073,122.977657,3.784,298.5,,0.09730058163404465
K00668.01,6805146,0,FALSE POSITIVE,13.779711352,178.6879965,7.63871,25479.1,,0.09239078313112259
K07183.01,9520700,0,FALSE POSITIVE,2.136834989,133.617975,4.34882,346183.0,,0.25
K07269.01,10000490,0,FALSE POSITIVE,1.400991827,132.453975,4.8798,64104.0,,0.25
K03616.01,6058875,0,FALSE POSITIVE,0.56493412,131.7871403,2.57621,252639.0,,0.25
K03550.01,7025540,0,FALSE POSITIVE,2.148219541,132.76673,2.94091,457844.0,,0.22816647589206696
K00003.01,10748390,1,CONFIRMED,4.887803076,124.8130808,2.36255,4315.8,,0.0805593729019165
K06479.01,4948863,0,FALSE POSITIVE,8.643550046,139.8333977,3.1273,67298.6,,0.06030122563242912
K06855.01,7281410,0,FALSE POSITIVE,0.56681118,131.7883893,2.06,,,0.25
K01123.01,6365321,0,FALSE POSITIVE,0.848483947,133.585301,1.4451,1907.4,,0.25
K01568.01,5210475,0,FALSE POSITIVE,1.008917105,354.85926,1.4577,338.5,,0.24080273509025574
K03205.01,9959494,0,FALSE POSITIVE,1.332568744,132.04697,3.755,24.1,,0.25
K07346.01,10592163,0,FALSE POSITIVE,14.762889172,133.7747853,6.52705,79329.6,,0.0736875832080841
K06755.01,6676725,0,FALSE POSITIVE,1.428766771,132.1908553,3.9753,92.2,,0.25
K00658.01,6062088,1,CONFIRMED,3.162692075,169.64186,1.9529,503.7,,0.10291337966918945
K03837.01,9761573,0,FALSE POSITIVE,7.4413445,137.3429,2.8754,2234.0,,0.06440144777297974
K05020.01,3859890,0,FALSE POSITIVE,4.34573349,134.40693,2.246,73.5,,0.08613812178373337
K02699.01,6690836,1,CONFIRMED,0.568874717,132.048771,1.2177,378.4,,0.25
K07800.01,6974867,0,FALSE POSITIVE,0.887691177,132.36711,1.644,37.3,,0.25
K00785.01,12070811,1,CONFIRMED,12.3935651,178.74725,3.8896,916.6,,0.05230671539902687
K02567.01,9842937,0,FALSE POSITIVE,4.98845099,133.74684,7.453,193.9,,0.24900849163532257
K01540.01,5649956,0,FALSE POSITIVE,1.207852845,178.2142,3.5802,49720.0,,0.25
K07727.01,5444491,0,FALSE POSITIVE,0.759740194,131.82001,3.252,42.5,,0.25
K05378.01,7258902,0,FALSE POSITIVE,1.80774253,132.9483,2.637,592.6,,0.24312090873718262
K00425.01,9967884,0,FALSE POSITIVE,5.428344915,169.753676,1.8931,13756.0,,0.05812391638755798
K03410.01,9285265,1,CONFIRMED,16.5860329,133.28136,7.043,231.3,,0.07077240198850632
K01490.01,9602514,0,FALSE POSITIVE,3.55650737,133.51831,8.545,293.6,,0.25
K07984.01,10031643,0,FALSE POSITIVE,8.5898708,132.0161,4.806,87.7,,0.0932493656873703
K03919.01,4649440,0,FALSE POSITIVE,19.37070781,147.66803,2.2466,653.2,,0.019329873844981194
K04547.01,10342316,0,FALSE POSITIVE,0.93376962,132.4211,7.023,125.8,,0.25
K07457.01,11560431,0,FALSE POSITIVE,0.527673075,131.8234533,1.3693,26.1,,0.25
K08243.01,3662635,0,FALSE POSITIVE,0.939375593,132.016859,2.8424,100893.0,,0.25
K00462.01,8773869,0,FALSE POSITIVE,1.576341127,170.88145,3.1232,335.1,,0.25
K04131.01,6129694,0,FALSE POSITIVE,0.936751792,132.2026,5.658,26.4,,0.25
K06609.01,5632781,0,FALSE POSITIVE,11.02520205,131.715631,12.8097,429759.0,,0.19364270567893982
K01181.01,3344419,0,FALSE POSITIVE,0.651784374,133.111707,2.0141,2779.3,,0.25
K06683.01,6285094,0,FALSE POSITIVE,5.2439783,132.6829,10.1,93.5,,0.25
K00597.01,10600261,1,CONFIRMED,17.30795548,176.94326,5.1126,633.0,,0.049231696873903275
K00288.01,9592705,1,CONFIRMED,10.27532513,177.27227,6.3093,209.7,,0.10233739763498306
K02036.01,6382217,1,CONFIRMED,8.41100305,133.79856,2.4553,755.6,,0.048652540892362595
K03893.01,3728432,1,CONFIRMED,3.90863457,133.92971,1.7704,867.2,,0.07549098134040833
K01594.01,9895709,0,FALSE POSITIVE,1.818939148,133.12299,1.644,331.2,,0.15063725411891937
K03435.01,3945802,0,FALSE POSITIVE,24.2157996,133.4661,4.359,322.2,,0.030001074075698853
K06775.01,6852488,0,FALSE POSITIVE,2.172042913,131.764641,8.0331,154381.0,,0.25
K02714.01,12206313,1,CONFIRMED,14.3832267,140.57648,8.378,178.5,,0.09708067029714584
K02867.01,9899181,0,FALSE POSITIVE,1.332560553,132.05303,3.315,31.7,,0.25
K00168.01,11512246,1,CONFIRMED,10.74241765,133.2867,6.0633,415.2,,0.09407100081443787
K06020.01,6128027,0,FALSE POSITIVE,5.455766383,136.907217,2.8923,104538.0,,0.08835605531930923
K01125.01,6292162,0,FALSE POSITIVE,7.814839231,357.519981,3.0122,2010.3,,0.06424102932214737
K07022.01,8358008,0,FALSE POSITIVE,10.064687893,135.251088,3.59854,10088.0,,0.05959019064903259
K01407.01,9007866,0,FALSE POSITIVE,1.3866358,134.3472,4.77,70.1,,0.25
K01823.01,10092312,0,FALSE POSITIVE,4.468456599,138.741584,1.4195,906.7,,0.052945200353860855
K07527.01,12365000,0,FALSE POSITIVE,1.262742487,132.19792,1.7433,15911.0,,0.23009441792964935
K04059.01,9220612,0,FALSE POSITIVE,0.979161676,132.21831,2.942,160.2,,0.25
K06583.01,5471010,0,FALSE POSITIVE,12.4232158,141.7294,17.67,261.5,,0.2370561808347702
K01706.01,7626370,1,CONFIRMED,1.921437488,131.806204,1.9046,278.7,,0.165206179022789
K03755.01,9896435,0,FALSE POSITIVE,18.076610347,146.256704,3.1396,65280.0,,0.028947167098522186
K00048.01,7837302,0,FALSE POSITIVE,23.836808884,173.7759431,6.02854,29684.7,,0.04215147718787193
K06552.01,5284133,0,FALSE POSITIVE,8.784575777,134.6752148,5.3022,262984.0,,0.10059677809476852
K06643.01,5977804,0,FALSE POSITIVE,3.31976683,131.7956,4.523,48.0,,0.22707417607307434
K06485.01,5000179,0,FALSE POSITIVE,3.6329347,131.88496,2.3,,,0.10551616549491882
K03795.01,3338660,0,FALSE POSITIVE,1.873380717,131.795634,10.1083,538716.0,,0.25
K00082.01,10187017,1,CONFIRMED,16.145671932,134.754877,3.7236,941.1,,0.03843754529953003
K05469.01,8043968,0,FALSE POSITIVE,0.779615874,131.68006,3.932,81.5,,0.25
K06328.01,3343866,0,FALSE POSITIVE,0.555973803,131.96589,1.271,75.3,,0.25
K07300.01,10264202,0,FALSE POSITIVE,0.517573708,131.5161551,2.23102,87205.0,,0.25
K02004.02,12154526,1,CONFIRMED,3.18899015,133.52624,2.722,66.2,,0.14226029813289642
K01140.01,8397675,0,FALSE POSITIVE,0.553261874,133.446605,0.8875,1038.1,,0.25
K06457.01,4840263,0,FALSE POSITIVE,0.957823876,132.414882,3.7232,104692.0,,0.25
K07965.01,9826551,0,FALSE POSITIVE,7.19680984,136.63955,1.683,50.5,,0.03897560387849808
K07388.01,10924400,0,FALSE POSITIVE,0.750737313,131.82143,1.712,38.8,,0.25
K04323.02,5385410,0,FALSE POSITIVE,12.4250319,141.4868672,1.4446,29.5,,0.01937754824757576
K06814.01,7033748,0,FALSE POSITIVE,2.19635512,133.515028,9.65516,266552.0,,0.25
K02145.01,8381204,1,CONFIRMED,8.32651854,135.58655,5.483,267.9,,0.10974974930286407
K00912.02,8505670,1,CONFIRMED,6.66833241,137.43988,1.915,362.3,,0.04786304011940956
K01308.01,10586208,1,CONFIRMED,23.58444746,145.95798,5.5545,429.2,,0.03925256431102753
K05339.01,6948815,0,FALSE POSITIVE,1.541530919,131.98454,4.8691,213262.0,,0.25
K03854.01,3550434,0,FALSE POSITIVE,1.1910489,132.076408,1.3738,1391.1,,0.19223952293395996
K04194.01,5644412,1,CONFIRMED,1.538185321,132.49067,1.683,277.2,,0.18235774338245392
K06696.01,6367628,0,FALSE POSITIVE,1.88984957,131.910944,19.45,249668.0,,0.25
K02287.02,9718066,1,CONFIRMED,28.9060526,158.82431,3.099,99.0,,0.017868230119347572
K03773.01,10268903,0,FALSE POSITIVE,1.103978,131.573418,0.74,,,0.11171720176935196
K01824.02,2989404,1,CONFIRMED,1.6783263,136.05259,2.5123,146.3,,0.24948465824127197
K02826.01,8227661,0,FALSE POSITIVE,1.85373924,132.66885,1.816,348.6,,0.16327358782291412
K03690.01,9715939,0,FALSE POSITIVE,12.893018017,141.611199,3.30029,16032.8,,0.042662497609853745
K03748.01,4247807,0,FALSE POSITIVE,2.050435466,133.288776,8.0122,7765.3,,0.25
K04187.01,3124598,0,FALSE POSITIVE,7.07162308,136.46253,2.587,123.0,,0.06097138673067093
K04607.01,11912911,0,FALSE POSITIVE,3.74788208,134.1709,4.183,153.4,,0.18601617217063904
K04004.01,4814502,1,CONFIRMED,4.94330596,135.57568,2.9334,126.2,,0.0989014208316803
K03706.01,7770471,0,FALSE POSITIVE,1.157804607,132.448327,4.66082,605713.0,,0.25
K03497.01,8424002,1,CONFIRMED,20.35971899,134.29123,2.1521,345.7,,0.017617302015423775
K07474.01,11709022,0,FALSE POSITIVE,0.71957289,131.98038,1.79,,,0.25
K02804.01,5307568,0,FALSE POSITIVE,2.62838097,131.62343,3.193,89.9,,0.2024693787097931
K02545.01,9696358,1,CONFIRMED,6.98141327,132.7883,6.527,38.0,,0.15581849217414856
K03579.01,5024292,0,FALSE POSITIVE,4.301031137,134.44907,5.65214,204153.0,,0.21902267634868622
K01327.01,4372768,0,FALSE POSITIVE,15.6402515,359.07991,6.222,800.3,,0.06630328297615051
K04478.01,8636600,1,CONFIRMED,6.38671206,131.52991,1.201,223.7,,0.03134111315011978
K06543.01,5216727,0,FALSE POSITIVE,0.756511623,131.9298652,2.81832,41596.1,,0.25
K00844.01,6022556,1,CONFIRMED,3.709870784,171.987982,3.0694,2020.3,,0.13789339363574982
K03760.01,8047283,0,FALSE POSITIVE,0.77544539,132.072938,1.8764,6791.4,,0.25
K04279.01,5876360,0,FALSE POSITIVE,1.050852976,132.138232,1.6788,41694.0,,0.25
K01504.01,9641018,0,FALSE POSITIVE,2.178154348,134.203059,3.4874,428.6,,0.25
K07825.01,7200485,0,FALSE POSITIVE,0.566796615,131.8009,1.999,47.8,,0.25
K02399.01,11461433,1,CONFIRMED,1.916940872,132.46734,1.4243,105.1,,0.12383446097373962
K00701.05,9002278,1,CONFIRMED,12.4418003,134.6507,3.572,78.4,,0.04784945398569107
K01986.02,8257205,1,CONFIRMED,7.12766417,136.00586,2.491,229.2,,0.05824722722172737
K06371.01,3858884,0,FALSE POSITIVE,25.95193721,154.881253,15.9897,399167.0,,0.10268790274858475
K03627.01,10091110,0,FALSE POSITIVE,4.218512654,133.506768,3.62939,23416.8,,0.14339137077331543
K07957.01,9658192,0,FALSE POSITIVE,1.886002102,131.74153,1.021,47.4,,0.09022612869739532
K01958.01,9836149,1,CONFIRMED,17.8159689,134.4832,3.6765,776.8,,0.0343933030962944
K07131.01,9098590,0,FALSE POSITIVE,2.243569483,133.7306188,4.14769,66328.2,,0.25
K00733.03,10271806,1,CONFIRMED,3.13295351,135.67494,2.2207,435.2,,0.11813665926456451
K01189.01,3765771,0,FALSE POSITIVE,2.783883492,133.227846,2.4546,903.9,,0.14695298671722412
K06911.01,7741048,0,FALSE POSITIVE,0.843400322,131.57039,1.7606,43.7,,0.25
K00175.01,8323753,0,FALSE POSITIVE,6.71425632,134.31646,3.339,283.5,,0.08288334310054779
K00468.01,9589524,1,CONFIRMED,22.18431824,174.597325,3.0397,1593.0,,0.022836701944470406
K03476.01,5986209,0,FALSE POSITIVE,23.737952838,147.006678,8.50818,95883.6,,0.05973682925105095
K06359.01,3766353,0,FALSE POSITIVE,2.666961614,133.719065,2.4774,7583.4,,0.15482038259506226
K03588.01,9656543,0,FALSE POSITIVE,2.544594443,135.040236,3.21373,348777.0,,0.21049392223358154
K05449.01,7941635,0,FALSE POSITIVE,0.762724045,131.650802,1.98818,9782.2,,0.25
K01198.01,3447722,1,CONFIRMED,16.08832318,139.49184,5.731,597.8,,0.05937018245458603
K02999.01,7433585,0,FALSE POSITIVE,0.545544979,131.72408,1.954,92.6,,0.25
K08041.01,11098004,0,FALSE POSITIVE,7.508818,138.655,6.5,70.1,,0.14427481591701508
K01615.01,4278221,1,CONFIRMED,1.340596782,132.24549,1.6484,107.5,,0.20493361353874207
K00821.01,5021899,1,CONFIRMED,21.81295996,174.01085,4.3791,1175.4,,0.03345946595072746
K00085.02,5866724,1,CONFIRMED,2.154911236,133.498613,3.1341,99.7,,0.24239978194236755
K02739.01,4831728,1,CONFIRMED,10.10773789,135.1032,3.828,294.9,,0.06311995536088943
K03992.01,3228988,0,FALSE POSITIVE,0.73094701,132.22433,4.223,227.7,,0.25
K04035.01,3247404,0,FALSE POSITIVE,8.8109721,136.4718,4.822,24048.0,,0.09121203422546387
K04339.01,7281411,0,FALSE POSITIVE,0.566804221,131.82656,4.639,166.0,,0.25
K00516.01,7840044,0,FALSE POSITIVE,13.54204116,171.09767,3.334,338.7,,0.041032712906599045
K06206.01,9549472,0,FALSE POSITIVE,15.713787218,132.0981464,11.3122,60384.4,,0.11998168379068375
K06644.01,5983348,0,FALSE POSITIVE,25.150788449,150.345557,7.72717,37582.6,,0.05120561644434929
K04186.01,9406892,0,FALSE POSITIVE,2.21316437,132.71281,3.874,116.1,,0.25
K02748.02,9962455,1,CONFIRMED,5.77721259,137.16696,2.462,134.3,,0.07102617621421814
K02898.01,11129258,1,CONFIRMED,25.384175,137.77326,3.576,594.0,,0.023479195311665535
K00546.01,12058931,1,CONFIRMED,20.68420772,170.19034,6.4415,858.5,,0.05190352723002434
K07766.01,6147851,0,FALSE POSITIVE,3.06026014,132.762,2.545,59.9,,0.1386047750711441
K04624.01,5955621,0,FALSE POSITIVE,14.0801852,137.3331,3.402,90.7,,0.04026935622096062
K07087.01,8758161,0,FALSE POSITIVE,0.998217563,131.8142317,3.90851,87567.2,,0.25
K00510.03,6422155,1,CONFIRMED,14.62709685,136.23467,4.097,396.4,,0.04668276384472847
K01593.02,5289854,1,CONFIRMED,15.3825394,139.07648,3.815,550.5,,0.04133474454283714
K04909.01,2437897,0,FALSE POSITIVE,1.65320144,132.40988,1.525,132.1,,0.15374210476875305
K07647.01,3230095,0,FALSE POSITIVE,7.04716175,132.7504,2.693,150.8,,0.0636899471282959
K00202.01,7877496,1,CONFIRMED,1.72086129,133.0209998,2.0243,10184.5,,0.19605492055416107
K02269.01,11774303,0,FALSE POSITIVE,0.614083885,132.46969,0.9817,389.5,,0.25
K01163.01,10468940,1,CONFIRMED,2.936527336,135.71829,1.771,352.3,,0.10051555186510086
K04064.01,5444334,0,FALSE POSITIVE,0.759763198,131.78816,3.083,202.5,,0.25
K01589.04,5301750,1,CONFIRMED,4.22453631,135.42908,3.128,159.1,,0.12340604513883591
K00534.02,10554999,1,CONFIRMED,2.735900074,171.0964,1.9359,428.9,,0.11793193966150284
K01820.01,8277797,1,CONFIRMED,4.33722007,132.85152,2.4973,358.5,,0.09596392512321472
K01148.02,8410727,1,CONFIRMED,25.2630467,134.18397,6.22,125.5,,0.04103490337729454
K04158.01,5306383,0,FALSE POSITIVE,0.842336445,131.73901,1.519,80.1,,0.25
K07014.01,8302455,0,FALSE POSITIVE,2.441988077,132.1323834,3.94526,95343.5,,0.25
K00333.01,10337258,1,CONFIRMED,13.28536452,169.86052,6.283,377.6,,0.07882107049226761
K04787.01,4545926,0,FALSE POSITIVE,2.4826619,133.78028,2.115,37.0,,0.1419847011566162
K05108.01,4945035,0,FALSE POSITIVE,1.174683069,131.835254,2.5167,356.4,,0.25
K00381.01,3230578,0,FALSE POSITIVE,6.337614357,170.189414,1.742,1807.4,,0.045811139047145844
K00378.01,2449074,0,FALSE POSITIVE,4.94402197,173.75192,4.062,363.3,,0.13693304359912872
K00481.01,11192998,1,CONFIRMED,7.650243513,171.972352,2.752,981.4,,0.05995452031493187
K04966.01,3222680,0,FALSE POSITIVE,2.31164074,132.12133,2.317,488.7,,0.16705305874347687
K02391.01,10341905,0,FALSE POSITIVE,0.93374232,131.52477,6.552,351.4,,0.25
K03158.01,6278762,1,CONFIRMED,3.60011712,133.25983,2.396,50.2,,0.11092231422662735
K02180.01,7286911,1,CONFIRMED,11.55562042,138.19752,1.6758,441.5,,0.024170055985450745
K07902.01,8639155,0,FALSE POSITIVE,0.603351522,131.98902,0.8358,164.1,,0.23087701201438904
K01829.01,7697568,0,FALSE POSITIVE,22.84156293,138.632,2.5997,2940.7,,0.01896907575428486
K00584.01,9146018,1,CONFIRMED,9.9267215,175.68671,3.8428,725.5,,0.06451945751905441
K03647.01,9661869,0,FALSE POSITIVE,20.427232317,135.862807,3.46429,121813.0,,0.028265291824936867
K04058.01,4769931,0,FALSE POSITIVE,1.87886973,133.07604,3.876,181.9,,0.25
K00225.01,5801571,0,FALSE POSITIVE,0.838597429,141.537817,1.68668,2482.1,,0.25
K00534.01,10554999,1,CONFIRMED,6.400157105,174.02214,2.0004,743.2,,0.05209247022867203
K01653.01,11392017,0,FALSE POSITIVE,2.45570369,133.03195,3.1,273.8,,0.21039454638957977
K03004.01,6103377,1,CONFIRMED,20.0708757,136.9462,6.354,405.7,,0.052763018757104874
K00696.01,8869680,0,FALSE POSITIVE,7.03380109,174.15772,6.4185,138.5,,0.1520870476961136
K02747.01,6586746,1,CONFIRMED,6.26404774,132.82928,2.39,378.7,,0.063590407371521
K00408.02,5351250,1,CONFIRMED,12.56096618,166.79483,3.7647,923.1,,0.049952369183301926
K08056.01,11560397,0,FALSE POSITIVE,0.527673051,131.82042,1.631,28.3,,0.25
K00221.01,3937519,1,CONFIRMED,3.413036353,132.443054,2.61366,3868.7,,0.12763121724128723
K00807.01,3836375,0,FALSE POSITIVE,1.540397253,170.50479,2.1541,816.1,,0.233067587018013
K07866.01,8110758,0,FALSE POSITIVE,0.518071538,131.92715,1.7865,2195.5,,0.25
K06818.01,7097571,0,FALSE POSITIVE,2.213964145,132.565776,6.7598,123355.0,,0.25
K02498.02,5959719,1,CONFIRMED,13.0600399,144.33107,2.851,106.8,,0.0363832488656044
K04082.01,6592832,0,FALSE POSITIVE,0.924821319,132.09187,2.594,122.4,,0.25
K02704.03,9730163,1,CONFIRMED,8.15275885,134.19046,1.746,16536.0,,0.035693440586328506
K00177.01,6803202,1,CONFIRMED,21.06075303,143.59983,5.2472,301.2,,0.041524313390254974
K03895.01,12106934,0,FALSE POSITIVE,5.93717724,135.95682,5.355,25450.0,,0.15032395720481873
K07814.01,7117126,0,FALSE POSITIVE,0.566717263,131.9699708,2.6079,18.5,,0.25
K02287.01,9718066,1,CONFIRMED,16.09227518,142.51659,2.1072,128.5,,0.02182413637638092
K04020.01,7038096,0,FALSE POSITIVE,0.566803149,131.79596,1.643,246.0,,0.25
K03931.01,10661718,0,FALSE POSITIVE,1.231361934,131.80783,5.433,471.0,,0.25
K04718.01,7282042,0,FALSE POSITIVE,0.566803216,131.80982,3.325,20.2,,0.25
K01002.01,1865042,1,CONFIRMED,3.4815917,132.98828,1.8069,135.2,,0.08649779111146927
K07914.01,8880003,0,FALSE POSITIVE,1.72128752,132.5489,2.366,58.5,,0.229092076420784
K00623.01,12068975,1,CONFIRMED,10.34973276,174.06193,4.4859,119.0,,0.07223857939243317
K06941.01,7967100,0,FALSE POSITIVE,1.92730001,132.36067,18.812,6177.1,,0.25
K07078.01,8701327,0,FALSE POSITIVE,4.254417651,133.8376474,6.55436,294547.0,,0.25
K05100.01,4914399,0,FALSE POSITIVE,1.23708565,132.7235,5.743,803.8,,0.25
K07156.01,9291748,0,FALSE POSITIVE,15.926990634,144.4526221,11.5142,394232.0,,0.12048938870429993
K01674.01,5357470,0,FALSE POSITIVE,2.17257963,133.00429,1.5794,335.5,,0.12116164714097977
K00028.01,4247791,0,FALSE POSITIVE,4.100870416,168.1460533,8.15361,123521.0,,0.25
K03849.01,8949316,0,FALSE POSITIVE,0.604358764,131.68577,1.0423,38731.0,,0.25
K04712.01,4374610,0,FALSE POSITIVE,1.44438449,132.75645,2.704,75.4,,0.25
K07943.01,9531850,0,FALSE POSITIVE,0.66234265,131.714,1.049,2359.0,,0.25
K06420.01,4484356,0,FALSE POSITIVE,0.572079631,132.0189884,2.27811,127786.0,,0.25
K07547.01,4074294,0,FALSE POSITIVE,0.892988877,131.56303,2.4428,85.0,,0.25
K00304.01,6029239,1,CONFIRMED,8.512037736,174.909816,2.1861,597.8,,0.042804084718227386
K02007.01,11069176,1,CONFIRMED,15.3789014,143.40629,4.662,185.1,,0.05052376538515091
K00324.01,9641041,0,FALSE POSITIVE,1.089077863,171.230501,2.4676,133.6,,0.25
K02072.01,12058147,1,CONFIRMED,1.54320541,131.5554,2.5779,91.2,,0.25
K00571.02,8120608,1,CONFIRMED,13.3430025,176.90387,2.7399,799.7,,0.03422393277287483
K02392.01,7382313,1,CONFIRMED,7.42697378,133.099,3.206,205.2,,0.071944959461689
K01059.01,6060203,1,CONFIRMED,1.022678654,133.45422,1.3712,129.2,,0.2234654426574707
K01896.01,10294613,0,FALSE POSITIVE,1.854493861,132.49056,4.2367,1287.3,,0.25
K06690.01,6364126,0,FALSE POSITIVE,5.2434664,132.7707,18.47,119.4,,0.25
K02970.01,5450893,1,CONFIRMED,4.82051088,135.78541,3.588,40.9,,0.1240532398223877
K01461.01,9579499,0,FALSE POSITIVE,7.94671044,140.708207,2.8419,6084.4,,0.05960327759385109
K03057.02,3234843,1,CONFIRMED,10.61368712,140.85316,3.498,559.8,,0.05492907389998436
K00491.01,3541800,0,FALSE POSITIVE,4.66229074,169.65558,3.73,345.4,,0.1333393156528473
K01636.01,10621666,0,FALSE POSITIVE,2.61841046,136.66312,3.304,180.2,,0.21030570566654205
K02842.02,8733898,1,CONFIRMED,5.14892346,133.31971,0.9613,2355.0,,0.031116537749767303
K01105.01,3130300,0,FALSE POSITIVE,5.76573396,133.30941,2.924,248.0,,0.08452234417200089
K06211.01,9767392,0,FALSE POSITIVE,1.457256942,131.60891,6.51381,364905.0,,0.25
K03011.01,3328052,0,FALSE POSITIVE,2.11547854,132.0118,3.665,222.9,,0.25
K02890.01,7463685,1,CONFIRMED,8.98826122,138.83733,4.96,160.8,,0.09197181463241577
K06888.01,7588436,0,FALSE POSITIVE,23.3924063,139.7612,3.416,62.3,,0.024338383227586746
K03047.01,9301506,0,FALSE POSITIVE,0.605223042,131.75593,0.8986,232.3,,0.24745698273181915
K06107.01,4035675,0,FALSE POSITIVE,2.873657901,132.5847,2.1054,43895.0,,0.12210917472839355
K06397.01,4261960,0,FALSE POSITIVE,1.461270059,131.78154,16.467,3348.7,,0.25
K00922.01,8826878,1,CONFIRMED,5.15448142,171.6389,3.228,697.5,,0.1043751910328865
K01414.01,8916492,0,FALSE POSITIVE,4.02378908,136.23411,3.237,32.1,,0.13407760858535767
K07475.01,11724091,0,FALSE POSITIVE,1.559090282,131.7719964,4.95211,226981.0,,0.25
K07053.01,8552500,0,FALSE POSITIVE,0.530972263,131.7212,3.653,48.6,,0.25
K02011.01,5384079,1,CONFIRMED,7.05675145,132.53512,2.0261,130.0,,0.047852519899606705
K02597.03,12120307,1,CONFIRMED,5.61357653,131.81669,2.905,162.3,,0.08624923229217529
K04292.01,10063208,1,CONFIRMED,9.3281912,132.85459,3.991,45.2,,0.07130714505910873
K01641.01,10879038,1,CONFIRMED,4.8538404,135.09902,3.198,196.4,,0.10980995744466782
K06038.01,7436177,0,FALSE POSITIVE,19.93364711,143.94041,8.6122,174830.0,,0.07200723141431808
K07096.01,8823397,0,FALSE POSITIVE,1.506503686,132.9914262,5.02151,477104.0,,0.25
K01276.01,8804283,1,CONFIRMED,22.79020351,138.68515,5.0394,617.9,,0.03685355558991432
K00838.01,5534814,0,FALSE POSITIVE,4.859386384,173.011469,2.2757,6044.3,,0.07805169373750687
K01028.01,2166206,0,FALSE POSITIVE,8.09695764,140.74216,3.319,283.5,,0.06831783801317215
K00671.02,7040629,1,CONFIRMED,7.46662068,132.7755,3.87,120.9,,0.08638446033000946
K04559.01,7285673,0,FALSE POSITIVE,0.566801045,131.79795,1.7499,188.3,,0.25
K00756.01,10872983,1,CONFIRMED,11.09432054,171.20116,4.5945,1517.5,,0.0690217986702919
K06181.01,8517303,0,FALSE POSITIVE,24.0733775,141.13539,19.612,1325.7,,0.13577930629253387
K06153.01,7108433,0,FALSE POSITIVE,1.51918335,131.913532,5.45573,499989.0,,0.25
K02059.01,12301181,1,CONFIRMED,6.14728341,134.87289,2.7645,119.7,,0.07495180517435074
K01589.01,5301750,1,CONFIRMED,8.72585478,138.76838,4.473,446.7,,0.08543575555086136
K04062.01,11858979,0,FALSE POSITIVE,3.05933906,131.7541,1.7332,1169.2,,0.09442126750946045
K00756.03,10872983,1,CONFIRMED,2.56658897,179.55437,2.429,226.5,,0.1577320545911789
K04192.01,9828127,1,CONFIRMED,18.0541469,147.7943,4.587,283.1,,0.0423448421061039
K00128.01,11359879,1,CONFIRMED,4.942783419,136.3294353,3.25346,11144.7,,0.10970404744148254
K01774.01,11285136,0,FALSE POSITIVE,2.368173896,133.81015,2.346,10143.0,,0.16510611772537231
K00679.02,7515212,1,CONFIRMED,16.2580276,139.6381,6.375,47.0,,0.06535232812166214
K00418.01,7975727,0,FALSE POSITIVE,22.418319842,172.797099,5.349,11929.1,,0.0397665835916996
K00673.01,7124613,1,CONFIRMED,4.41746257,170.79073,2.965,291.0,,0.11186663061380386
K07276.01,10031409,0,FALSE POSITIVE,2.071939672,132.8368962,4.45367,198766.0,,0.25
K02458.01,7604328,1,CONFIRMED,4.35407371,132.85695,2.427,277.1,,0.09290150552988052
K00197.01,2987027,1,CONFIRMED,17.276296682,133.839172,3.94738,10458.0,,0.038080886006355286
K04126.01,9272070,1,CONFIRMED,8.10503551,135.88389,4.459,209.9,,0.09169197082519531
K03704.01,2569494,0,FALSE POSITIVE,1.523298835,132.32762,5.9083,195071.0,,0.25
K03825.01,5467113,0,FALSE POSITIVE,2.845746618,134.276987,13.0719,557741.0,,0.25
K03759.01,8543279,0,FALSE POSITIVE,7.549303633,135.010802,2.3665,10222.9,,0.05224543809890747
K02210.01,4142847,1,CONFIRMED,2.888904439,132.15271,1.6043,402.2,,0.09255526959896088
K07481.01,11811454,0,FALSE POSITIVE,2.274628199,132.0170362,4.52648,103972.0,,0.25
K07119.01,8977176,0,FALSE POSITIVE,0.50948306,132.0386,3.14,74.6,,0.25
K00563.01,6707833,1,CONFIRMED,15.28467725,175.62345,6.0768,321.3,,0.06626243889331818
K03701.01,6470521,0,FALSE POSITIVE,2.08043378,131.827041,7.708,6861.2,,0.25
K02869.01,7767162,1,CONFIRMED,3.30040818,133.56723,4.462,98.8,,0.22532565891742706
K04282.01,11670599,0,FALSE POSITIVE,0.847588864,131.55971,2.246,67.1,,0.25
K01757.01,4851464,0,FALSE POSITIVE,5.548250634,133.219686,6.06772,42873.4,,0.18227127194404602
K00411.01,5478055,0,FALSE POSITIVE,15.85238672,174.22654,5.179,928.5,,0.05445026606321335
K07126.01,9029486,0,FALSE POSITIVE,3.138580493,132.330622,4.16343,233337.0,,0.22108879685401917
K03108.01,3756264,1,CONFIRMED,7.36272124,136.86143,1.3287,429.3,,0.030077194795012474
K07063.01,8574270,0,FALSE POSITIVE,15.120212531,139.6966549,3.50007,24616.5,,0.038580477237701416
K05076.01,4732015,0,FALSE POSITIVE,0.938857507,132.206796,3.98767,12960.3,,0.25
K02501.01,5542983,0,FALSE POSITIVE,4.76887671,132.09888,1.672,115.8,,0.05843444541096687
K07521.02,12306808,0,FALSE POSITIVE,7.334073405,137.1334748,2.7308,326.9,,0.06205737218260765
K07860.01,7967517,0,FALSE POSITIVE,0.579516759,132.00256,1.342,27.0,,0.25
K01944.01,2438513,1,CONFIRMED,12.18420006,139.05644,2.5014,499.3,,0.034216444939374924
K02387.01,12254378,1,CONFIRMED,2.032319072,132.32157,1.6762,315.5,,0.13746200501918793
K00939.04,9466668,1,CONFIRMED,10.6816951,131.55082,3.605,307.8,,0.056248873472213745
K00579.02,8616637,1,CONFIRMED,3.763041531,132.59298,1.6011,354.5,,0.07091338187456131
K06575.01,5389184,0,FALSE POSITIVE,1.06995136,132.30469,1.322,54.8,,0.20592837035655975
K00812.02,4139816,1,CONFIRMED,20.06036336,147.46554,3.3203,1494.7,,0.02758590690791607
K06521.01,5111801,0,FALSE POSITIVE,0.562006231,132.0289,3.496,14.2,,0.25
K00843.01,5881688,1,CONFIRMED,4.190425659,171.44122,2.8589,2877.4,,0.11370762437582016
K02204.01,8494542,1,CONFIRMED,10.86062378,136.65957,2.2874,189.6,,0.03510234132409096
K03628.01,3542574,0,FALSE POSITIVE,3.47140045,133.750744,1.55,,,0.0744176134467125
K03646.01,6531496,0,FALSE POSITIVE,14.323889947,135.225964,4.83729,69071.6,,0.05628463998436928
K06964.01,8098300,0,FALSE POSITIVE,4.305917719,132.3501939,5.61993,361389.0,,0.217527374625206
K03060.01,11019987,1,CONFIRMED,6.9131732,138.4219,4.73,39.1,,0.11403349786996841
K06649.01,6041511,0,FALSE POSITIVE,0.97705114,132.1871,2.33,20.1,,0.25
K06703.01,6421483,0,FALSE POSITIVE,2.158398259,131.894054,8.1633,93038.0,,0.25
K03109.01,11572193,1,CONFIRMED,10.6761592,140.59136,4.594,151.0,,0.07171742618083954
K07522.01,12351927,0,FALSE POSITIVE,10.116144515,139.9824969,2.70314,58143.5,,0.044535081833601
K04370.01,12407623,0,FALSE POSITIVE,1.181165291,132.42522,1.013,370.4,,0.14293794333934784
K07341.01,10549576,0,FALSE POSITIVE,9.089355023,139.083714,6.4006,101478.0,,0.11736439913511276
K01534.01,4741126,1,CONFIRMED,20.4222447,146.9837,6.22,189.3,,0.050761640071868896
K00279.03,12314973,1,CONFIRMED,7.5143967,136.1851,4.865,36.3,,0.10790397971868515
K03415.01,3433668,1,CONFIRMED,15.0219784,143.6989,5.068,96.9,,0.056228723376989365
K02546.01,5039129,0,FALSE POSITIVE,1.319677953,132.06143,1.978,100.7,,0.2498084157705307
K03464.01,11874338,0,FALSE POSITIVE,15.9750417,135.71533,3.549,643.5,,0.037026505917310715
K05724.01,9850843,0,FALSE POSITIVE,8.48039,135.853,6.134,133.7,,0.12055262923240662
K06266.01,2308957,0,FALSE POSITIVE,1.109841858,132.1655985,8.11952,300713.0,,0.25
K06390.01,4157488,0,FALSE POSITIVE,5.197420145,132.5674705,6.78534,91307.3,,0.21758680045604706
K00798.01,3120431,0,FALSE POSITIVE,3.341913228,171.63943,3.813,725.3,,0.19016052782535553
K00999.01,2165002,1,CONFIRMED,16.56806842,146.15285,4.2647,1331.4,,0.042900796979665756
K00045.01,3742855,0,FALSE POSITIVE,6.397185875,174.365353,5.8638,18887.0,,0.1527702957391739
K01389.01,9002237,0,FALSE POSITIVE,4.350087749,134.800238,2.6428,23593.0,,0.1012546643614769
K00985.01,10227501,0,FALSE POSITIVE,2.002779769,261.95791,2.231,260.5,,0.18565861880779266
K02119.01,4055304,1,CONFIRMED,0.571038347,131.653752,1.1267,242.1,,0.25
K07065.01,8590527,0,FALSE POSITIVE,0.739769962,131.9671179,1.95901,20729.3,,0.25
K03664.01,4678875,0,FALSE POSITIVE,1.87887673,133.0741983,6.60887,824392.0,,0.25
K05619.01,9117123,0,FALSE POSITIVE,2.16402661,133.5762679,2.78,,,0.21410703659057617
K01364.01,6962977,1,CONFIRMED,20.8341497,186.03921,4.522,803.1,,0.03617458418011665
K02977.01,11090556,1,CONFIRMED,2.7881793,131.84558,3.397,55.8,,0.2030596286058426
K04332.01,8953414,0,FALSE POSITIVE,2.66588544,131.6037,5.004,167.0,,0.25
K07284.01,10091257,0,FALSE POSITIVE,1.70192371,131.955498,3.0271,49833.0,,0.25
K02433.05,11968463,0,FALSE POSITIVE,0.646745436,132.02582,1.188,115.6,,0.25
K05995.01,4275328,0,FALSE POSITIVE,6.150529292,132.522141,4.4562,2417.1,,0.12075383216142654
K02718.01,5308666,0,FALSE POSITIVE,0.784513087,131.98751,1.9206,316.6,,0.25
K00074.01,6889235,0,FALSE POSITIVE,5.188671659,125.879388,5.0534,548.9,,0.1623215675354004
K00596.01,10388286,1,CONFIRMED,1.682695938,170.453117,1.3867,703.8,,0.13734903931617737
K00316.03,8008067,1,CONFIRMED,7.305706326,131.77905,1.4228,264.9,,0.03245864436030388
K01919.01,8127607,0,FALSE POSITIVE,16.60973843,147.6085,4.515,667.8,,0.04530474543571472
K01363.01,6936909,1,CONFIRMED,3.546531809,134.90127,2.2746,442.7,,0.1068931594491005
K06288.01,2708445,0,FALSE POSITIVE,1.89117723,132.7285,6.986,176.2,,0.25
K03249.01,9083564,0,FALSE POSITIVE,0.918420801,131.58576,3.533,56.7,,0.25
K06661.01,6068947,0,FALSE POSITIVE,0.573036404,120.5159138,1.3176,4174.5,,0.25
K00572.02,8193178,1,CONFIRMED,4.93883135,135.95465,4.388,123.5,,0.14807821810245514
K05516.01,8432034,0,FALSE POSITIVE,0.83620025,131.91663,3.7127,331275.0,,0.25
K04863.01,5471566,0,FALSE POSITIVE,0.9628348,132.1907,2.259,92.8,,0.25
K00398.03,9946525,1,CONFIRMED,1.729367077,133.81929,1.7442,484.4,,0.16809618473052979
K01398.01,9269281,1,CONFIRMED,5.82348911,354.99602,2.2441,888.7,,0.06422553211450577
K02694.01,9475552,1,CONFIRMED,0.843379985,131.966174,1.4474,343.3,,0.25
K07783.01,6527016,0,FALSE POSITIVE,0.542636318,131.95581,1.2536,74.6,,0.25
K01211.01,3858704,0,FALSE POSITIVE,3.00363219,135.64129,3.732,101.2,,0.2070826143026352
K00377.03,3323887,1,CONFIRMED,1.59295975,182.08924,1.9313,248.3,,0.20206621289253235
K05989.01,3852258,0,FALSE POSITIVE,5.7584367,135.11279,2.587,736.6,,0.07487564533948898
K02857.01,6345732,1,CONFIRMED,20.2642023,135.27919,4.664,185.3,,0.038359928876161575
K07203.01,9602538,0,FALSE POSITIVE,3.55646511,133.5549,4.72,46.1,,0.22119341790676117
K06497.01,5025234,0,FALSE POSITIVE,1.77555333,131.92,14.41,83.5,,0.25
K03184.01,4735826,1,CONFIRMED,7.545922037,134.4902954,4.0329,22.2,,0.08907460421323776
K01110.01,2837111,1,CONFIRMED,8.7348852,135.0818,4.49,270.7,,0.0856717973947525
K07616.01,11463950,0,FALSE POSITIVE,4.0551242,134.6871,12.0,148.7,,0.25
K00301.02,3642289,1,CONFIRMED,11.44865823,141.38705,4.953,75.2,,0.07210452109575272
K03939.01,9593528,0,FALSE POSITIVE,1.88665445,132.3531,1.343,2098.0,,0.11864034086465836
K05738.01,9941387,0,FALSE POSITIVE,27.659607786,141.2478883,4.16321,318404.0,,0.02508597820997238
K01602.01,4860678,1,CONFIRMED,9.97716876,137.2361,5.908,252.9,,0.09869199246168137
K06044.01,7830321,0,FALSE POSITIVE,2.027383251,131.686117,1.5528,3856.2,,0.12765222787857056
K05127.01,5113146,0,FALSE POSITIVE,18.78970984,143.82465,4.13997,40789.1,,0.036721959710121155
K01459.01,9761199,0,FALSE POSITIVE,0.692015479,133.114177,1.1315,4518.1,,0.25
K07633.01,2449053,0,FALSE POSITIVE,0.73975345,131.81739,4.2,481.8,,0.25
K05976.01,12645761,0,FALSE POSITIVE,2.709570339,134.084891,5.57527,13170.8,,0.25
K02231.01,6780158,0,FALSE POSITIVE,2.464160779,131.92201,2.427,116.7,,0.16415324807167053
K04608.01,7045435,0,FALSE POSITIVE,0.93479255,131.88578,4.5838,247.5,,0.25
K04246.01,5177859,1,CONFIRMED,6.98472143,135.99731,2.724,90.7,,0.06499901413917542
K03643.01,3231120,0,FALSE POSITIVE,3.900109346,133.380544,3.9037,126194.0,,0.16682010889053345
K04817.01,5980061,0,FALSE POSITIVE,0.630539713,131.99124,1.7407,239.6,,0.25
K03925.02,10788461,1,CONFIRMED,2.5903958,132.3011,2.088,330.9,,0.13434240221977234
K06684.01,6285396,0,FALSE POSITIVE,5.2436639,132.6741,10.53,93.5,,0.25
K00859.01,6675056,0,FALSE POSITIVE,10.44331991,175.4046,2.743,1159.8,,0.04377599060535431
K06131.01,5471617,0,FALSE POSITIVE,12.4237327,133.9642,18.15,30.1,,0.24348559975624084
K06654.01,6046311,0,FALSE POSITIVE,0.957476003,131.91263,0.6624,450.7,,0.1153031513094902
K00070.05,6850504,1,CONFIRMED,19.5776073,135.2032,3.382,98.1,,0.0287913978099823
K00354.02,11568987,1,CONFIRMED,7.37867551,135.82271,3.349,125.1,,0.07564591616392136
K06069.01,9532123,0,FALSE POSITIVE,8.214204254,135.01403,4.5905,74177.0,,0.09314150363206863
K00705.01,9300285,0,FALSE POSITIVE,1.012672041,170.189232,3.0512,1197.6,,0.25
K00221.02,3937519,1,CONFIRMED,5.89661966,134.03046,3.154,144.0,,0.08914712071418762
K02143.01,11403339,1,CONFIRMED,4.79029482,134.95277,2.7219,142.0,,0.09470189362764359
K00329.01,10031885,0,FALSE POSITIVE,8.58969597,174.9625,8.471,245.1,,0.16436359286308289
K02374.02,9364290,1,CONFIRMED,12.1628195,137.52402,2.3161,306.3,,0.03173743188381195
K07037.01,8415863,0,FALSE POSITIVE,27.533803402,147.2410009,3.96227,48152.7,,0.02398427575826645
K00480.01,11134879,1,CONFIRMED,4.30165843,172.311001,2.1055,739.4,,0.08157706260681152
K07450.01,11499757,0,FALSE POSITIVE,12.314402323,134.2520931,5.8903,393895.0,,0.07972101867198944
K02183.02,5706595,1,CONFIRMED,4.57948235,135.09685,3.106,207.1,,0.11304043233394623
K03537.01,7374746,0,FALSE POSITIVE,1.366946478,132.204582,3.37701,158643.0,,0.25
K06773.01,6841577,0,FALSE POSITIVE,15.53753378,140.2734399,5.8262,209006.0,,0.06249597668647766
K04240.01,9593773,0,FALSE POSITIVE,3.1339356,133.5458,4.477,203.7,,0.23809252679347992
K07064.01,8581658,0,FALSE POSITIVE,3.481657589,134.1835162,4.75315,347012.0,,0.22753290832042694
K05178.01,5551240,1,CONFIRMED,4.13960513,134.04705,3.31,106.7,,0.13326552510261536
K03429.02,9230021,1,CONFIRMED,8.74192361,135.42727,4.235,295.7,,0.08074118942022324
K04684.01,9602775,0,FALSE POSITIVE,3.5564279,133.5377,6.998,131.4,,0.25
K00933.01,9171801,0,FALSE POSITIVE,3.187067566,171.64976,3.119,1037.4,,0.16310709714889526
K00297.01,11905011,1,CONFIRMED,5.65178922,172.27915,3.0933,134.1,,0.09121890366077423
K01988.01,9044228,1,CONFIRMED,0.934885365,131.580676,1.4083,270.4,,0.25
K00263.01,10514430,0,FALSE POSITIVE,20.71927223,184.73851,4.0388,224.6,,0.032488271594047546
K01143.01,8312852,0,FALSE POSITIVE,7.44042933,134.76331,2.991,547.3,,0.06699882447719574
K03453.01,4932689,0,FALSE POSITIVE,18.1118457,134.7252,6.309,328.7,,0.058055926114320755
K01492.01,12108312,0,FALSE POSITIVE,0.70544824,133.807063,2.9423,462.4,,0.25
K06902.01,7671594,0,FALSE POSITIVE,0.705174384,131.694866,1.11196,375227.0,,0.25
K03032.01,10585738,1,CONFIRMED,0.636424848,131.68872,0.947,217.9,,0.24799995124340057
K01213.01,3556220,0,FALSE POSITIVE,0.796722833,133.07985,2.4551,107.1,,0.25
K06170.01,8058507,0,FALSE POSITIVE,15.80529628,135.9561178,1.56,,,0.0164501816034317
K00482.01,11255761,0,FALSE POSITIVE,4.99270186,169.55323,3.1008,557.4,,0.10351108759641647
K03751.01,9053086,0,FALSE POSITIVE,1.274841686,131.623318,3.5903,50253.0,,0.25
K02600.01,9777251,0,FALSE POSITIVE,1.33255087,132.059,3.565,123.3,,0.25
K06588.01,5475712,0,FALSE POSITIVE,2.991884392,134.175892,7.5583,123880.0,,0.25
K01102.04,3231341,1,CONFIRMED,4.24439049,137.06643,3.282,174.0,,0.1288759857416153
K02817.01,7605093,1,CONFIRMED,0.634003002,131.89476,0.9207,316.9,,0.24203355610370636
K06442.01,4739194,0,FALSE POSITIVE,1.246585716,132.0206985,4.62051,406770.0,,0.25
K07042.01,8445775,0,FALSE POSITIVE,13.254134073,136.3679147,4.34991,44979.8,,0.05469878390431404
K01292.01,10924853,0,FALSE POSITIVE,2.102416517,134.394943,1.7684,1502.5,,0.14018788933753967
K00289.01,10386922,1,CONFIRMED,26.62941953,191.99627,7.8709,492.8,,0.04926193132996559
K06096.01,2719873,0,FALSE POSITIVE,17.279290765,135.2741342,5.07591,164308.0,,0.04895947501063347
K06550.01,5272571,0,FALSE POSITIVE,1.288046428,132.00088,3.637,32.3,,0.25
K04412.01,7847104,0,FALSE POSITIVE,1.284991846,132.74087,2.274,29.1,,0.25
K06836.01,7137798,0,FALSE POSITIVE,2.25353739,132.486708,5.74622,182828.0,,0.25
K07392.01,10965963,0,FALSE POSITIVE,6.64024496,132.775862,6.03491,224329.0,,0.15147307515144348
K03141.01,5440317,1,CONFIRMED,2.31941571,131.93925,1.591,96.4,,0.11432477086782455
K04217.01,5702637,0,FALSE POSITIVE,1.0388961,132.37849,4.755,600.8,,0.25
K00385.01,3446746,1,CONFIRMED,13.14496741,174.8467,3.6399,300.8,,0.04615074023604393
K06393.01,4174507,0,FALSE POSITIVE,1.945914237,133.042081,2.8712,9880.5,,0.24591697752475739
K02489.01,2718778,1,CONFIRMED,3.92453009,132.40179,3.691,463.5,,0.15674912929534912
K07441.01,11359305,0,FALSE POSITIVE,28.487107336,132.872485,3.77887,37662.9,,0.0221086572855711
K02407.01,12120484,1,CONFIRMED,17.2922631,135.75448,7.042,203.1,,0.06787236034870148
K01147.01,8299955,0,FALSE POSITIVE,2.6827683,134.25535,2.957,79.8,,0.18370327353477478
K07228.01,9762519,0,FALSE POSITIVE,7.51514595,138.0800379,3.54486,117463.0,,0.07861590385437012
K02620.01,11465950,1,CONFIRMED,16.0573291,132.39054,3.546,575.0,,0.03680562227964401
K01139.01,8378634,0,FALSE POSITIVE,3.629442796,134.70066,5.63,426.6,,0.25
K05392.01,7458433,0,FALSE POSITIVE,0.66062715,131.8646,4.56,248.5,,0.25
K00524.01,8934495,1,CONFIRMED,4.592393816,172.004723,2.2748,1027.7,,0.08255679905414581
K06717.01,6466939,0,FALSE POSITIVE,1.142946648,131.9010021,3.40234,412554.0,,0.25
K00921.03,8689373,1,CONFIRMED,3.78402867,133.28133,1.9012,426.1,,0.08373791724443436
K02934.01,10964265,0,FALSE POSITIVE,0.637487312,131.97829,1.9626,211.3,,0.25
K06764.01,6766748,0,FALSE POSITIVE,7.002865192,136.013297,5.90232,349695.0,,0.14047393202781677
K00584.02,9146018,1,CONFIRMED,21.22349325,170.37387,4.9416,582.9,,0.03880605101585388
K02887.01,3859363,0,FALSE POSITIVE,1.56859048,131.64081,11.591,280.6,,0.25
K07207.01,9637299,0,FALSE POSITIVE,1.882438182,132.7396834,3.50695,344205.0,,0.25
K01497.01,11774387,0,FALSE POSITIVE,0.520222869,178.14846,1.2216,269.5,,0.25
K04870.01,4665991,0,FALSE POSITIVE,1.12401084,131.64952,3.052,43.6,,0.25
K07112.01,8953281,0,FALSE POSITIVE,0.78430061,132.23164,2.952,254.7,,0.25
K03097.01,7582689,1,CONFIRMED,11.9216035,137.47581,5.009,43.2,,0.0700269341468811
K02822.01,8263545,1,CONFIRMED,4.44589508,131.74309,2.3816,441.4,,0.0892808586359024
K07689.01,4281068,0,FALSE POSITIVE,1.01530474,131.517946,8.7622,16445.2,,0.25
K01045.01,6066403,0,FALSE POSITIVE,1.303861044,134.212059,4.0541,598.2,,0.25
K02452.01,5545815,0,FALSE POSITIVE,4.35370136,134.09426,1.913,168.9,,0.07323270291090012
K06427.01,4574310,0,FALSE POSITIVE,1.306220168,132.1122056,5.14519,481370.0,,0.25
K04645.01,11076276,0,FALSE POSITIVE,1.4725859,132.92731,2.953,84.4,,0.25
K07033.01,8398290,0,FALSE POSITIVE,0.510804497,131.88057,2.539,42.7,,0.25
K07557.01,5268955,0,FALSE POSITIVE,12.82252496,137.3868282,18.8,19268.0,,0.24436165392398834
K00002.01,10666592,1,CONFIRMED,2.204735417,121.3585417,3.88864,6674.7,,0.25
K07541.01,12557713,0,FALSE POSITIVE,7.214721393,132.498654,2.36464,46801.5,,0.05462534725666046
K07210.02,9640921,0,FALSE POSITIVE,2.17814513,132.02979,2.321,136.0,,0.17759759724140167
K00606.01,5014753,0,FALSE POSITIVE,3.170626881,172.047171,2.7189,14610.0,,0.14292126893997192
K01680.01,5530882,0,FALSE POSITIVE,5.0825188,132.95792,3.328,105.0,,0.10913223773241043
K07666.01,3751231,0,FALSE POSITIVE,0.570953851,131.5725,0.998,76.1,,0.25
K01364.05,6962977,1,CONFIRMED,2.58083264,171.56048,2.1729,270.2,,0.14032292366027832
K02784.01,3119256,0,FALSE POSITIVE,4.14244748,132.907,2.203,69.9,,0.08863519877195358
K05733.01,9911112,0,FALSE POSITIVE,1.166835206,131.912321,2.17596,15527.2,,0.25
K07364.01,10686930,0,FALSE POSITIVE,2.61844178,134.03782,3.203,45.1,,0.20387443900108337
K06761.01,6706287,0,FALSE POSITIVE,1.267693801,132.120397,3.57993,333641.0,,0.25
K04214.01,10549924,0,FALSE POSITIVE,0.715825886,132.06428,1.212,40.6,,0.25
K06460.01,4851217,0,FALSE POSITIVE,2.470283788,133.251861,7.8391,193828.0,,0.25
K01400.01,9157908,0,FALSE POSITIVE,9.41475056,142.32936,4.736,483.4,,0.08384007215499878
K07663.01,3663141,0,FALSE POSITIVE,2.31894284,132.9696,5.321,66.5,,0.25
K01798.01,6867766,0,FALSE POSITIVE,12.964717746,136.143342,1.8303,3732.9,,0.02352924272418022
K04230.01,9872831,1,CONFIRMED,5.49548533,133.63966,2.461,85.8,,0.0746370255947113
K04678.01,4247811,0,FALSE POSITIVE,2.05048377,133.2849,3.67,60.5,,0.25
K04053.01,1718958,1,CONFIRMED,1.41975831,132.92,1.429,60.9,,0.16775155067443848
K03561.01,11403216,0,FALSE POSITIVE,4.05325447,134.744552,4.0116,110916.0,,0.16495387256145477
K02319.01,9003401,1,CONFIRMED,21.1033014,144.66035,2.059,192.5,,0.016261279582977295
K01129.01,6272413,1,CONFIRMED,4.89721006,133.39852,1.812,274.4,,0.06166776642203331
K02223.01,9278725,1,CONFIRMED,1.104462494,132.32134,1.0458,469.1,,0.15781432390213013
K00144.01,4180280,1,CONFIRMED,4.176254191,133.090415,3.6716,1360.1,,0.14652684330940247
K03812.01,6148271,0,FALSE POSITIVE,1.78526527,133.1265,6.2233,1733.1,,0.25
K07097.01,8841616,0,FALSE POSITIVE,1.679585725,131.5600829,7.34648,101786.0,,0.25
K03499.01,5471688,0,FALSE POSITIVE,12.4281308,141.4385,6.79,131.4,,0.09105686843395233
K00240.01,8026752,1,CONFIRMED,4.286866229,138.614882,4.4726,1321.9,,0.173887699842453
K06747.01,6629156,0,FALSE POSITIVE,0.71538172,131.5505,5.0,,,0.25
K03724.01,11200405,0,FALSE POSITIVE,4.639602084,135.09909,3.4636,25079.0,,0.12442158907651901
K03629.01,3544694,0,FALSE POSITIVE,1.922862476,132.735702,3.4594,101272.0,,0.25
K07692.01,4373195,0,FALSE POSITIVE,0.56256804,131.72497,1.686,4.5,,0.25
K03699.01,2438490,0,FALSE POSITIVE,3.31577795,131.53883,4.2349,94567.0,,0.21286608278751373
K02182.01,6962109,1,CONFIRMED,17.13263125,147.1546,3.0555,850.2,,0.029723981395363808
K05985.01,3347485,0,FALSE POSITIVE,7.544804312,137.11963,8.2678,6501.7,,0.18263782560825348
K07876.01,8245108,0,FALSE POSITIVE,0.579108481,131.7753,1.659,68.4,,0.25
K07487.01,11873166,0,FALSE POSITIVE,0.734426335,131.931739,2.7415,99056.0,,0.25
K06340.01,3544678,0,FALSE POSITIVE,6.3762199,134.9584,2.24,,,0.0585508868098259
K07555.01,5024414,0,FALSE POSITIVE,1.525924746,132.69258,1.955,74.1,,0.2135317176580429
K02824.01,3241604,0,FALSE POSITIVE,1.70336496,132.45889,1.7045,316.7,,0.16677772998809814
K06476.01,4940201,0,FALSE POSITIVE,4.408295716,134.280413,3.62479,37964.0,,0.1370442658662796
K02336.01,6142862,0,FALSE POSITIVE,5.33459393,133.43443,2.642,226.3,,0.08254299312829971
K02435.01,5097868,0,FALSE POSITIVE,6.80243431,132.40355,3.817,249.1,,0.09352044016122818
K01040.01,5817553,0,FALSE POSITIVE,4.206096814,136.44854,10.7381,1298.1,,0.25
K01469.01,7543649,0,FALSE POSITIVE,3.582076914,355.515064,4.4228,1534.4,,0.20578378438949585
K01746.01,8197343,1,CONFIRMED,11.79161234,134.54064,3.036,415.4,,0.04291185736656189
K06235.01,11147460,0,FALSE POSITIVE,2.053866175,132.944062,4.8045,5021.3,,0.25
K00293.01,11200415,0,FALSE POSITIVE,4.63958598,172.21917,2.768,83.4,,0.09943415969610214
K00380.01,2452450,0,FALSE POSITIVE,8.0970583,170.81044,5.699,680.7,,0.11730597913265228
K03300.02,7889486,0,FALSE POSITIVE,24.2416103,155.0323,5.137,323.4,,0.03531806170940399
K03022.02,11618601,1,CONFIRMED,5.05368985,135.11296,2.514,171.5,,0.0829097181558609
K06444.01,4740688,0,FALSE POSITIVE,3.45423296,131.71294,2.965,149.8,,0.14306119084358215
K00869.01,6948054,1,CONFIRMED,7.49018305,174.95037,2.7297,1123.6,,0.06073950231075287
K06721.01,6521174,0,FALSE POSITIVE,8.27923132,133.81711,2.355,164.9,,0.047407783567905426
K01697.01,6891637,0,FALSE POSITIVE,1.752553762,132.72735,3.877,414.7,,0.25
K07514.01,12157983,0,FALSE POSITIVE,0.577844035,131.88058,4.291,320.4,,0.25
K01088.01,3113266,0,FALSE POSITIVE,0.995861402,132.346819,1.1507,4993.8,,0.19258034229278564
K07476.01,11757422,0,FALSE POSITIVE,1.81993557,132.52714,2.43,109.1,,0.22253535687923431
K06030.01,6628237,0,FALSE POSITIVE,3.840130917,135.139765,2.8951,60401.0,,0.12565109133720398
K03857.01,11825057,0,FALSE POSITIVE,0.532087933,131.972409,3.45028,510366.0,,0.25
K05606.01,9049550,0,FALSE POSITIVE,23.81490574,135.92167,1.9948,79201.0,,0.013960444368422031
K00222.01,4249725,1,CONFIRMED,6.312508525,132.654418,2.7455,1286.0,,0.07248835265636444
K01289.01,10748393,0,FALSE POSITIVE,4.887806806,354.539481,2.4078,4676.0,,0.08210226148366928
K00191.01,5972334,1,CONFIRMED,15.358767771,132.385085,4.1223,14638.1,,0.044733405113220215
K06418.01,4482738,0,FALSE POSITIVE,0.866344816,132.06358,1.9188,233.6,,0.25
K01437.03,11599038,0,FALSE POSITIVE,17.4217322,145.9011,4.718,208.4,,0.045135196298360825
K04000.02,5471675,0,FALSE POSITIVE,12.427135,141.4159,12.81,32.5,,0.17180146276950836
K04629.01,2578017,0,FALSE POSITIVE,0.592562969,131.9017,3.0869,1546.4,,0.25
K03727.01,12023089,0,FALSE POSITIVE,0.623441636,131.6792187,1.46001,19340.5,,0.25
K03772.01,5481426,0,FALSE POSITIVE,2.38404983,133.43927,3.2849,312732.0,,0.22964425384998322
K02017.01,8750043,1,CONFIRMED,2.29503515,132.69329,1.654,172.1,,0.12011435627937317
K02293.01,8321314,1,CONFIRMED,15.03366411,144.98055,3.272,374.9,,0.03627414628863335
K02884.01,9652649,0,FALSE POSITIVE,2.48883033,132.11766,4.268,51.4,,0.25
K06148.01,6593968,0,FALSE POSITIVE,23.19923256,146.6907294,2.09,,,0.01501486450433731
K03332.01,5818068,0,FALSE POSITIVE,14.12678065,137.90377,5.9303,7647.4,,0.06996522098779678
K02705.01,11453592,1,CONFIRMED,2.8867624,131.66592,0.9879,631.8,,0.05703621357679367
K02889.01,6364162,0,FALSE POSITIVE,5.24364571,132.7242,16.984,270.4,,0.25
K07108.01,8906676,0,FALSE POSITIVE,8.209514329,134.0632157,4.14104,141387.0,,0.08406993746757507
K02158.01,5211199,1,CONFIRMED,4.5620407,132.64295,2.8521,81.6,,0.10419679433107376
K01427.01,11129738,1,CONFIRMED,2.613020421,133.11283,1.9588,599.7,,0.12493842840194702
K06707.02,6436505,0,FALSE POSITIVE,24.7222403,146.4611,4.53,290.1,,0.03053930401802063
K02897.01,5817986,0,FALSE POSITIVE,0.584310213,132.013258,2.1801,809.4,,0.25
K00961.03,8561063,1,CONFIRMED,1.865114193,133.792344,0.4279,1124.8,,0.038237158209085464
K00239.02,6383785,1,CONFIRMED,3.62275506,132.99267,2.7868,180.6,,0.12820813059806824
K02663.01,7762723,1,CONFIRMED,9.88736642,139.52781,4.23,68.0,,0.0713031142950058
K07736.01,5709103,0,FALSE POSITIVE,0.664727127,131.63516,1.561,16.2,,0.25
K04524.01,5003670,1,CONFIRMED,7.99144696,136.25855,3.639,145.0,,0.07589364051818848
K00251.01,10489206,1,CONFIRMED,4.164384505,171.087935,1.8464,2338.0,,0.07389647513628006
K03617.01,10735564,0,FALSE POSITIVE,1.674984844,131.793034,4.92134,234579.0,,0.25
K02664.01,5562090,1,CONFIRMED,28.8431751,143.82307,3.171,756.7,,0.018323225900530815
K04042.01,3444098,0,FALSE POSITIVE,0.72359699,131.57754,1.326,495.6,,0.25
K01693.01,6696462,0,FALSE POSITIVE,3.403743926,137.232574,1.5017,815.9,,0.07353177666664124
K01818.01,7870032,1,CONFIRMED,16.87725775,138.64907,3.7917,818.4,,0.03744387999176979
K07350.01,10613718,0,FALSE POSITIVE,0.587938916,132.057929,1.40211,7339.5,,0.25
K06248.01,11975363,0,FALSE POSITIVE,1.759208679,132.6537254,4.60837,362327.0,,0.25
K03475.01,6145201,0,FALSE POSITIVE,22.7832776,145.53344,4.194,120.2,,0.030680397525429726
K07583.01,7214090,0,FALSE POSITIVE,0.577910513,131.79797,1.362,144.1,,0.25
K04660.01,5559651,0,FALSE POSITIVE,0.514771509,131.94435,1.256,43.4,,0.25
K00017.01,10874614,1,CONFIRMED,3.234699282,121.4865708,3.59385,10558.7,,0.18517176806926727
K02018.01,9973109,1,CONFIRMED,27.495634,133.28538,4.858,483.3,,0.029447099193930626
K00578.01,8565266,1,CONFIRMED,6.412512953,169.879804,5.2677,1156.4,,0.136912003159523
K03544.01,3735629,0,FALSE POSITIVE,4.664186517,133.670668,4.0639,555376.0,,0.1452164649963379
K04077.01,7690855,0,FALSE POSITIVE,0.786260569,132.166816,4.556,877.1,,0.25
K01941.01,5213902,0,FALSE POSITIVE,1.194812329,132.18329,1.3777,189.5,,0.19217802584171295
K00104.01,10318874,1,CONFIRMED,2.508057497,135.000657,1.1134,1507.6,,0.07398819923400879
K03370.02,11657614,1,CONFIRMED,5.94228603,133.804,2.169,250.0,,0.06083517149090767
K01982.01,6862721,1,CONFIRMED,4.88753111,132.70783,2.034,679.6,,0.0693601742386818
K04635.01,9873759,0,FALSE POSITIVE,4.99473798,136.1785,3.05,99.5,,0.10177377611398697
K03331.01,5876805,0,FALSE POSITIVE,18.173045009,355.230984,10.9113,69911.3,,0.10006853193044662
K06451.01,4768756,0,FALSE POSITIVE,2.40440112,133.1975,5.49,27.1,,0.25
K03736.01,3547315,0,FALSE POSITIVE,0.64234865,131.911078,2.1184,39597.0,,0.25
K03872.01,4666008,0,FALSE POSITIVE,2.248063246,132.75441,5.1297,631.7,,0.25
K04229.01,11616596,0,FALSE POSITIVE,14.5893928,136.1407,15.54,,,0.17752623558044434
K07166.01,9357375,0,FALSE POSITIVE,1.58826263,132.19139,2.655,78.9,,0.25
K01293.01,10874926,0,FALSE POSITIVE,11.703109303,133.721698,2.0467,4201.0,,0.029147524386644363
K02735.01,9472074,1,CONFIRMED,0.558841234,131.57991,0.7918,280.9,,0.23614339530467987
K06959.01,8088354,0,FALSE POSITIVE,2.897829967,132.6047388,3.17788,163091.0,,0.18277354538440704
K06077.01,10139305,0,FALSE POSITIVE,2.173552528,132.3118,1.6107,3026.0,,0.12350748479366302
K03479.02,6525209,0,FALSE POSITIVE,1.71029474,131.61307,2.946,158.9,,0.25
K07979.01,9941425,0,FALSE POSITIVE,1.075158342,131.7092,1.295,30.2,,0.20074562728405
K00864.03,6849310,1,CONFIRMED,9.76734503,186.57718,1.6585,569.1,,0.028300082311034203
K07167.01,9392702,0,FALSE POSITIVE,3.909314318,131.8944811,5.36124,97123.4,,0.22856692969799042
K01347.02,7037540,0,FALSE POSITIVE,0.858285844,131.87904,1.799,43.4,,0.25
K00710.01,9590976,1,CONFIRMED,5.37493289,170.93379,3.9567,155.8,,0.12268990278244019
K01260.01,8766222,0,FALSE POSITIVE,5.2972293,177.95111,3.799,1210.5,,0.1195278912782669
K01007.01,1725016,1,CONFIRMED,7.40742502,355.49652,3.675,442.0,,0.08268730342388153
K02224.01,8892157,1,CONFIRMED,3.73090026,132.89428,2.9095,191.2,,0.12997309863567352
K01599.02,5474613,1,CONFIRMED,13.6164547,140.93263,5.175,376.1,,0.06334248185157776
K03911.01,9761615,1,CONFIRMED,1.79110997,131.95636,2.0917,167.5,,0.1946372240781784
K00564.03,6786037,1,CONFIRMED,6.21716039,131.71857,4.4289,211.2,,0.11872783303260803
K05481.01,8155368,0,FALSE POSITIVE,0.718643659,131.889141,2.51246,124930.0,,0.25
K07366.01,10732401,0,FALSE POSITIVE,0.933747375,131.5199,5.974,198.9,,0.25
K04693.01,8417078,1,CONFIRMED,23.6223571,146.9643,6.852,57.0,,0.04834403097629547
K06846.01,7203194,0,FALSE POSITIVE,2.24572117,133.26678,3.88,48.2,,0.25
K02142.01,12121470,0,FALSE POSITIVE,1.877350712,132.26591,1.7478,185.6,,0.15516546368598938
K00575.01,8367113,1,CONFIRMED,24.31574009,183.40875,4.1344,643.3,,0.028338296338915825
K02249.01,4761060,0,FALSE POSITIVE,13.37935853,140.92523,8.809,353.5,,0.1097337082028389
K05542.01,8552607,0,FALSE POSITIVE,1.061934307,131.72622,3.211,264.8,,0.25
K02597.01,12120307,1,CONFIRMED,8.00504749,138.71228,3.32,187.5,,0.0691230520606041
K04512.01,12069414,0,FALSE POSITIVE,0.589458602,131.82156,0.8278,158.4,,0.23405657708644867
K03766.01,3954227,0,FALSE POSITIVE,0.594276199,131.835238,2.0188,220745.0,,0.25
K04309.01,11037128,0,FALSE POSITIVE,3.7948721,134.40039,1.713,305.1,,0.0752331018447876
K04300.01,8507475,1,CONFIRMED,3.58273837,134.95108,1.523,360.5,,0.0708489716053009
K03569.01,6707942,0,FALSE POSITIVE,9.014220178,131.549902,2.76441,34085.6,,0.05111201852560043
K00710.03,9590976,1,CONFIRMED,3.88688862,132.4955,3.683,58.3,,0.157924085855484
K01929.02,10136549,1,CONFIRMED,3.29276797,133.00741,4.8069,80.7,,0.24330593645572662
K01228.01,6387450,0,FALSE POSITIVE,3.661326482,135.26995,2.5714,17846.0,,0.11705229431390762
K01014.01,8125580,1,CONFIRMED,17.31711739,142.36094,3.1518,1473.0,,0.030334148555994034
K01215.01,3939150,1,CONFIRMED,17.32419108,142.09977,8.045,241.3,,0.07739659398794174
K03261.01,12055539,1,CONFIRMED,12.27057043,137.57434,3.002,295.5,,0.04077506810426712
K01749.01,6786348,1,CONFIRMED,26.964501,145.34426,3.792,601.7,,0.0234382227063179
K00836.01,5481416,0,FALSE POSITIVE,2.384052875,171.58362,3.0918,1268.1,,0.21614453196525574
K01082.03,10141900,1,CONFIRMED,1.196548464,132.53363,1.2592,224.6,,0.17539337277412415
K02430.01,3533469,0,FALSE POSITIVE,10.21507506,133.64546,3.395,258.6,,0.05539198964834213
K04910.01,9307966,0,FALSE POSITIVE,3.37487541,132.48977,3.085,53.8,,0.15235130488872528
K02539.01,7289162,0,FALSE POSITIVE,5.26648126,131.6902,1.964,97.8,,0.06215408816933632
K03534.01,6431670,0,FALSE POSITIVE,29.911334059,153.595491,7.26916,354377.0,,0.040503934025764465
K04924.01,1572948,0,FALSE POSITIVE,3.0031801,132.1161,2.814,374.7,,0.15616779029369354
K01267.01,8519253,0,FALSE POSITIVE,5.93821065,136.52839,2.5128,522.5,,0.07052629441022873
K07933.01,9347066,0,FALSE POSITIVE,20.004714,139.0639,2.952,115.7,,0.024594202637672424
K03956.02,5471059,0,FALSE POSITIVE,12.4249559,141.5823,16.332,110.4,,0.21907521784305573
K07519.01,12302391,0,FALSE POSITIVE,25.321698729,139.687525,4.45367,119590.0,,0.02931392379105091
K00052.01,3558981,0,FALSE POSITIVE,2.98786272,168.011233,2.5814,42789.0,,0.14399367570877075
K07777.01,6369845,0,FALSE POSITIVE,27.6760342,144.9833,4.234,266.8,,0.02549739181995392
K05575.01,8823893,0,FALSE POSITIVE,1.50650036,132.9895,2.762,45.4,,0.25
K04203.01,3834317,0,FALSE POSITIVE,2.18079098,132.39262,12.13,83.2,,0.25
K06088.01,11756821,0,FALSE POSITIVE,2.745121487,133.619276,2.9845,14608.0,,0.18120023608207703
K00618.01,10353968,1,CONFIRMED,9.07098164,178.3435,2.6903,1026.2,,0.049430519342422485
K05045.01,4160006,0,FALSE POSITIVE,1.018360336,131.67768,7.622,393969.0,,0.25
K00733.04,10271806,1,CONFIRMED,18.64349986,141.62687,1.8491,813.4,,0.016530336812138557
K01422.03,11497958,1,CONFIRMED,10.8644095,131.12833,1.853,748.7,,0.028426149860024452
K02063.01,7449541,1,CONFIRMED,3.00725068,131.90484,4.4302,285.8,,0.24552880227565765
K01663.01,4927315,0,FALSE POSITIVE,11.76921923,138.41222,3.219,519.3,,0.04558501020073891
K04280.01,5026326,0,FALSE POSITIVE,1.39772545,132.3377,4.129,181.3,,0.25
K02521.02,7183745,1,CONFIRMED,4.86634094,353.34131,1.885,366.7,,0.06455911695957184
K06580.01,5460835,0,FALSE POSITIVE,21.539269242,144.1542761,5.32432,143753.0,,0.041198551654815674
K01972.02,11253711,1,CONFIRMED,1.226223959,132.6827,2.1689,56.1,,0.25
K04946.01,2570432,0,FALSE POSITIVE,1.89140138,132.6124,9.52,557.6,,0.25
K02848.01,7749773,1,CONFIRMED,13.7872627,144.77403,5.747,75.1,,0.06947233527898788
K01751.01,9729691,1,CONFIRMED,8.689301216,133.661284,2.563,1117.0,,0.04916007071733475
K00107.01,11250587,1,CONFIRMED,7.256962446,134.023923,4.9402,463.2,,0.11345885694026947
K01640.01,10813841,0,FALSE POSITIVE,6.17039154,354.54497,2.116,502.9,,0.057154666632413864
K01659.01,4650733,1,CONFIRMED,29.5390897,143.91607,4.139,403.3,,0.02335323579609394
K03634.01,6363494,0,FALSE POSITIVE,1.815632406,131.9113803,3.35773,61573.6,,0.25
K06724.01,6522750,0,FALSE POSITIVE,17.445640466,135.7462627,6.08966,334158.0,,0.05817747488617897
K04179.01,10936786,0,FALSE POSITIVE,0.569961046,131.80273,1.446,44.2,,0.25
K03308.02,3632089,1,CONFIRMED,5.32784157,133.55005,4.696,87.2,,0.14690126478672028
K01060.04,5880320,1,CONFIRMED,8.19345065,138.99617,5.234,115.4,,0.10646715015172958
K06916.01,7777365,0,FALSE POSITIVE,0.88512187,131.8821,3.349,136.0,,0.25
K02148.01,6021193,1,CONFIRMED,11.93205399,142.10648,6.205,178.5,,0.08667130023241043
K02618.01,6351097,0,FALSE POSITIVE,12.49117388,136.31491,2.848,189.9,,0.03800016641616821
K07313.01,10341787,0,FALSE POSITIVE,0.93373716,132.46828,5.015,144.9,,0.25
K01712.01,8162790,0,FALSE POSITIVE,10.16104834,141.51593,3.0448,908.9,,0.04994235187768936
K06591.01,5513833,0,FALSE POSITIVE,0.755101141,131.8211,3.371,76.7,,0.25
K00657.02,6020753,1,CONFIRMED,16.28247625,180.79815,2.9227,792.6,,0.02991661988198757
K02458.02,7604328,1,CONFIRMED,2.936587946,133.03618,1.8952,279.6,,0.10756247490644455
K02979.01,2720514,0,FALSE POSITIVE,1.371288853,131.93796,1.4528,66.2,,0.17657354474067688
K07580.01,7116859,0,FALSE POSITIVE,0.5667638,131.8674,1.73,64.5,,0.25
K07781.01,6469946,0,FALSE POSITIVE,0.715802309,131.690348,1.5586,2208.6,,0.25
K02393.01,4665571,1,CONFIRMED,4.60300256,133.22313,2.6848,302.5,,0.09721191227436066
K06792.01,6939670,0,FALSE POSITIVE,4.238855579,135.201464,5.2235,68002.0,,0.20538169145584106
K02038.03,8950568,1,CONFIRMED,17.9134215,135.52921,4.364,197.8,,0.040602702647447586
K06374.01,3972391,0,FALSE POSITIVE,0.634131057,131.78951,2.851,27.1,,0.25
K04908.01,3962684,0,FALSE POSITIVE,25.949641315,148.9825267,11.6411,67.8,,0.07476724684238434
K06581.01,5462901,0,FALSE POSITIVE,5.270733213,136.180853,2.7822,293637.0,,0.08797637373209
K03158.04,6278762,1,CONFIRMED,7.74347801,135.09417,2.7878,77.8,,0.06000318378210068
K00446.01,4633570,1,CONFIRMED,16.70920628,174.75417,2.7052,839.8,,0.026983128860592842
K00655.01,5966154,1,CONFIRMED,25.6721559,192.09679,5.9629,387.1,,0.038711849600076675
K07532.01,12418662,0,FALSE POSITIVE,2.751566365,131.562267,5.2403,72609.0,,0.25
K07525.01,12356746,0,FALSE POSITIVE,0.502454299,131.9221686,2.31547,37454.3,,0.25
K05250.01,6205384,0,FALSE POSITIVE,3.72273683,134.6473,8.552,37.8,,0.25
K01792.02,8552719,0,FALSE POSITIVE,1.546222068,132.45951,7.998,49.4,,0.25
K00574.02,8355239,1,CONFIRMED,10.39986173,141.51366,3.377,275.3,,0.054119307547807693
K04213.01,5632701,0,FALSE POSITIVE,3.67515329,131.681,7.083,56.0,,0.25
K03250.01,7335713,0,FALSE POSITIVE,0.573709256,131.93854,1.4932,131.2,,0.25
K02704.02,9730163,1,CONFIRMED,2.984157711,133.11908,1.2637,2598.0,,0.07057826220989227
K03262.01,12056139,1,CONFIRMED,13.2274753,137.71768,6.356,229.8,,0.08008582890033722
K06125.01,5039441,0,FALSE POSITIVE,2.151384476,133.1088143,3.34471,263861.0,,0.25
K07509.01,12053823,0,FALSE POSITIVE,28.7850347,145.7978,2.102,102.9,,0.01217067614197731
K01318.01,4070376,0,FALSE POSITIVE,1.634614356,133.96855,3.4422,19761.5,,0.25
K07784.01,6531143,0,FALSE POSITIVE,19.4444573,147.9093,5.509,182.3,,0.04721996933221817
K03359.01,10711551,0,FALSE POSITIVE,10.692230094,139.953907,5.46939,376651.0,,0.08525490015745163
K03344.01,11810124,1,CONFIRMED,11.6044881,139.05603,3.409,267.6,,0.04896094277501106
K02359.01,8179325,0,FALSE POSITIVE,3.17275711,133.98944,5.404,313.2,,0.25
K06778.01,6859813,0,FALSE POSITIVE,10.88242209,132.6767451,5.51934,206811.0,,0.08452989161014557
K02644.01,9993529,0,FALSE POSITIVE,0.790539912,131.87702,1.0567,277.3,,0.2227802276611328
K00088.01,7700871,0,FALSE POSITIVE,5.17968868,136.46144,3.7256,121.8,,0.11987850815057755
K06294.01,2852560,0,FALSE POSITIVE,11.961308501,131.9131819,4.6414,310679.0,,0.06467241048812866
K01436.02,11389771,1,CONFIRMED,13.75129636,144.61389,3.853,348.5,,0.04669862613081932
K06837.01,7177553,0,FALSE POSITIVE,17.99646148,139.5431461,4.65638,62755.2,,0.04312310740351677
K07331.01,10468514,0,FALSE POSITIVE,0.84986054,132.0547,1.3875,6571.5,,0.25
K04387.01,2830919,0,FALSE POSITIVE,1.54038914,132.00494,1.683,71.8,,0.18209683895111084
K03091.01,12406807,1,CONFIRMED,17.067644,145.56929,6.026,262.4,,0.05884428694844246
K04386.01,8480582,1,CONFIRMED,18.5010898,149.17569,3.179,421.1,,0.028637953102588654
K00837.02,5531576,1,CONFIRMED,4.14451656,135.92831,2.3421,391.8,,0.09418468922376633
K02053.01,2307415,1,CONFIRMED,13.12162167,133.39526,3.6138,196.9,,0.0459013395011425
K02629.01,10031656,0,FALSE POSITIVE,8.59000355,131.97492,6.68,298.1,,0.12960802018642426
K01969.01,9244756,1,CONFIRMED,16.34355902,145.04116,5.474,829.4,,0.05582219362258911
K00168.03,11512246,1,CONFIRMED,7.10695741,138.32271,5.1462,131.0,,0.12068455666303635
K01870.01,10187159,1,CONFIRMED,7.96431492,136.81646,1.5342,746.0,,0.0321057103574276
K06615.01,5697628,0,FALSE POSITIVE,1.95119541,133.3951,1.907,59.7,,0.16289159655570984
K03972.01,6057684,0,FALSE POSITIVE,0.54028956,131.85133,3.619,293.5,,0.25
K01422.02,11497958,1,CONFIRMED,19.85029495,133.64933,2.8407,1607.5,,0.023851031437516212
K07402.01,11027722,0,FALSE POSITIVE,0.678137665,132.138369,1.00718,885.0,,0.24753578007221222
K06629.01,5807579,0,FALSE POSITIVE,17.844323157,133.6947708,5.07999,222364.0,,0.04744730144739151
K01508.01,7690844,1,CONFIRMED,22.0459163,136.47548,5.22,804.8,,0.039463091641664505
K01333.01,4285107,0,FALSE POSITIVE,2.243016513,133.45086,2.721,299.6,,0.2021830826997757
K06171.01,8095099,0,FALSE POSITIVE,2.103239235,132.8681395,7.08365,314928.0,,0.25
K00851.01,6392727,1,CONFIRMED,4.583520948,169.973972,2.7055,3812.1,,0.09837779402732849
K06539.01,5196851,0,FALSE POSITIVE,0.541396363,131.5974,2.384,181.0,,0.25
K06351.01,3659940,0,FALSE POSITIVE,0.89627093,131.668052,2.2033,66994.0,,0.25
K05617.01,9116075,0,FALSE POSITIVE,24.5002702,154.6193,4.079,153.5,,0.027747992426156998
K04688.01,4851145,0,FALSE POSITIVE,1.23521458,131.9681,0.918,89.5,,0.12386512011289597
K00199.01,10019708,1,CONFIRMED,3.268695042,137.4817205,3.45188,10091.4,,0.17600703239440918
K00756.02,10872983,1,CONFIRMED,4.13443512,172.97937,3.1402,686.0,,0.12658722698688507
K06554.01,5286786,0,FALSE POSITIVE,9.948701373,138.55412,3.2922,2749.5,,0.055152926594018936
K01578.01,5629985,0,FALSE POSITIVE,2.27190723,134.79852,5.383,149.0,,0.25
K02258.01,4951249,0,FALSE POSITIVE,4.52342256,135.46854,2.531,219.0,,0.09325534850358963
K06695.01,6367439,0,FALSE POSITIVE,3.7789374,132.1163,10.767,56.0,,0.25
K07070.01,8618226,0,FALSE POSITIVE,5.882036054,131.7687637,5.16326,238518.0,,0.14630024135112762
K04866.01,7117355,0,FALSE POSITIVE,0.566798364,131.81891,3.172,38.6,,0.25
K04028.01,7818447,0,FALSE POSITIVE,0.618952198,131.590434,2.8244,8324.1,,0.25
K00707.04,9458613,1,CONFIRMED,13.17555999,143.6789,6.6677,280.0,,0.0843442976474762
K03452.01,7021177,0,FALSE POSITIVE,18.64532882,147.207512,3.63893,433815.0,,0.032527629286050797
K01436.03,11389771,1,CONFIRMED,5.41908491,131.6422,2.3379,231.0,,0.0719032809138298
K02165.01,7906739,0,FALSE POSITIVE,7.01476115,136.88345,3.945,122.1,,0.09373091906309128
K02776.01,4275117,0,FALSE POSITIVE,1.00652785,131.71627,1.3175,125.9,,0.21815922856330872
K01801.01,5088591,1,CONFIRMED,14.5324483,140.72407,3.13,1355.9,,0.03589668124914169
K01753.01,4950232,0,FALSE POSITIVE,0.979442525,132.42297,1.0348,469.3,,0.17608655989170074
K07656.01,3448456,0,FALSE POSITIVE,0.776950288,132.0396,1.288,396.0,,0.25
K05750.01,10002266,0,FALSE POSITIVE,12.71368909,136.9328,1.875,192.2,,0.02457980439066887
K02015.01,11298815,0,FALSE POSITIVE,5.73865933,136.91835,4.051,688.6,,0.11765233427286148
K00390.01,3849155,0,FALSE POSITIVE,1.168310132,170.604205,1.31,283.3,,0.18687960505485535
K06564.01,5310435,0,FALSE POSITIVE,4.931365987,133.153013,14.7088,255953.0,,0.25
K04122.01,9851970,0,FALSE POSITIVE,1.08193721,131.5344,4.788,115.3,,0.25
K07292.01,10164018,0,FALSE POSITIVE,8.5412411,131.6163,3.654,298.8,,0.07130111008882523
K01940.01,10005788,1,CONFIRMED,10.99470891,137.35769,1.5929,884.7,,0.024146463721990585
K05587.01,8939650,0,FALSE POSITIVE,1.827660875,132.821298,3.986,46676.8,,0.25
K07201.01,9597854,0,FALSE POSITIVE,1.287097944,132.37957,1.94,106.1,,0.25
K01548.01,9940565,0,FALSE POSITIVE,2.139325409,135.062261,2.8056,6897.8,,0.21857357025146484
K05355.01,7115671,0,FALSE POSITIVE,0.566805859,131.80997,3.835,61.1,,0.25
K01956.01,5730389,0,FALSE POSITIVE,2.759573341,131.71354,6.999,382.0,,0.25
K04725.01,7778621,1,CONFIRMED,7.28171395,137.30085,1.723,111.6,,0.03943668678402901
K00471.02,10019643,1,CONFIRMED,7.81100952,132.30566,3.231,126.7,,0.0689411535859108
K00737.01,10345478,0,FALSE POSITIVE,14.49839316,182.679596,3.7343,3271.1,,0.04292774572968483
K07241.01,9873869,0,FALSE POSITIVE,4.994773558,136.1744922,4.48893,259761.0,,0.14978757500648499
K07869.01,8179286,0,FALSE POSITIVE,11.4132144,140.11988,2.371,76.4,,0.034623607993125916
K01363.02,6936909,1,CONFIRMED,5.70070626,132.69229,1.6408,379.8,,0.047970663756132126
K01495.01,7629518,1,CONFIRMED,15.59466045,137.5636,5.0478,867.7,,0.05394795164465904
K02894.01,6937402,1,CONFIRMED,10.3108232,141.5114,5.617,204.0,,0.09079456329345703
K01364.03,6962977,1,CONFIRMED,11.97884409,178.96957,3.751,707.9,,0.05218923091888428
K04814.01,9777556,0,FALSE POSITIVE,1.33254897,132.0549,3.083,591.7,,0.25
K04239.01,9640924,0,FALSE POSITIVE,2.17815935,132.02414,1.839,116.3,,0.14071513712406158
K02325.01,7120108,1,CONFIRMED,1.025857984,131.655621,0.8069,270.7,,0.13109351694583893
K00873.01,7118364,1,CONFIRMED,4.347288783,172.23343,2.1024,451.6,,0.08060196042060852
K02846.01,4832175,0,FALSE POSITIVE,0.947738312,132.38567,1.206,202.2,,0.2120838612318039
K03156.02,4150611,0,FALSE POSITIVE,1.434200327,132.0647,5.968,3097.3,,0.25
K07066.01,8604993,0,FALSE POSITIVE,6.570421193,134.01948,4.4698,60118.0,,0.11338187754154205
K04465.01,2576224,0,FALSE POSITIVE,2.21701025,131.80305,2.148,29.4,,0.16147872805595398
K00667.01,6752502,0,FALSE POSITIVE,4.305219002,170.453154,2.6845,9738.6,,0.10392425209283829
K00962.01,8846163,0,FALSE POSITIVE,26.77891391,186.20963,3.12,,,0.0194182638078928
K04413.01,6891513,0,FALSE POSITIVE,9.9398272,140.8334549,4.1198,478.6,,0.06907900422811508
K08254.01,5391407,0,FALSE POSITIVE,0.638697833,131.7556646,5.1609,141454.0,,0.25
K02838.02,6607357,1,CONFIRMED,4.77466043,135.16338,3.804,54.3,,0.13278430700302124
K04272.01,9302543,0,FALSE POSITIVE,1.21475168,131.7581,6.93,266.1,,0.25
K01369.01,7287415,1,CONFIRMED,3.016182013,133.88395,2.8349,222.5,,0.15664947032928467
K00845.01,6032497,1,CONFIRMED,16.3297527,177.29506,6.271,1187.5,,0.0640038251876831
K01955.03,9892816,1,CONFIRMED,1.644221032,131.75241,2.9122,47.8,,0.25
K08081.01,12459808,0,FALSE POSITIVE,0.502446098,131.9359,1.803,11.4,,0.25
K00897.01,7849854,1,CONFIRMED,2.052349884,169.890622,2.0778,14280.6,,0.1687334179878235
K07730.01,5512513,0,FALSE POSITIVE,0.77459856,132.3192077,2.71,,,0.25
K00173.01,11402995,1,CONFIRMED,10.06083238,138.96723,4.5718,460.2,,0.07573594897985458
K00340.01,10616571,0,FALSE POSITIVE,23.6731242,160.628756,14.3948,23112.9,,0.10134417563676834
K00456.02,7269974,1,CONFIRMED,4.309381978,134.03552,2.8977,310.7,,0.11206943541765213
K01931.03,10978763,1,CONFIRMED,6.98800953,132.56964,3.103,193.2,,0.07400771975517273
K03158.05,6278762,1,CONFIRMED,9.74048508,134.87916,1.6993,121.4,,0.029076239094138145
K07378.01,10843431,1,CONFIRMED,8.7396758,136.5829,3.866,1431.0,,0.07372508198022842
K07403.01,11029877,0,FALSE POSITIVE,2.069415479,132.645356,5.71941,16188.3,,0.25
K00262.02,11807274,1,CONFIRMED,9.37663713,136.95319,2.1033,118.4,,0.037385471165180206
K06136.01,5814635,0,FALSE POSITIVE,3.86963822,131.6242,2.29,,,0.09863109886646271
K01286.01,10879208,0,FALSE POSITIVE,0.668483615,178.281377,2.0909,2899.8,,0.25
K01380.01,7025526,0,FALSE POSITIVE,1.074106954,133.84323,1.9797,64.5,,0.25
K01978.02,9518318,1,CONFIRMED,23.85163321,147.61456,2.4453,833.7,,0.017086880281567574
K07143.01,9181340,0,FALSE POSITIVE,2.131225773,133.29978,5.4932,2337.1,,0.25
K02055.02,3128552,1,CONFIRMED,4.02582434,135.42508,2.8059,265.3,,0.11616254597902298
K00984.01,1161345,1,CONFIRMED,4.28746668,262.06245,1.5693,790.1,,0.061003390699625015
K00674.01,7277317,1,CONFIRMED,16.33888067,177.917586,9.3599,1718.4,,0.09547675400972366
K01845.02,3338885,1,CONFIRMED,5.05821338,135.702454,1.132,748.3,,0.03729907050728798
K00535.01,10873260,1,CONFIRMED,5.852968845,171.181624,4.5973,1146.5,,0.13091076910495758
K08190.01,9899449,0,FALSE POSITIVE,1.332565736,132.049815,6.0828,2319.8,,0.25
K03319.01,5965819,1,CONFIRMED,19.5906103,144.65969,6.745,297.0,,0.05738293379545212
K06787.01,6890618,0,FALSE POSITIVE,1.574063832,133.05514,5.6357,1118.1,,0.25
K06541.01,5211470,0,FALSE POSITIVE,2.404293523,132.755943,4.4649,8150.9,,0.25
K07623.01,1434395,0,FALSE POSITIVE,2.2227289,131.895,2.617,279.1,,0.19623026251792908
K02350.01,6200235,1,CONFIRMED,1.078389713,133.25041,1.3394,300.5,,0.20700617134571075
K01566.01,5564247,0,FALSE POSITIVE,1.727177258,355.37033,2.081,347.4,,0.20080934464931488
K00746.01,10526549,1,CONFIRMED,9.27358173,173.258155,3.2875,1288.3,,0.05908360704779625
K01544.01,5024450,0,FALSE POSITIVE,1.525924389,355.479571,3.15998,24627.2,,0.25
K07409.01,11124509,0,FALSE POSITIVE,4.446459958,135.730111,2.558,5663.8,,0.09588152170181274
K07086.01,8750094,0,FALSE POSITIVE,1.12679793,132.2757,12.079,227.2,,0.25
K04836.01,4175105,0,FALSE POSITIVE,0.60818508,131.62275,0.909,144.7,,0.24910180270671844
K04453.02,10729472,0,FALSE POSITIVE,0.83442282,131.7827,1.873,50.9,,0.25
K03832.01,7620660,0,FALSE POSITIVE,5.36652724,134.86398,8.367,3122.5,,0.25
K02707.02,5480640,1,CONFIRMED,14.4252635,136.75608,3.754,221.2,,0.0433729812502861
K02045.02,6026438,1,CONFIRMED,24.2101973,141.4698,4.046,458.0,,0.02785327658057213
K00923.01,8883593,1,CONFIRMED,5.743469797,174.898924,3.4412,1240.2,,0.09985833615064621
K03346.01,11241912,1,CONFIRMED,14.42735088,138.84024,4.857,117.0,,0.05610870569944382
K06386.01,4078693,0,FALSE POSITIVE,2.756536015,133.025652,1.5908,3590.8,,0.09618351608514786
K01700.01,7220429,1,CONFIRMED,8.03753796,139.3582,2.9118,286.5,,0.060379184782505035
K08080.01,12453855,0,FALSE POSITIVE,0.559643825,131.517134,0.677,1812.6,,0.2016163319349289
K04415.01,7777522,0,FALSE POSITIVE,0.885129679,131.88274,3.156,177.3,,0.25
K03757.01,6863161,0,FALSE POSITIVE,1.98663794,133.311523,4.7585,63156.0,,0.25
K07147.01,9210828,0,FALSE POSITIVE,0.82820657,131.581313,2.70353,118533.0,,0.25
K02101.01,9411412,1,CONFIRMED,2.892216772,132.87726,1.3596,360.5,,0.07834820449352264
K02587.01,5546691,1,CONFIRMED,12.9462567,139.4165,9.568,168.7,,0.12317588925361633
K05054.01,4276114,0,FALSE POSITIVE,3.722404453,133.56824,2.5214,55368.0,,0.11289297789335251
K07899.01,8587439,0,FALSE POSITIVE,8.39140024,139.02864,1.193,134.4,,0.023694893345236778
K07462.01,11616200,0,FALSE POSITIVE,1.718649321,132.21092,3.94095,190567.0,,0.25
K00236.01,8453211,0,FALSE POSITIVE,5.77675928,143.09616,6.789,3522.5,,0.19587107002735138
K05271.01,6364064,0,FALSE POSITIVE,5.24331899,132.7859,11.137,106.8,,0.25
K00156.01,10925104,1,CONFIRMED,8.041347775,143.038292,2.6332,591.0,,0.05457625910639763
K08233.01,12012872,0,FALSE POSITIVE,14.395425,140.977,5.12,115.4,,0.05927809327840805
K03601.01,9613070,0,FALSE POSITIVE,2.33211505,132.19683,2.96723,105949.0,,0.21205571293830872
K00877.02,7287995,1,CONFIRMED,12.03987488,181.22536,2.7363,1250.6,,0.03787830099463463
K01479.01,9842890,0,FALSE POSITIVE,4.9883872,358.2335,9.142,638.2,,0.25
K02938.01,7821010,0,FALSE POSITIVE,24.238241803,136.6165689,4.16665,461962.0,,0.028650661930441856
K02842.03,8733898,1,CONFIRMED,3.036208739,134.06146,0.9324,1820.5,,0.051182251423597336
K07822.01,7199724,0,FALSE POSITIVE,0.566795586,131.83245,4.124,39.4,,0.25
K07495.01,11922782,0,FALSE POSITIVE,1.756466865,132.030299,4.7781,188219.0,,0.25
K04578.01,9652655,0,FALSE POSITIVE,2.48882685,132.12332,3.487,80.2,,0.23351028561592102
K00825.02,5252423,1,CONFIRMED,4.71510843,134.96178,2.506,417.5,,0.08858050405979156
K07285.01,10093664,0,FALSE POSITIVE,1.20693963,132.63953,6.881,20.0,,0.25
K03997.01,2442359,0,FALSE POSITIVE,0.552834211,131.75468,1.2887,145.7,,0.25
K00969.01,4044005,0,FALSE POSITIVE,17.512014768,174.282592,1.8248,4511.7,,0.017367124557495117
K00719.04,9950612,1,CONFIRMED,4.159816554,133.78616,1.6261,160.3,,0.06515111029148102
K00489.01,2576197,0,FALSE POSITIVE,2.217038096,171.69587,1.8575,543.7,,0.1396382600069046
K02893.01,9520443,0,FALSE POSITIVE,0.99014722,132.02928,0.9394,321.1,,0.158124640583992
K07710.01,4851283,0,FALSE POSITIVE,1.23517588,131.9561,5.476,232.9,,0.25
K04032.04,7100673,1,CONFIRMED,5.10110666,132.42955,2.657,65.1,,0.08681122958660126
K06275.01,2450716,0,FALSE POSITIVE,1.38607973,131.5931,8.7,64.6,,0.25
K07193.01,9579789,0,FALSE POSITIVE,2.17814186,132.02946,1.988,127.7,,0.15211743116378784
K02411.01,8073806,1,CONFIRMED,11.96407399,133.15804,4.526,784.2,,0.06304987519979477
K07297.01,10215422,0,FALSE POSITIVE,24.847087207,154.1275658,7.28274,317670.0,,0.048850394785404205
K02768.01,9008737,1,CONFIRMED,11.8288843,137.6991,3.337,191.0,,0.04701767861843109
K01939.01,7045496,1,CONFIRMED,13.47472742,133.48999,2.5995,729.6,,0.03215278312563896
K05180.01,5565261,0,FALSE POSITIVE,2.362348096,131.705479,3.5979,724.7,,0.25
K03289.01,5360974,0,FALSE POSITIVE,29.8042694,150.6786,3.107,1046.5,,0.017374468967318535
K03271.01,7285757,1,CONFIRMED,19.5489666,149.78882,1.78,523.8,,0.01517556793987751
K02977.02,11090556,1,CONFIRMED,4.13827684,133.2285,3.449,63.8,,0.13890644907951355
K00500.03,4852528,1,CONFIRMED,3.072146607,134.030017,1.8732,539.0,,0.10162275284528732
K05804.01,10551346,0,FALSE POSITIVE,1.42796645,132.604851,12.8653,6012.3,,0.25
K02766.01,4677282,0,FALSE POSITIVE,1.572181216,131.77456,7.219,219.5,,0.25
K00250.01,9757613,1,CONFIRMED,12.282998287,170.39809,2.7096,2794.7,,0.03676626831293106
K03984.01,8036287,1,CONFIRMED,1.44445234,132.80685,0.9753,200.7,,0.11253400146961212
K00337.01,10545066,1,CONFIRMED,19.7830259,177.72013,5.4898,373.2,,0.04625008627772331
K03662.01,12459731,0,FALSE POSITIVE,14.180228311,143.127623,4.5344,172737.0,,0.05329486355185509
K06314.01,3245000,0,FALSE POSITIVE,20.413812,148.5092,5.806,496.4,,0.04740254580974579
K03326.01,11093538,0,FALSE POSITIVE,14.77820911,144.09725,5.395,10774.0,,0.06084408983588219
K07175.01,9466042,0,FALSE POSITIVE,9.2742685,133.599,13.39,,,0.24062994122505188
K01106.02,3240158,1,CONFIRMED,15.9868932,137.5964,4.158,178.5,,0.04334801062941551
K03581.01,8263746,0,FALSE POSITIVE,10.9938268,138.805226,5.0746,419208.0,,0.07693105190992355
K02731.01,4072333,0,FALSE POSITIVE,2.007750531,132.57843,2.0715,352.0,,0.17195861041545868
K05015.01,3848919,0,FALSE POSITIVE,0.52363021,131.7669254,3.45121,367102.0,,0.25
K08023.01,10535926,0,FALSE POSITIVE,0.93373591,132.46,4.517,35.1,,0.25
K03023.01,7732285,0,FALSE POSITIVE,4.39049637,134.12735,3.0112,113.5,,0.11430750042200089
K00474.04,10460984,1,CONFIRMED,5.03505665,132.65597,1.804,151.5,,0.059714652597904205
K04516.01,9849884,0,FALSE POSITIVE,5.35745121,131.62784,2.592,78.2,,0.08063536137342453
K06279.01,2570505,0,FALSE POSITIVE,1.89129338,132.6698,5.677,33.8,,0.25
K01098.01,3240706,0,FALSE POSITIVE,5.48990788,134.10438,4.02,598.9,,0.12204211950302124
K00165.01,9527915,1,CONFIRMED,13.22175358,139.570627,2.7884,876.5,,0.03514914587140083
K08086.01,2712825,0,FALSE POSITIVE,18.384953,133.39,5.92,92.9,,0.05366707593202591
K02951.01,4991208,1,CONFIRMED,2.44358543,132.80194,1.852,59.1,,0.1263171136379242
K03035.01,6388770,0,FALSE POSITIVE,21.3419702,134.094,10.73,,,0.08379419893026352
K02310.01,11718144,1,CONFIRMED,16.4581861,134.01969,1.9637,435.8,,0.019885746762156487
K02896.01,2853828,0,FALSE POSITIVE,1.077467951,131.58234,2.1125,75.7,,0.25
K03179.01,6153407,1,CONFIRMED,5.99078221,134.53899,1.699,69.9,,0.04726706072688103
K07779.01,6445531,0,FALSE POSITIVE,1.71024931,131.6423,2.833,98.6,,0.25
K01278.01,8609450,1,CONFIRMED,24.8056775,145.07526,6.148,624.4,,0.04130774736404419
K07658.01,3542542,0,FALSE POSITIVE,3.47148164,133.7138,4.679,122.7,,0.2246399074792862
K00880.03,7366258,1,CONFIRMED,5.902245782,136.78393,2.9003,702.3,,0.08189820498228073
K03621.01,9775253,0,FALSE POSITIVE,4.39451798,133.62094,2.9527,223616.0,,0.11198422312736511
K00663.01,6425957,1,CONFIRMED,2.755637216,170.845854,1.8559,536.7,,0.11224868893623352
K03670.01,2167890,0,FALSE POSITIVE,2.64830047,133.034879,2.6395,12668.0,,0.16611282527446747
K03721.01,7763269,0,FALSE POSITIVE,6.40802979,134.0732,2.9288,7784.1,,0.076175257563591
K06232.01,10973583,0,FALSE POSITIVE,6.256352128,133.543181,2.3512,3289.3,,0.06263500452041626
K00274.01,8077137,1,CONFIRMED,15.0896415,175.95371,4.3349,77.8,,0.0478794239461422
K01800.01,11017901,1,CONFIRMED,7.794302043,137.260385,1.1081,3387.4,,0.023694658651947975
K03090.01,6609270,1,CONFIRMED,3.82223397,132.14965,1.924,362.7,,0.08389509469270706
K01488.01,9589323,1,CONFIRMED,3.949627144,134.61096,1.5485,807.2,,0.06534372270107269
K00403.01,4247092,0,FALSE POSITIVE,21.05647572,171.133613,1.238,1293.6,,0.009799043647944927
K00899.03,7907423,1,CONFIRMED,15.36845737,147.38965,2.4714,756.1,,0.02680164948105812
K01382.01,9446824,0,FALSE POSITIVE,4.20233673,179.533899,3.6973,45982.0,,0.14663666486740112
K04562.01,8652360,0,FALSE POSITIVE,0.96807117,132.44697,1.677,104.8,,0.25
K07293.01,10189523,0,FALSE POSITIVE,1.013922622,132.414157,1.6393,34957.0,,0.25
K03222.01,10338624,0,FALSE POSITIVE,0.607538435,131.70989,5.549,34.9,,0.25
K03611.01,6675060,0,FALSE POSITIVE,10.443341795,133.62903,3.94077,145294.0,,0.06289126724004745
K06109.02,4144236,0,FALSE POSITIVE,10.0046881,136.47719,2.389,50.6,,0.039798010140657425
K00913.01,8544996,1,CONFIRMED,4.082274889,169.6375652,3.23015,17859.2,,0.13187703490257263
K04365.02,4754831,0,FALSE POSITIVE,25.6416117,152.9007,5.5,126.4,,0.03574918210506439
K06478.01,4947726,0,FALSE POSITIVE,4.726086185,132.9230889,4.39793,181820.0,,0.15509414672851562
K00435.04,11709124,1,CONFIRMED,3.93276627,134.64964,2.9403,234.9,,0.12460694462060928
K06744.01,6610433,0,FALSE POSITIVE,0.92098747,131.87056,2.04,,,0.25
K06567.01,5347784,0,FALSE POSITIVE,9.58405667,138.8710106,6.82752,119630.0,,0.11873051524162292
K02948.01,6356692,1,CONFIRMED,11.39169531,141.55983,5.0,51.0,,0.07315270602703094
K02709.01,4180401,0,FALSE POSITIVE,15.4126766,144.9757,3.402,599.8,,0.03678790107369423
K06280.01,2570767,0,FALSE POSITIVE,1.89124453,132.6958,5.08,31.0,,0.25
K05441.01,7900450,0,FALSE POSITIVE,25.4805211,145.4404,10.701,159.0,,0.06999464333057404
K00581.01,8822216,1,CONFIRMED,6.996926239,175.914281,2.7374,1317.4,,0.06520482152700424
K03926.01,11667548,0,FALSE POSITIVE,0.831741499,132.074741,2.297,1231.1,,0.25
K00194.01,10904857,1,CONFIRMED,3.120828136,139.466594,2.1878,16456.0,,0.11683864891529083
K01694.01,6699368,0,FALSE POSITIVE,3.690317047,131.542094,1.3784,465.5,,0.06225300580263138
K02395.01,4829935,0,FALSE POSITIVE,16.9329284,132.15407,1.218,488.3,,0.011988475918769836
K07794.01,6863187,0,FALSE POSITIVE,1.99492332,133.4406,5.898,77.7,,0.25
K01285.01,10599397,0,FALSE POSITIVE,0.937406378,134.726531,1.9515,5079.6,,0.25
K08044.01,11145726,0,FALSE POSITIVE,0.619618218,131.7585541,1.2517,50.3,,0.25
K04669.01,2720828,0,FALSE POSITIVE,1.71659304,131.6976,1.154,138.0,,0.11204364150762558
K00224.01,5547480,0,FALSE POSITIVE,3.979867514,132.071233,2.3607,907.6,,0.09886007755994797
K07186.01,9536048,0,FALSE POSITIVE,3.71186243,132.6486,1.032,53.9,,0.046337924897670746
K02825.01,9591070,0,FALSE POSITIVE,0.764174368,131.68497,2.346,100.2,,0.25
K03644.02,12216706,0,FALSE POSITIVE,0.73553763,131.5246162,2.0,,,0.25
K06481.01,4949214,0,FALSE POSITIVE,0.922030594,132.076361,4.367,13859.0,,0.25
K01635.01,10487119,0,FALSE POSITIVE,3.374684854,131.769948,4.48335,80917.0,,0.22142067551612854
K08003.01,10340212,0,FALSE POSITIVE,0.93374894,131.526,4.637,226.2,,0.25
K03685.02,8494410,1,CONFIRMED,7.2593226,131.71082,6.1394,247.5,,0.1409543752670288
K07075.01,8690001,0,FALSE POSITIVE,19.35954117,134.25201,12.8464,386979.0,,0.11059490591287613
K01735.01,3446451,0,FALSE POSITIVE,0.64234875,131.910695,1.3699,103.7,,0.25
K03399.01,6359802,0,FALSE POSITIVE,14.15402615,144.17685,4.115,21653.0,,0.048454999923706055
K04422.02,10155321,0,FALSE POSITIVE,0.71059239,132.08465,4.92,280.6,,0.25
K02041.01,5024482,0,FALSE POSITIVE,1.5259105,132.7061,3.114,83.9,,0.25
K00382.01,3231137,0,FALSE POSITIVE,3.900140077,172.37193,3.77,543.1,,0.16110531985759735
K06886.01,7541746,0,FALSE POSITIVE,4.1747072,134.604,11.13,,,0.25
K01337.01,4243911,1,CONFIRMED,1.922799706,134.50174,1.8604,259.7,,0.16125790774822235
K06414.01,4445630,0,FALSE POSITIVE,5.627911313,133.1491782,7.08223,434329.0,,0.20973530411720276
K06850.01,7280953,0,FALSE POSITIVE,0.56680208,131.7056,1.22,,,0.25
K04038.01,7773179,0,FALSE POSITIVE,2.15681538,133.27151,5.115,106.5,,0.25
K02130.01,2161536,1,CONFIRMED,16.85592593,138.26808,2.309,871.5,,0.022830743342638016
K01413.02,9006449,1,CONFIRMED,21.5262958,132.28787,8.392,190.0,,0.06497479230165482
K03398.01,3561464,1,CONFIRMED,7.31945294,137.22065,4.881,166.8,,0.11114218831062317
K02195.01,11401767,1,CONFIRMED,20.0545282,136.56587,7.173,305.4,,0.059612471610307693
K02658.01,8547429,1,CONFIRMED,11.6601667,140.62189,5.882,181.0,,0.08407541364431381
K05220.01,5986270,0,FALSE POSITIVE,1.534679933,132.331163,1.7237,456.6,,0.18719430267810822
K02628.01,10070468,1,CONFIRMED,1.68189051,133.07951,2.992,83.2,,0.25
K08153.01,8129641,0,FALSE POSITIVE,0.808106001,131.69026,3.9174,7676.4,,0.25
K08028.01,10616829,0,FALSE POSITIVE,1.072934147,132.293066,4.50475,96883.0,,0.25
K07257.01,9936698,0,FALSE POSITIVE,2.856085147,133.39298,4.5776,173843.0,,0.25
K00279.02,12314973,1,CONFIRMED,15.4130812,136.94324,6.6358,264.3,,0.0717550665140152
K02263.02,8613535,1,CONFIRMED,9.47850818,140.16526,6.154,184.6,,0.10820971429347992
K07787.01,6590307,0,FALSE POSITIVE,1.33253834,132.066,3.737,62.4,,0.25
K04278.01,4861784,0,FALSE POSITIVE,5.62978034,136.8349,5.847,379.2,,0.17309734225273132
K06956.01,8039925,0,FALSE POSITIVE,20.2594232,141.4275,19.27,82.6,,0.15852704644203186
K02533.01,11074835,1,CONFIRMED,6.03355539,137.121,10.049,89.5,,0.25
K07702.01,4730442,0,FALSE POSITIVE,1.71051215,131.65812,1.284,42.2,,0.1251087337732315
K04807.01,9822284,0,FALSE POSITIVE,0.969824139,132.28429,0.783,23.1,,0.1345604807138443
K04157.01,4548098,1,CONFIRMED,3.82315697,133.06936,2.388,47.2,,0.10410244762897491
K03624.01,8177798,0,FALSE POSITIVE,1.450205839,131.985523,3.6373,25883.7,,0.25
K00082.02,10187017,1,CONFIRMED,10.31174786,134.07991,3.1818,275.9,,0.051426779478788376
K02936.01,10880507,1,CONFIRMED,6.4802138,132.8598,3.27,142.0,,0.08410216122865677
K03603.01,5730394,0,FALSE POSITIVE,5.519188936,134.470023,7.1351,217073.0,,0.21546341478824615
K02794.01,5428668,0,FALSE POSITIVE,0.703399912,131.65929,0.823,531.4,,0.19500523805618286
K02704.01,9730163,1,CONFIRMED,4.871223664,133.64255,1.5916,6462.0,,0.05445585772395134
K07536.01,12470530,0,FALSE POSITIVE,8.207257515,135.8249178,4.23835,391305.0,,0.08606915175914764
K06720.01,6471230,0,FALSE POSITIVE,1.752450163,132.8015023,3.0255,55.5,,0.25
K01978.01,9518318,1,CONFIRMED,6.51112385,131.70646,1.6919,695.1,,0.04330793395638466
K06525.01,5115379,0,FALSE POSITIVE,4.2055797,132.1233,19.4,100.5,,0.25
K01254.01,8454250,0,FALSE POSITIVE,5.082722475,137.26075,5.9139,1974.1,,0.19392167031764984
K04231.01,6383595,0,FALSE POSITIVE,24.9097436,143.0403,3.856,150.2,,0.025799810886383057
K01649.01,11337141,1,CONFIRMED,4.04355245,131.62995,1.965,416.2,,0.08099313825368881
K05992.01,3971315,0,FALSE POSITIVE,9.892240848,136.693856,4.1774,5283.2,,0.070381760597229
K06989.01,8195877,0,FALSE POSITIVE,0.75509861,131.962107,2.6423,60334.0,,0.25
K01520.01,9765975,1,CONFIRMED,18.45848388,138.1635,3.3703,535.3,,0.03043135441839695
K07168.01,9394920,0,FALSE POSITIVE,1.38385822,132.762,1.0,,,0.12043622881174088
K01038.01,6153201,0,FALSE POSITIVE,0.530300102,354.985736,2.8502,3040.0,,0.25
K02648.01,2573056,0,FALSE POSITIVE,0.631795416,132.53963,1.0703,145.2,,0.25
K00906.01,8226994,1,CONFIRMED,7.15681552,174.13511,2.5882,867.0,,0.06027354672551155
K07163.01,9344623,0,FALSE POSITIVE,14.759477667,139.7828128,9.7746,357470.0,,0.11037653684616089
K01973.01,4917596,1,CONFIRMED,3.290114076,133.15709,1.5151,645.3,,0.07675012201070786
K04047.01,9655005,0,FALSE POSITIVE,1.39862757,132.65615,9.625,45.5,,0.25
K03942.01,6019872,0,FALSE POSITIVE,1.485898163,132.74414,2.446,224.6,,0.25
K06713.01,6449291,0,FALSE POSITIVE,5.7768734,133.6218,5.762,71.0,,0.16623756289482117
K04295.01,7596240,1,CONFIRMED,13.3997555,131.84235,3.534,167.3,,0.043956026434898376
K03665.01,7812175,0,FALSE POSITIVE,17.79391159,134.035628,4.3194,93395.0,,0.04045765846967697
K00736.02,10340423,1,CONFIRMED,6.73893544,135.28218,2.813,601.3,,0.06957083195447922
K03243.01,9821151,0,FALSE POSITIVE,8.42943991,132.29198,2.441,89.1,,0.048263389617204666
K02523.01,7778767,1,CONFIRMED,13.0313583,144.11544,4.521,573.3,,0.05782205983996391
K06688.01,6311637,0,FALSE POSITIVE,1.620813697,132.727367,5.9968,121323.0,,0.25
K07664.01,3732972,0,FALSE POSITIVE,1.540398683,131.99063,1.5676,73.0,,0.16960977017879486
K00912.01,8505670,1,CONFIRMED,10.8484518,171.80584,2.9993,1675.6,,0.046078771352767944
K07047.01,8488876,0,FALSE POSITIVE,5.801881299,136.9821453,4.21133,34469.8,,0.12097599357366562
K04855.01,9827596,0,FALSE POSITIVE,1.45728997,131.5882,3.582,71.3,,0.25
K00601.01,10973664,1,CONFIRMED,5.40426917,172.18553,2.5315,860.6,,0.0780709907412529
K01563.03,5219234,1,CONFIRMED,3.20539622,354.63069,2.143,453.6,,0.11142668128013611
K06895.01,7630658,0,FALSE POSITIVE,1.075577069,131.558551,4.11779,140584.0,,0.25
K03636.01,5649206,0,FALSE POSITIVE,2.446736567,133.968534,5.0201,415859.0,,0.25
K02574.01,9474493,0,FALSE POSITIVE,0.512581697,132.80609,1.5789,259.1,,0.25
K04117.01,3955817,1,CONFIRMED,4.24263096,135.0304,2.582,187.6,,0.10143077373504639
K07001.01,8244295,0,FALSE POSITIVE,1.09206792,132.1066,1.646,105.9,,0.25
K06743.01,6610219,0,FALSE POSITIVE,11.300987626,801.4552005,10.5199,325703.0,,0.15514720976352692
K06503.02,5036530,0,FALSE POSITIVE,1.36513839,132.0907941,1.86,,,0.2270832061767578
K00941.02,9480189,1,CONFIRMED,2.382652873,170.66626,1.8888,705.4,,0.13212163746356964
K00794.01,2713049,1,CONFIRMED,2.539183147,169.67494,2.4282,382.1,,0.15938197076320648
K03059.01,10554967,0,FALSE POSITIVE,0.53633519,131.71447,1.0547,444.1,,0.25
K01752.01,8127586,0,FALSE POSITIVE,16.6094904,147.61311,3.189,272.9,,0.031999778002500534
K07406.01,11073223,0,FALSE POSITIVE,11.578946873,131.7977742,4.6373,299739.0,,0.06674902141094208
K06430.01,4587448,0,FALSE POSITIVE,2.23416013,131.7973,2.12,,,0.15815040469169617
K04942.01,2452289,0,FALSE POSITIVE,6.0353643,133.1818,9.211,47.2,,0.25
K06827.01,7116226,0,FALSE POSITIVE,0.566801325,131.82499,4.176,92.1,,0.25
K01163.02,10468940,1,CONFIRMED,8.01500821,134.8277,3.0137,363.0,,0.0626678466796875
K01985.01,8142942,1,CONFIRMED,5.756245244,133.903421,1.071,623.6,,0.031009797006845474
K00720.04,9963524,1,CONFIRMED,2.79590004,132.72971,2.056,383.7,,0.12256041169166565
K01072.01,8229696,1,CONFIRMED,10.12805158,139.1159,3.517,477.4,,0.05787556245923042
K01650.01,11337372,1,CONFIRMED,6.53194024,136.03223,3.3351,771.9,,0.08509722352027893
K01062.01,6147122,0,FALSE POSITIVE,15.45158184,142.21096,2.406,85.3,,0.025952035561203957
K00283.02,5695396,1,CONFIRMED,25.5172744,154.4165,4.735,66.8,,0.030926762148737907
K01766.01,3654950,0,FALSE POSITIVE,4.067371428,134.316022,5.8962,63446.7,,0.24160566926002502
K02038.04,8950568,1,CONFIRMED,25.2149143,152.6912,5.76,174.1,,0.03807270526885986
K07488.01,11873171,0,FALSE POSITIVE,0.734426409,131.92972,1.569,94.1,,0.25
K02362.02,8495415,1,CONFIRMED,11.08507658,355.03627,1.751,771.8,,0.026326686143875122
K01891.01,8680979,1,CONFIRMED,15.95541913,143.30236,3.9851,762.6,,0.041627444326877594
K06236.01,11252617,0,FALSE POSITIVE,4.478116695,132.8719936,3.357,117981.0,,0.1249409168958664
K07302.01,10268809,0,FALSE POSITIVE,24.70932686,138.996552,5.0698,29265.0,,0.034196265041828156
K01545.02,5282049,0,FALSE POSITIVE,5.91039905,132.7277844,3.85,,,0.10856571048498154
K06292.01,2720354,0,FALSE POSITIVE,2.821328194,131.680097,5.02692,64776.0,,0.25
K00389.01,3847708,0,FALSE POSITIVE,3.741231778,171.70626,2.469,419.0,,0.10999051481485367
K06345.01,3558803,0,FALSE POSITIVE,1.353414369,131.67312,13.416,610.2,,0.25
K00877.03,7287995,1,CONFIRMED,20.83762895,132.08488,2.3734,439.0,,0.01898328587412834
K03688.01,5020034,0,FALSE POSITIVE,2.119107262,132.58903,7.5384,124646.0,,0.25
K00266.01,7375348,1,CONFIRMED,25.30893566,171.50611,5.7704,153.7,,0.037999752908945084
K02654.01,9664142,1,CONFIRMED,13.5631157,140.65364,5.438,336.4,,0.06682338565587997
K04143.01,10294509,0,FALSE POSITIVE,1.85447373,132.50369,2.665,306.8,,0.2395108938217163
K03046.01,8161830,0,FALSE POSITIVE,1.10118564,132.61692,5.2,,,0.25
K00199.02,10019708,0,FALSE POSITIVE,8.78458274,135.37812,6.459,210.8,,0.12254423648118973
K00046.02,10905239,1,CONFIRMED,6.02977241,132.48162,3.961,54.6,,0.10948450863361359
K03303.01,7510820,1,CONFIRMED,29.3493852,148.46564,4.313,659.2,,0.024492278695106506
K05206.01,5858519,0,FALSE POSITIVE,4.18236124,134.053289,6.70175,193983.0,,0.25
K07631.01,2308411,0,FALSE POSITIVE,0.983304511,132.48478,1.78,79.9,,0.25
K01557.04,5371776,1,CONFIRMED,1.499144441,133.07022,1.4259,258.9,,0.15852375328540802
K04733.01,9021075,1,CONFIRMED,7.28116667,132.7518,2.716,333.8,,0.062169525772333145
K00766.01,11403044,1,CONFIRMED,4.125543472,169.752585,3.1744,1487.3,,0.12824168801307678
K02494.01,7047207,1,CONFIRMED,19.1187425,138.42824,6.805,217.5,,0.05932224169373512
K04075.01,7777471,0,FALSE POSITIVE,0.885131111,131.8742,3.377,93.2,,0.25
K04381.01,9851360,0,FALSE POSITIVE,8.4805019,135.8339,8.345,164.9,,0.1640036553144455
K03052.02,8827575,1,CONFIRMED,15.6112238,144.8735,3.873,113.5,,0.04134845733642578
K00248.04,5364071,1,CONFIRMED,18.59611518,141.26331,2.3052,813.8,,0.02066022902727127
K02150.01,3229150,1,CONFIRMED,18.5084526,131.54555,6.596,758.9,,0.05939628556370735
K00412.01,5683743,1,CONFIRMED,4.147021189,170.325835,2.8997,3680.7,,0.11653746664524078
K01324.01,4551328,0,FALSE POSITIVE,0.52205862,133.138446,2.0847,1381.3,,0.25
K00637.01,5098444,0,FALSE POSITIVE,26.94927489,177.968689,10.6977,19963.9,,0.06615947932004929
K07597.01,8846809,0,FALSE POSITIVE,0.778705577,131.64448,6.445,54.5,,0.25
K03058.01,8192911,0,FALSE POSITIVE,7.53887442,135.3319,3.147,342.1,,0.06957271695137024
K00936.02,9388479,1,CONFIRMED,0.893040969,134.540342,1.0981,741.7,,0.20493647456169128
K03865.01,5535890,0,FALSE POSITIVE,3.255189932,134.6015,2.7117,119.2,,0.13883982598781586
K02061.01,12061969,1,CONFIRMED,14.092583189,141.1447066,4.1536,530.4,,0.04912276566028595
K03501.01,6286161,0,FALSE POSITIVE,14.541781166,144.269401,9.1151,143645.0,,0.10447023808956146
K02588.01,12156347,1,CONFIRMED,5.77957133,136.53014,2.5213,396.6,,0.07270723581314087
K04337.01,8573193,1,CONFIRMED,8.18504859,134.554,4.673,97.6,,0.09515317529439926
K01276.02,8804283,1,CONFIRMED,13.26079792,139.0988,3.912,199.4,,0.04916748031973839
K07058.01,8559863,0,FALSE POSITIVE,22.470494368,143.284831,7.39097,45979.0,,0.05481981486082077
K04599.01,7335972,0,FALSE POSITIVE,0.579770948,132.081304,1.0377,467.9,,0.25
K02274.01,7960980,1,CONFIRMED,9.98970266,133.76102,3.7,988.4,,0.06173023208975792
K04414.01,4579598,0,FALSE POSITIVE,0.866346,131.6286,2.011,116.4,,0.25
K02913.01,9693006,1,CONFIRMED,2.88878583,132.33651,2.977,40.9,,0.17175613343715668
K07654.01,3353454,0,FALSE POSITIVE,1.6911935,132.93323,9.479,2801.0,,0.25
K03140.01,5978170,1,CONFIRMED,5.68879083,131.6672,2.55,241.5,,0.07470832020044327
K00896.02,7825899,1,CONFIRMED,6.308201629,174.047661,2.9785,1328.5,,0.07869385182857513
K01849.01,9735426,1,CONFIRMED,8.08801663,138.73516,1.8334,952.9,,0.03778017312288284
K02809.01,7428316,0,FALSE POSITIVE,7.12684695,137.42807,3.179,206.3,,0.07434330135583878
K01600.01,4860932,0,FALSE POSITIVE,12.36564669,140.92029,3.644,388.4,,0.04911456257104874
K04620.01,11137065,0,FALSE POSITIVE,0.933732791,131.53707,3.056,96.9,,0.25
K07347.01,10597164,0,FALSE POSITIVE,4.5638537,133.2096,13.05,71.9,,0.25
K05841.01,10920086,0,FALSE POSITIVE,3.21318517,132.044475,15.47,2046.1,,0.25
K03817.01,5636642,0,FALSE POSITIVE,0.933489066,132.101834,1.41864,14259.0,,0.25
K00720.01,9963524,1,CONFIRMED,5.69059163,174.04885,2.557,1384.3,,0.07488969713449478
K06578.01,5444392,0,FALSE POSITIVE,0.759764419,131.7927631,5.72501,393266.0,,0.25
K07012.01,8296467,0,FALSE POSITIVE,10.303356001,137.1682892,5.98633,520067.0,,0.09683462977409363
K07307.01,10292465,0,FALSE POSITIVE,1.35337091,131.936954,2.2396,104562.0,,0.25
K07627.01,2140389,0,FALSE POSITIVE,0.967427812,132.258305,5.8883,9127.8,,0.25
K00733.01,10271806,1,CONFIRMED,5.924993927,169.71629,2.8874,1608.1,,0.08122090250253677
K00150.01,7626506,1,CONFIRMED,8.408878137,134.006366,3.4967,798.9,,0.06930571794509888
K02845.01,10591855,1,CONFIRMED,1.574090323,131.86116,1.5796,224.9,,0.16725003719329834
K03273.01,5211922,0,FALSE POSITIVE,27.6853358,132.70397,4.661,1660.7,,0.028059378266334534
K02025.01,4636578,1,CONFIRMED,17.84850835,148.39117,5.8919,391.2,,0.05501766875386238
K03684.01,9394601,0,FALSE POSITIVE,0.876826336,132.0647202,3.6097,138366.0,,0.25
K01491.01,9726659,1,CONFIRMED,3.148661555,356.93612,2.1978,550.5,,0.11633514612913132
K07154.01,9286728,0,FALSE POSITIVE,3.04459739,132.4989,7.638,66.1,,0.25
K03158.02,6278762,1,CONFIRMED,4.54586982,131.52442,1.756,76.5,,0.06438078731298447
K00118.01,3531558,1,CONFIRMED,24.99324319,138.68167,5.9409,269.6,,0.03961670771241188
K00954.01,9823457,1,CONFIRMED,8.11528727,174.52257,3.211,834.9,,0.06594549864530563
K04417.02,9597729,0,FALSE POSITIVE,0.87630504,131.95622,1.11,170.9,,0.21111370623111725
K06347.01,3644174,0,FALSE POSITIVE,1.806631432,132.23663,1.102,217.5,,0.10166250169277191
K04851.01,4851239,0,FALSE POSITIVE,1.23512429,132.00059,4.22,15.2,,0.25
K07821.01,7199644,0,FALSE POSITIVE,1.13357304,131.8204,2.849,33.1,,0.25
K06867.01,7366036,0,FALSE POSITIVE,0.566801506,131.7969,1.738,29.5,,0.25
K07585.01,7362450,0,FALSE POSITIVE,0.566807422,131.81547,5.148,26.1,,0.25
K01575.01,5553652,0,FALSE POSITIVE,24.3282251,141.05149,6.158,1120.6,,0.04218693822622299
